product_name,product_url,skuid,brand,category,price,price_tier,mo_sales,mo_revenue,market_share,model,oem_part_number,item_weight,weight_tier,product_dimensions,product_size_tier,amperage,amperage_tier,voltage,country_of_origin,vehicle_service_type
expertpower exp12180 12v 18ah lead acid battery,https://www.amazon.com/ExpertPower-EXP12180-Expert-Power-Lead_Acid_Battery/dp/B00A82A3RK/ref=sr_1_1?dchild=1&qid=1633495479&s=automotive&sr=1-1,B00A82A3RK,ExpertPower,Batteries,38,0-50$,479,18202,0.5327326798221571,EXP12180,NA,11.5,10.1-20pound,7.13 x 3.03 x 6.57 inches,101-200sq.inch,18 Amps,0-20AMP,12 Volts,NA,NA
expertpower 12 volt 20 ah exp12200 rechargeable sla battery,https://www.amazon.com/ExpertPower-EXP12200-Rechargeable-Threaded-Terminals/dp/B00KC39BE6/ref=sr_1_2?dchild=1&qid=1633495479&s=automotive&sr=1-2,B00KC39BE6,ExpertPower,Batteries,40,0-50$,229,9160,0.2680931407082166,EXP12200,EXP12200,11.97,10.1-20pound,7.1 x 6.6 x 3 inches,101-200sq.inch,20 Amps,0-20AMP,12 Volts,China,NA
yuasa yuam72z14 ytz14s battery,https://www.amazon.com/Yuasa-YTZ14S-Lead_Acid_Battery/dp/B0024VFY86/ref=sr_1_3?dchild=1&qid=1633495479&s=automotive&sr=1-3,B0024VFY86,Yuasa,Batteries,144.31,101-200$,165,23811,0.6968958267907583,YUAM72Z14,YTZ14S,6.36,5.1-10pound,5.91 x 3.43 x 4.33 inches,51-100sq.inch,11.8 Amps,0-20AMP,12 Volts,NA,Dirt Bike
yuasa yuam727zs ytz7s battery,https://www.amazon.com/Yuasa-YUAM727ZS-Lead_Acid_Battery/dp/B000UK1054/ref=sr_1_4?dchild=1&qid=1633495479&s=automotive&sr=1-4,B000UK1054,Yuasa,Batteries,103.36,101-200$,137,14160,0.41443219131313835,YUAM727ZS,YUAM727ZS,4.62,2.1-5pound,4.45 x 2.76 x 4.13 inches,51-100sq.inch,6 Amps,0-20AMP,12 Volts,Japan,ATV
expertpower exp1290 12 volt 9 amp rechargeable battery,https://www.amazon.com/ExpertPower-EXP1290-lead_acid_battery/dp/B00A82A3QG/ref=sr_1_5?dchild=1&qid=1633495479&s=automotive&sr=1-5,B00A82A3QG,ExpertPower,Batteries,25.99,0-50$,30,780,0.02282889189436779,EXP1290,NA,5.19,5.1-10pound,5.92 x 2.53 x 3.69 inches,51-100sq.inch,9 Amps,0-20AMP,12 Volts,NA,NA
yuasa yuam6rh4h ytx14h-bs battery,https://www.amazon.com/Yuasa-YUAM6RH4H-YTX14H-BS-Battery/dp/B000N5ST3C/ref=sr_1_6?dchild=1&qid=1633495479&s=automotive&sr=1-6,B000N5ST3C,Yuasa,Batteries,93.99,51-100$,226,21242,0.6217068225899495,YUAM6RH4H,YUAM6RH4H,11.4,10.1-20pound,5.91 x 3.43 x 5.71 inches,101-200sq.inch,9,0-20AMP,12 Volts,USA,NA
acdelco gold atx14lbs 12 month warranty powersports agm jis 14l-bs battery,https://www.amazon.com/ACDelco-ATX14LBS-Specialty-Powersports-Battery/dp/B00BFLW308/ref=sr_1_7?dchild=1&qid=1633495479&s=automotive&sr=1-7,B00BFLW308,ACDelco,Batteries,40.58,0-50$,164,6655,0.19477727635515082,NA,88863879,10.7,10.1-20pound,7.2 x 6.8 x 6.3 inches,2011-500sq.inch,NA,NA,12 Volts,Vietnam,"ATV, Motorcycle, Snowmobile"
yuasa yuam420bs ytx20l battery,https://www.amazon.com/Yuasa-YUAM420BS-YTX20L-Battery/dp/B002VVLV9K/ref=sr_1_8?dchild=1&qid=1633495479&s=automotive&sr=1-8,B002VVLV9K,Yuasa,Batteries,99.99,51-100$,150,14999,0.43898788400464417,YUAM420BS,NA,11.03,10.1-20pound,8.7 x 7.3 x 4.3 inches,2011-500sq.inch,NA,NA,12 Volts,USA,NA
yuasa yuam329bs ytx9-bs battery,https://www.amazon.com/Yuasa-YUAM329BS-YTX9-BS-Battery/dp/B000N5U5VG/ref=sr_1_9?dchild=1&qid=1633495479&s=automotive&sr=1-9,B000N5U5VG,Yuasa,Batteries,71.99,51-100$,113,8135,0.23809363533420766,YUAM329BS,YUAM329BS,7.4,5.1-10pound,9.4 x 6.5 x 6 inches,2011-500sq.inch,NA,NA,12 Volts,USA,ATV
motobatt mbt4bb (12v 2.5 amp) 40cca factory activated quadflex agm battery,https://www.amazon.com/MotoBatt-MBT4BB-Lead_Acid_Battery/dp/B004UX1R1O/ref=sr_1_10?dchild=1&qid=1633495479&s=automotive&sr=1-10,B004UX1R1O,MotoBatt,Batteries,34.03,0-50$,91,3097,0.09064240794468853,MBT4BB,YT4B-BS,1.6,1.1-2pound,4.45 x 3.43 x 1.5 inches,1-50sq.inch,2.5 amp,0-20AMP,12 Volts,China,NA
yuasa yuam62rbh ytx20h-bs battery,https://www.amazon.com/Yuasa-YUAM62RBH-YTX20H-BS-Battery/dp/B000WK4BMQ/ref=sr_1_11?dchild=1&qid=1633495479&s=automotive&sr=1-11,B000WK4BMQ,Yuasa,Batteries,92.73,51-100$,81,7511,0.21983052181871343,YUAM62RBH,YTX20H,13.86,10.1-20pound,6.89 x 3.43 x 6.1 inches,101-200sq.inch,18 Amps,0-20AMP,12 Volts,USA,Cruiser/Touring
yuasa yuam62t7b yt7b-bs battery,https://www.amazon.com/Yuasa-YUAM62T7B-YT7B-BS-Battery/dp/B001T0SYV2/ref=sr_1_12?dchild=1&qid=1633495479&s=automotive&sr=1-12,B001T0SYV2,Yuasa,Batteries,77.6,51-100$,101,7838,0.2294010957282753,YUAM62T7B,YUAM62T7B,5,2.1-5pound,3.6 x 2.5 x 6 inches,51-100sq.inch,NA,NA,12 Volts,Taiwan,NA
power-sonic (ptx5lbs-fs) sealed maintenance free powersport battery,https://www.amazon.com/Power-Sonic-PTX5LBS-FS-Maintenance-Powersport-Battery/dp/B00I1KMLSU/ref=sr_1_13?dchild=1&qid=1633495479&s=automotive&sr=1-13,B00I1KMLSU,Power-Sonic,Batteries,32.35,0-50$,55,1779,0.052067434205231154,PTX5LBS-FS,NA,4.2,2.1-5pound,5 x 4.5 x 3 inches,51-100sq.inch,NA,NA,12 Volts,China,"Street-touring-motorcycles, ATV, Street-sport-motorcycles, Off Road Motorcycle, Scooter, Street-cruiser-motorcycles, Snowmobile, Personal Watercraft"
motobatt mb12u (12v 15 amp) 160cca factory activated quadflex agm battery,https://www.amazon.com/MotoBatt-MB12U-Lead_Acid_Battery/dp/B003YMSDJQ/ref=sr_1_14?dchild=1&qid=1633495479&s=automotive&sr=1-14,B003YMSDJQ,MotoBatt,Batteries,79.41,51-100$,73,5797,0.16966549527134625,NA,"12N124A 12N12A4A1 12N-12A4A-1Y-00, 1UY-82110-60-00 1UY-82110-61-00, 1VJ-82110-61-00 26012-045 26012-1004, 26012-1005 26012-1043 26012-1044, 26012-1050 26012-1061 26012-1070",9.7,5.1-10pound,5.28 x 3.15 x 6.34 inches,101-200sq.inch,15 amp,0-20AMP,12 Volts,China,NA
yuasa yuam720bh ytx20hl battery,https://www.amazon.com/Yuasa-YUAM720BH-Lead_Acid_Battery/dp/B002VVI91I/ref=sr_1_15?dchild=1&qid=1633495479&s=automotive&sr=1-15,B002VVI91I,Yuasa,Batteries,107.99,101-200$,60,6479,0.18962614177385756,YUAM720BH,YTX20HL,15,10.1-20pound,8.75 x 7.25 x 4.5 inches,2011-500sq.inch,NA,NA,12 Volts,USA,NA
power-sonic (ptx14-bs) sealed maintenance free powersport battery,https://www.amazon.com/Power-Sonic-PTX14-BS-Maintenance-Powersport-Battery/dp/B00I1KML9E/ref=sr_1_16?dchild=1&qid=1633495479&s=automotive&sr=1-16,B00I1KML9E,Power-Sonic,Batteries,50.67,51-100$,90,4560,0.13346121415168863,PTX14-BS,NA,10.4,10.1-20pound,7 x 6 x 6 inches,2011-500sq.inch,NA,NA,12 Volts,China,"Street-touring-motorcycles, ATV, Street-sport-motorcycles, Off Road Motorcycle, Scooter, Street-cruiser-motorcycles, Snowmobile, Personal Watercraft"
odyssey pc545 powersports battery red top,https://www.amazon.com/ODYSSEY-PC545-Odyssey-Powersports-Battery/dp/B0002ILK7M/ref=sr_1_17?dchild=1&qid=1633495479&s=automotive&sr=1-17,B0002ILK7M,ODYSSEY,Batteries,111.06,101-200$,87,9662,0.28278558138895077,ODY,PC545,11.37,10.1-20pound,3.15 x 1.69 x 2.72 inches,1-50sq.inch,12 Amps,0-20AMP,12 Volts,USA,"ATV, Motorcycle, Snowmobile, Gyrocopter, Personal Watercraft"
acdelco gold atx14bs 12 month warranty powersports agm jis 14-bs battery,https://www.amazon.com/ACDelco-ATX14BS-Specialty-Powersports-Battery/dp/B007IPKYXS/ref=sr_1_18?dchild=1&qid=1633495479&s=automotive&sr=1-18,B007IPKYXS,ACDelco,Batteries,72.55,51-100$,63,4571,0.13378316006301946,NA,88863514,10.7,10.1-20pound,6.7 x 6.7 x 6.3 inches,2011-500sq.inch,NA,NA,12 Volts,Vietnam,"ATV, Motorcycle, Snowmobile"
yuasa yuam2660b 6n6-3b battery,https://www.amazon.com/Yuasa-YUAM2660B-Lead_Acid_Battery/dp/B000GZRB4W/ref=sr_1_19?dchild=1&qid=1633495479&s=automotive&sr=1-19,B000GZRB4W,Yuasa,Batteries,23.99,0-50$,86,2063,0.06037949227959071,YUAM2660B,NA,1.85,1.1-2pound,5.3 x 5.3 x 2.9 inches,51-100sq.inch,NA,NA,6 Volts,Taiwan,Dirt Bike
yuasa yuam262ac 6n2a-2c battery,https://www.amazon.com/Yuasa-YUAM262AC-Lead_Acid_Battery/dp/B000GU00RC/ref=sr_1_20?dchild=1&qid=1633495479&s=automotive&sr=1-20,B000GU00RC,Yuasa,Batteries,24.99,0-50$,36,900,0.026341029108885913,YUAM262AC,YUAM262AC,0.9,0-1pound,4.3 x 3 x 4.6 inches,51-100sq.inch,NA,NA,6 Volts,Taiwan,Dirt Bike
yuasa yuam26b4b 6n4b-2a battery one size,https://www.amazon.com/Yuasa-YUAM26B4B-Lead_Acid_Battery/dp/B000GZV8BO/ref=sr_1_21?dchild=1&qid=1633495479&s=automotive&sr=1-21,B000GZV8BO,Yuasa,Batteries,28.99,0-50$,30,870,0.025462994805256385,YUAM26B4B,NA,1.7,1.1-2pound,5.5 x 4.5 x 2.7 inches,51-100sq.inch,NA,NA,6 Volts,Taiwan,Dirt Bike
yuasa yuam227cy yb7c-a battery,https://www.amazon.com/Yuasa-YUAM227CY-YB7C-A-Battery/dp/B000GTXZVG/ref=sr_1_22?dchild=1&qid=1633495479&s=automotive&sr=1-22,B000GTXZVG,Yuasa,Batteries,47.49,0-50$,68,3229,0.09450575888065846,YUAM227CY,YUAM227CY,5,2.1-5pound,4.25 x 6 x 5 inches,101-200sq.inch,NA,NA,12 Volts,NA,Dirt Bike
yuasa yuam7230l yix30l battery,https://www.amazon.com/Yuasa-YUAM7230L-Lead_Acid_Battery/dp/B000WJYWG2/ref=sr_1_23?dchild=1&qid=1633495479&s=automotive&sr=1-23,B000WJYWG2,Yuasa,Batteries,120.53,101-200$,60,7232,0.2116648027949588,YUAM7230L,YUAM7230L P105,7.75,5.1-10pound,5 x 6.87 x 6.56 inches,2011-500sq.inch,30 Amps,21-50AMP,12 Volts,NA,Touring
acdelco gold atx20lbs 12 month warranty powersports agm jis 20l-bs battery,https://www.amazon.com/ACDelco-ATX20LBS-Specialty-Powersports-Battery/dp/B007IPL0PY/ref=sr_1_24?dchild=1&qid=1633495479&s=automotive&sr=1-24,B007IPL0PY,ACDelco,Batteries,87.98,51-100$,79,6950,0.20341128034084122,NA,88863518,13.97,10.1-20pound,6.8 x 3.4 x 6 inches,101-200sq.inch,NA,NA,12 Volts,Vietnam,"ATV, Motorcycle, Snowmobile"
yuasa yuam2648a 6n4-2a-8 battery,https://www.amazon.com/Yuasa-YUAM2648A-Lead_Acid_Battery/dp/B000WJYSKW/ref=sr_1_25?dchild=1&qid=1633495512&s=automotive&sr=1-25,B000WJYSKW,Yuasa,Batteries,25.99,0-50$,60,1559,0.0456285159786146,YUAM2648A,YUAM2648A,1.3,1.1-2pound,4.7 x 4.4 x 3.3 inches,51-100sq.inch,NA,NA,6 Volts,Taiwan,Dirt Bike
yuasa yuam720gz lead_acid_battery,https://www.amazon.com/Yuasa-YUAM720GZ-Lead_Acid_Battery/dp/B007GR42AY/ref=sr_1_26?dchild=1&qid=1633495512&s=automotive&sr=1-26,B007GR42AY,Yuasa,Batteries,131.99,101-200$,45,5940,0.173850792118647,YUAM720GZ,NA,15.18,10.1-20pound,6.89 x 3.43 x 6.1 inches,101-200sq.inch,NA,NA,12 Volts,USA,"Motorcycle, Lawn Mower"
yuasa (yuam6219bl) yt19bl-bs sealed battery,https://www.amazon.com/Yuasa-YUAM6219BL-YT19BL-BS-Sealed-Battery/dp/B00JAXXDAM/ref=sr_1_27?dchild=1&qid=1633495512&s=automotive&sr=1-27,B00JAXXDAM,Yuasa,Batteries,119.99,101-200$,39,4680,0.13697335136620675,YUAM6219BL,NA,12,10.1-20pound,9.2 x 8.5 x 5.8 inches,2011-500sq.inch,NA,NA,12 Volts,Taiwan,"Street-touring-motorcycles, ATV, Street-sport-motorcycles, Off Road Motorcycle, Scooter, Street-cruiser-motorcycles, Snowmobile, Personal Watercraft"
yuasa yuam2640b 6n4-2a battery multi-colored,https://www.amazon.com/Yuasa-YUAM2640B-Lead_Acid_Battery/dp/B000GZX9JS/ref=sr_1_28?dchild=1&qid=1633495512&s=automotive&sr=1-28,B000GZX9JS,Yuasa,Batteries,22.99,0-50$,60,1379,0.040360310156837415,YUAM2640B,NA,1.3,1.1-2pound,4.8 x 4.3 x 3.4 inches,51-100sq.inch,NA,NA,6 Volts,Taiwan,Dirt Bike
yuasa yuam7212a ytz12s battery,https://www.amazon.com/Yuasa-YUAM7212A-Lead_Acid_Battery/dp/B000WK0ZA8/ref=sr_1_29?dchild=1&qid=1633495512&s=automotive&sr=1-29,B000WK0ZA8,Yuasa,Batteries,135.53,101-200$,50,6777,0.19834794918991094,YUAM7212A,YTZ12S ( Yuasa ),8,5.1-10pound,3.43 x 4.37 x 6 inches,51-100sq.inch,NA,NA,12 Volts,NA,Scooter
odyssey pc1200 automotive light truck battery,https://www.amazon.com/Odyssey-PC1200-Automotive-Light-Battery/dp/B001BDIWPA/ref=sr_1_30?dchild=1&qid=1633495512&s=automotive&sr=1-30,B001BDIWPA,ODYSSEY,Batteries,289.46,201-400$,90,26051,0.7624557214617632,PC1200,PC1200,26.3,20.1-40pound,1 x 1 x 1 inches,1-50sq.inch,NA,NA,12 Volts,NA,Light Truck
yuasa yuam229by yb9-b battery,https://www.amazon.com/Yuasa-YUAM229BY-YB9-B-Battery/dp/B000GZRAZW/ref=sr_1_31?dchild=1&qid=1633495512&s=automotive&sr=1-31,B000GZRAZW,Yuasa,Batteries,43.4,0-50$,46,1996,0.05841854900148476,YUAM229BY,NA,5.4,5.1-10pound,6 x 5.3 x 4.2 inches,101-200sq.inch,NA,NA,12 Volts,Taiwan,Scooter
yuasa yuam716ghl lead_acid_battery,https://www.amazon.com/Yuasa-YUAM716GHL-lead_acid_battery/dp/B00JAXXDCK/ref=sr_1_32?dchild=1&qid=1633495512&s=automotive&sr=1-32,B00JAXXDCK,Yuasa,Batteries,104.23,101-200$,56,5837,0.17083620767618563,YUAM716GHL,NA,6.36,5.1-10pound,5.91 x 3.43 x 5.71 inches,101-200sq.inch,NA,NA,12 Volts,USA,"Street-touring-motorcycles, ATV, Street-sport-motorcycles, Off Road Motorcycle, Scooter, Street-cruiser-motorcycles, Snowmobile, Personal Watercraft"
yuasa yuam720gh gyz20hl battery,https://www.amazon.com/Yuasa-YUAM720GH-Lead_Acid_Battery/dp/B003RF5AWI/ref=sr_1_33?dchild=1&qid=1633495512&s=automotive&sr=1-33,B003RF5AWI,Yuasa,Batteries,136.49,101-200$,64,8735,0.2556543214067983,YUAM720GH,YUAM720GH,15.62,10.1-20pound,6.89 x 3.43 x 6.1 inches,101-200sq.inch,NA,NA,12 Volts,USA,NA
acdelco gold atz10sbs 12 month warranty powersports agm jis 10s-bs battery,https://www.amazon.com/ACDelco-ATZ10SBS-Specialty-Powersports-Battery/dp/B00BFLVVU6/ref=sr_1_34?dchild=1&qid=1633495512&s=automotive&sr=1-34,B00BFLVVU6,ACDelco,Batteries,49.59,0-50$,40,1984,0.05806733528003294,NA,88863888,7.3,5.1-10pound,6.8 x 6.2 x 6 inches,2011-500sq.inch,NA,NA,12 Volts,Vietnam,"ATV, Motorcycle, Snowmobile"
acdelco gold atx30lbsa 12 month warranty powersports agm jis 30cl-b-bsa battery,https://www.amazon.com/ACDelco-ATX30LBSA-Specialty-Powersports-30CL-B-BSA/dp/B01BYBPWYM/ref=sr_1_35?dchild=1&qid=1633495512&s=automotive&sr=1-35,B01BYBPWYM,ACDelco,Batteries,105.4,101-200$,45,4743,0.13881722340382874,NA,88865573,17.2,10.1-20pound,10 x 8.4 x 7.8 inches,501-1000sq.inch,NA,NA,12 Volts,Vietnam,"ATV, Motorcycle, Snowmobile"
power-sonic (ptz7s) sealed maintenance free powersport battery,https://www.amazon.com/Power-Sonic-PTZ7S-Maintenance-Powersport-Battery/dp/B00I1KMO14/ref=sr_1_36?dchild=1&qid=1633495512&s=automotive&sr=1-36,B00I1KMO14,Power-Sonic,Batteries,58.78,51-100$,30,1763,0.0515991492432954,PTZ7S,NA,3.1,2.1-5pound,5 x 4.5 x 3 inches,51-100sq.inch,6 Amps,0-20AMP,12 Volts,China,"Street-touring-motorcycles, ATV, Street-sport-motorcycles, Off Road Motorcycle, Scooter, Street-cruiser-motorcycles, Snowmobile, Personal Watercraft"
motobatt mb9u (12v 11 amp) 140cca factory activated quadflex agm battery,https://www.amazon.com/MotoBatt-MB9U-Lead_Acid_Battery/dp/B0042LLB88/ref=sr_1_37?dchild=1&qid=1633495512&s=automotive&sr=1-37,B0042LLB88,MotoBatt,Batteries,70.84,51-100$,30,2125,0.062194096507091734,NA,"12N7-3A 12N7-3B 12N7-4A 12N7-4B, 12N7D-3B 12N9-3A 12N9-3A-1 12N9-3B, 12N9-4B-1 YB7-A YB7AA YB7L-A YB7L-B, YB9A YB9A-A YB9A2 YB9-B YB9B2, YB9L-A2 YB9L-B2 YB9L-B",7.4,5.1-10pound,5.35 x 2.99 x 5.24 inches,51-100sq.inch,11 amp,0-20AMP,12 Volts,NA,NA
xs power d5100 xs series 12v 3100 amp agm high output battery with m6 terminal bolt black,https://www.amazon.com/XS-Power-D5100-Battery-Terminal/dp/B005FYJD2M/ref=sr_1_38?dchild=1&qid=1633495512&s=automotive&sr=1-38,B005FYJD2M,XS Power,Batteries,282.04,201-400$,30,8461,0.2476349414336486,D5100,D5100,41,>40pound,12 x 11.5 x 8 inches,>1000sq.inch,3100 amp,>500AMP,12 Volts,NA,NA
yuasa yuam2612d 6n12a-2d battery,https://www.amazon.com/Yuasa-YUAM2612D-Lead_Acid_Battery/dp/B000GZRB10/ref=sr_1_39?dchild=1&qid=1633495512&s=automotive&sr=1-39,B000GZRB10,Yuasa,Batteries,36.49,0-50$,30,1095,0.032048252082477864,YUAM2612D,NA,3.8,2.1-5pound,7.1 x 5.2 x 3.2 inches,101-200sq.inch,NA,NA,6 Volts,Taiwan,Street Bike
yuasa yuam223la yb3l-a battery,https://www.amazon.com/Yuasa-YUAM223LA-YB3L-A-Battery/dp/B000GZX9YS/ref=sr_1_40?dchild=1&qid=1633495512&s=automotive&sr=1-40,B000GZX9YS,Yuasa,Batteries,35.39,0-50$,39,1380,0.0403895779669584,YUAM223LA,NA,2.5,2.1-5pound,2.5 x 5.25 x 5 inches,51-100sq.inch,NA,NA,12 Volts,NA,Dirt Bike
yuasa yuam223lb yb3l-b battery,https://www.amazon.com/Yuasa-YUAM223LB-YB3L-B-Battery/dp/B000GZV8YQ/ref=sr_1_42?dchild=1&qid=1633495512&s=automotive&sr=1-42,B000GZV8YQ,Yuasa,Batteries,35.69,0-50$,30,1071,0.031345824639574235,YUAM223LB,NA,2.5,2.1-5pound,4.75 x 2.5 x 5 inches,51-100sq.inch,NA,NA,12 Volts,Taiwan,Dirt Bike
yuasa yuam2290b 12n9-4b-1 battery,https://www.amazon.com/Yuasa-YUAM2290B-12N9-4B-1-Battery/dp/B000GTW23S/ref=sr_1_43?dchild=1&qid=1633495512&s=automotive&sr=1-43,B000GTW23S,Yuasa,Batteries,37.3,0-50$,39,1455,0.04258466372603222,YUAM2290B,YUAM2290B,2,1.1-2pound,3.5 x 6 x 7 inches,101-200sq.inch,NA,NA,12 Volts,Taiwan,Scooter
yuasa yuam2645a 6n4-2a-5 battery multi-colored,https://www.amazon.com/Yuasa-YUAM2645A-Lead_Acid_Battery/dp/B000GS4EVW/ref=sr_1_44?dchild=1&qid=1633495512&s=automotive&sr=1-44,B000GS4EVW,Yuasa,Batteries,28.2,0-50$,60,1692,0.04952113472470552,YUAM2645A,NA,1,0-1pound,4.7 x 4.3 x 3.3 inches,51-100sq.inch,NA,NA,6 Volts,Taiwan,Dirt Bike
yuasa (yuam62tz5) ytz5s factory activated battery,https://www.amazon.com/Yuasa-YUAM62TZ5-Factory-Activated-Battery/dp/B00JDPR4GQ/ref=sr_1_45?dchild=1&qid=1633495512&s=automotive&sr=1-45,B00JDPR4GQ,Yuasa,Batteries,90.73,51-100$,39,3538,0.10354951220804262,YUAM62TZ5,NA,2.2,2.1-5pound,9 x 7.8 x 6.5 inches,2011-500sq.inch,NA,NA,12 Volts,Indonesia,"Street-touring-motorcycles, Off Road Motorcycle, Scooter"
power-sonic (ptx4b-bs) sealed maintenance free powersport battery,https://www.amazon.com/Power-Sonic-PTX4B-BS-Maintenance-Powersport-Battery/dp/B00I1KMJTQ/ref=sr_1_46?dchild=1&qid=1633495512&s=automotive&sr=1-46,B00I1KMJTQ,Power-Sonic,Batteries,44.29,0-50$,30,1329,0.038896919650788196,PTX4B-BS,NA,2.1,2.1-5pound,5.2 x 4.3 x 3.5 inches,51-100sq.inch,NA,NA,12 Volts,China,"Street-touring-motorcycles, ATV, Street-sport-motorcycles, Off Road Motorcycle, Scooter, Street-cruiser-motorcycles, Snowmobile, Personal Watercraft"
odyssey pc625 powersports battery,https://www.amazon.com/ODYSSEY-PC625-Odyssey-Powersports-Battery/dp/B0000BYEXO/ref=sr_1_47?dchild=1&qid=1633495512&s=automotive&sr=1-47,B0000BYEXO,ODYSSEY,Batteries,140.99,101-200$,31,4371,0.1279295980388226,ODY,PC625,13.2,10.1-20pound,6.7 x 3.9 x 6.89 inches,101-200sq.inch,18 Amps,0-20AMP,12 Volts,NA,"ATV, Motorcycle, Snowmobile, Gyrocopter, Personal Watercraft"
yuasa yuam224lb yb4l-b battery,https://www.amazon.com/Yuasa-YUAM224LB-YB4L-B-Battery/dp/B000GU11VQ/ref=sr_1_48?dchild=1&qid=1633495512&s=automotive&sr=1-48,B000GU11VQ,Yuasa,Batteries,23.79,0-50$,30,714,0.020897216426382825,YUAM224LB,NA,2,1.1-2pound,3 x 4.5 x 6 inches,51-100sq.inch,NA,NA,12 Volts,Taiwan,Dirt Bike
yuasa yuam2614j b38-6a battery,https://www.amazon.com/Yuasa-YUAM2614J-Lead_Acid_Battery/dp/B000GZTAK0/ref=sr_1_49?dchild=1&qid=1633495538&s=automotive&sr=1-49,B000GZTAK0,Yuasa,Batteries,59.19,51-100$,21,1243,0.036379887980383545,YUAM2614J,NA,4.8,2.1-5pound,6.9 x 5.5 x 3.6 inches,101-200sq.inch,NA,NA,6 Volts,Taiwan,Street Bike
yuasa yuam2663b 6n6-3b-1 battery,https://www.amazon.com/Yuasa-YUAM2663B-Lead_Acid_Battery/dp/B000GU011W/ref=sr_1_50?dchild=1&qid=1633495538&s=automotive&sr=1-50,B000GU011W,Yuasa,Batteries,25.39,0-50$,30,762,0.022302071312190072,YUAM2663B,YUAM2663B,1,0-1pound,5.4 x 2.9 x 5.3 inches,51-100sq.inch,NA,NA,6 Volts,Taiwan,Dirt Bike
yuasa yuam22212 yb12al-a2 battery,https://www.amazon.com/Yuasa-YUAM22212-YB12AL-A2-Battery/dp/B000GZV94A/ref=sr_1_51?dchild=1&qid=1633495538&s=automotive&sr=1-51,B000GZV94A,Yuasa,Batteries,51.49,51-100$,30,1545,0.045218766636920815,YUAM22212,YUAM22212,7,5.1-10pound,3.75 x 7 x 6.5 inches,101-200sq.inch,NA,NA,12 Volts,Taiwan,Street Bike
xs power d4700 12v bci group 47 agm battery (max amps 2900a ca: 745 ah: 50 2000w / 3000w),https://www.amazon.com/XS-Power-D4700-Lead_Acid_Battery/dp/B00B7WIKJS/ref=sr_1_52?dchild=1&qid=1633495538&s=automotive&sr=1-52,B00B7WIKJS,XS Power,Batteries,289.99,201-400$,30,8700,0.2546299480525638,D4700,D4700,41.2,>40pound,6.5 x 6.5 x 6.2 inches,2011-500sq.inch,NA,NA,12 Volts,NA,SUV
acdelco gold atx12abs 12 month warranty powersports agm jis 12a-bs battery,https://www.amazon.com/ACDelco-ATX12ABS-Specialty-Powersports-Battery/dp/B01BYBPSRI/ref=sr_1_53?dchild=1&qid=1633495538&s=automotive&sr=1-53,B01BYBPSRI,ACDelco,Batteries,54.08,51-100$,30,1622,0.04747238801623661,NA,88865571,6.6,5.1-10pound,6.5 x 6.5 x 6.2 inches,2011-500sq.inch,NA,NA,12 Volts,Vietnam,"ATV, Motorcycle, Snowmobile"
yuasa yuam227bb yb7b-b battery,https://www.amazon.com/Yuasa-YUAM227BB-YB7B-B-Battery/dp/B000GZRBUQ/ref=sr_1_54?dchild=1&qid=1633495538&s=automotive&sr=1-54,B000GZRBUQ,Yuasa,Batteries,40.99,0-50$,28,1148,0.033599446018890027,YUAM227BB,YUAM227BB,4,2.1-5pound,5.75 x 2.75 x 7.25 inches,101-200sq.inch,NA,NA,12 Volts,Taiwan,Dirt Bike
yuasa yuam26c4b 6n4c-1b battery,https://www.amazon.com/Yuasa-YUAM26C4B-Lead_Acid_Battery/dp/B000GZV8HS/ref=sr_1_55?dchild=1&qid=1633495538&s=automotive&sr=1-55,B000GZV8HS,Yuasa,Batteries,26.93,0-50$,39,1050,0.030731200627033568,YUAM26C4B,NA,1.72,1.1-2pound,4.7 x 4.4 x 3.6 inches,51-100sq.inch,NA,NA,6 Volts,Taiwan,Dirt Bike
acdelco gold atz7sbs 12 month warranty powersports agm jis 7s-bs battery,https://www.amazon.com/ACDelco-ATZ7SBS-Specialty-Powersports-Battery/dp/B00BFLVUDO/ref=sr_1_57?dchild=1&qid=1633495538&s=automotive&sr=1-57,B00BFLVUDO,ACDelco,Batteries,43.59,0-50$,30,1308,0.038282295638247525,NA,88863887,4.9,2.1-5pound,6 x 5.3 x 4.8 inches,101-200sq.inch,NA,NA,12 Volts,Vietnam,"ATV, Motorcycle, Snowmobile"
yuasa yuam32x61 ytx16-bs-1 battery,https://www.amazon.com/Yuasa-YUAM32X61-YTX16-BS-1-Battery/dp/B000WJYYSS/ref=sr_1_59?dchild=1&qid=1633495538&s=automotive&sr=1-59,B000WJYYSS,Yuasa,Batteries,82.91,51-100$,30,2487,0.07278904377088807,YUAM32X61,K26012-1017,12.6,10.1-20pound,9.5 x 6.75 x 6.25 inches,2011-500sq.inch,NA,NA,12 Volts,NA,ATV
power-sonic (ptx12bs-fs) sealed maintenance free powersport battery,https://www.amazon.com/Power-Sonic-PTX12BS-FS-Maintenance-Powersport-Battery/dp/B00I1KMML6/ref=sr_1_61?dchild=1&qid=1633495538&s=automotive&sr=1-61,B00I1KMML6,Power-Sonic,Batteries,66.4,51-100$,23,1527,0.044691946054743095,PTX12BS-FS,NA,8.6,5.1-10pound,6.1 x 5.5 x 3.7 inches,101-200sq.inch,NA,NA,12 Volts,China,"Street-touring-motorcycles, ATV, Street-sport-motorcycles, Off Road Motorcycle, Scooter, Street-cruiser-motorcycles, Snowmobile, Personal Watercraft"
expertpower 12 volt 18 ah rechargeable battery with nuts & bolts included || exp12180,https://www.amazon.com/ExpertPower-EXP12180-2-lead_acid_battery-2-Pack/dp/B00SDKE9R4/ref=sr_1_62?dchild=1&qid=1633495538&s=automotive&sr=1-62,B00SDKE9R4,ExpertPower,Batteries,84,51-100$,25,2100,0.061462401254067135,EXP12180,RBC7,12,10.1-20pound,7.1 x 6.6 x 3 inches,101-200sq.inch,18 Amps,0-20AMP,12 Volts,NA,Scooter
yuasa yuam2620a 6n2-2a battery,https://www.amazon.com/Yuasa-YUAM2620A-Lead_Acid_Battery/dp/B000GZV89G/ref=sr_1_65?dchild=1&qid=1633495538&s=automotive&sr=1-65,B000GZV89G,Yuasa,Batteries,22.99,0-50$,39,897,0.026253225678522958,YUAM2620A,NA,1,0-1pound,4.6 x 4.3 x 2.8 inches,51-100sq.inch,NA,NA,6 Volts,Taiwan,Scooter
yuasa yuam262c3 6n2a-2c-3 battery multi-colored,https://www.amazon.com/Yuasa-YUAM262C3-Lead_Acid_Battery/dp/B000GZX9PW/ref=sr_1_66?dchild=1&qid=1633495538&s=automotive&sr=1-66,B000GZX9PW,Yuasa,Batteries,24.99,0-50$,23,575,0.016828990819566,YUAM262C3,NA,1,0-1pound,4.8 x 4.3 x 3 inches,51-100sq.inch,NA,NA,6 Volts,Taiwan,Dirt Bike
power-sonic (ptx4lbs-fs) sealed maintenance free powersport battery,https://www.amazon.com/Power-Sonic-PTX4LBS-FS-Maintenance-Powersport-Battery/dp/B00I1KMLTO/ref=sr_1_67?dchild=1&qid=1633495538&s=automotive&sr=1-67,B00I1KMLTO,Power-Sonic,Batteries,24.77,0-50$,38,941,0.02754100932384627,PTX4LBS-FS,NA,2.9,2.1-5pound,5 x 3.75 x 3 inches,51-100sq.inch,NA,NA,12 Volts,China,"Street-touring-motorcycles, ATV, Street-sport-motorcycles, Off Road Motorcycle, Scooter, Street-cruiser-motorcycles, Snowmobile, Personal Watercraft"
power-sonic (ptx14ah-bs) sealed maintenance free powersport battery,https://www.amazon.com/Power-Sonic-PTX14AH-BS-Maintenance-Powersport-Battery/dp/B00I1KML6W/ref=sr_1_68?dchild=1&qid=1633495538&s=automotive&sr=1-68,B00I1KML6W,Power-Sonic,Batteries,78.24,51-100$,40,3130,0.091608245678681,PTX14AH-BS,NA,6,5.1-10pound,7 x 6.25 x 6 inches,2011-500sq.inch,NA,NA,12 Volts,China,"Street-touring-motorcycles, ATV, Street-sport-motorcycles, Off Road Motorcycle, Scooter, Street-cruiser-motorcycles, Snowmobile, Personal Watercraft"
yuasa yuam2620b 6n2-2a-4 battery multi-colored 1,https://www.amazon.com/Yuasa-YUAM2620B-Lead_Acid_Battery/dp/B000WK43GK/ref=sr_1_74?dchild=1&qid=1633495610&s=automotive&sr=1-74,B000WK43GK,Yuasa,Batteries,25.99,0-50$,34,884,0.025872744146950163,YUAM2620B,NA,0.95,0-1pound,4.8 x 4.3 x 2.7 inches,51-100sq.inch,NA,NA,6 Volts,Taiwan,Dirt Bike
yuasa yuam2273b 12n7-3b battery,https://www.amazon.com/Yuasa-YUAM2273B-12N7-3B-Battery/dp/B000GZRB7O/ref=sr_1_75?dchild=1&qid=1633495610&s=automotive&sr=1-75,B000GZRB7O,Yuasa,Batteries,37.29,0-50$,28,1044,0.03055559376630766,YUAM2273B,12N-73BG0-00-00,4.9,2.1-5pound,3.5 x 6 x 6.75 inches,101-200sq.inch,NA,NA,12 Volts,Taiwan,Cruiser/Touring
yuasa yuam2221y yb12al-a battery,https://www.amazon.com/Yuasa-YUAM2221Y-YB12AL-A-Battery/dp/B000GTXZ5C/ref=sr_1_76?dchild=1&qid=1633495610&s=automotive&sr=1-76,B000GTXZ5C,Yuasa,Batteries,51.3,51-100$,30,1539,0.045043159776194906,YUAM2221Y,YUAM2221Y,7,5.1-10pound,3.5 x 7 x 6.5 inches,101-200sq.inch,NA,NA,12 Volts,Taiwan,Scooter
yuasa yuam2644a 6n4-2a-4 battery multi-colored,https://www.amazon.com/Yuasa-YUAM2644A-Lead_Acid_Battery/dp/B000GZX9K2/ref=sr_1_78?dchild=1&qid=1633495610&s=automotive&sr=1-78,B000GZX9K2,Yuasa,Batteries,27.89,0-50$,34,948,0.027745883994693164,YUAM2644A,NA,1.28,1.1-2pound,4.4 x 4.3 x 3.2 inches,51-100sq.inch,NA,NA,6 Volts,Taiwan,Dirt Bike
yuasa yuam22161 yb16b-a1 battery,https://www.amazon.com/Yuasa-YUAM22161-YB16B-A1-Battery/dp/B000GZRBR4/ref=sr_1_85?dchild=1&qid=1633495610&s=automotive&sr=1-85,B000GZRBR4,Yuasa,Batteries,82.47,51-100$,30,2474,0.07240856223931527,YUAM22161,NA,8.4,5.1-10pound,7.4 x 6.2 x 3.9 inches,101-200sq.inch,NA,NA,12 Volts,Taiwan,Street Bike
odyssey pc545mj powersports battery,https://www.amazon.com/ODYSSEY-PC545MJ-Odyssey-Powersports-Battery/dp/B000XS9W9O/ref=sr_1_88?dchild=1&qid=1633495610&s=automotive&sr=1-88,B000XS9W9O,ODYSSEY,Batteries,133.98,101-200$,21,2814,0.08235961768044996,ODY,PC545MJ,12.6,10.1-20pound,NA,NA,12 Amps,0-20AMP,12 Volts,USA,"ATV, Motorcycle, Snowmobile, Gyrocopter, Personal Watercraft"
power-sonic (pix30lbs-fs) sealed maintenance free powersport battery,https://www.amazon.com/Power-Sonic-PIX30LBS-FS-Maintenance-Powersport-Battery/dp/B00I1KMO0U/ref=sr_1_97?dchild=1&qid=1633495653&s=automotive&sr=1-97,B00I1KMO0U,Power-Sonic,Batteries,126.44,101-200$,30,3793,0.11101280378889362,PIX30LBS-FS,NA,19.4,10.1-20pound,7.5 x 7.1 x 5.4 inches,2011-500sq.inch,NA,NA,12 Volts,China,"Street-touring-motorcycles, ATV, Street-sport-motorcycles, Off Road Motorcycle, Scooter, Street-cruiser-motorcycles, Snowmobile, Personal Watercraft"
yuasa yuam221lb yb10l-b battery,https://www.amazon.com/Yuasa-YUAM221LB-YB10L-B-Battery/dp/B000GU1152/ref=sr_1_99?dchild=1&qid=1633495653&s=automotive&sr=1-99,B000GU1152,Yuasa,Batteries,52.39,51-100$,30,1572,0.046008997510187395,YUAM221LB,NA,7.1,5.1-10pound,4 x 6.25 x 6.75 inches,101-200sq.inch,NA,NA,12 Volts,Taiwan,ATV
yuasa yuam720bh-p ytx20hl-pw battery,https://www.amazon.com/Yuasa-YUAM720BH-P-Lead_Acid_Battery/dp/B000N5U5V6/ref=sr_1_118?dchild=1&qid=1633495653&s=automotive&sr=1-118,B000N5U5V6,Yuasa,Batteries,94.42,51-100$,30,2833,0.08291570607274866,YUAM720BH-P,NA,14.6,10.1-20pound,6 x 3 x 6 inches,101-200sq.inch,NA,NA,12 Volts,NA,"Motorcycle, ATV, UTV, Snowmobile, Personal Watercraft"
yuasa yuam228a3 y50-n18l-a3 battery,https://www.amazon.com/Yuasa-YUAM228A3-Y50-N18L-A3-Battery/dp/B000GZRBVA/ref=sr_1_134?dchild=1&qid=1633495711&s=automotive&sr=1-134,B000GZRBVA,Yuasa,Batteries,69.23,51-100$,30,2077,0.06078924162128448,YUAM228A3,NA,11.8,10.1-20pound,8.8 x 7.1 x 4.4 inches,2011-500sq.inch,NA,NA,12 Volts,USA,Street Bike
optima opt8016-103 batteries d34m bluetop starting and deep cycle marine battery,https://www.amazon.com/dp/B00075OSCO,B00075OSCO,Optima,Batteries,299.99,201-400$,383,114896,3.362754311660617,NA,8016-103,43.5,>40pound,10 x 6.88 x 7.8 inches,501-1000sq.inch,NA,NA,12 Volts,NA,"Trailer, Boat"
optima batteries opt8014-045 8014-045 d34/78 yellowtop dual purpose battery,https://www.amazon.com/dp/B000MSBUA4,B000MSBUA4,Optima,Batteries,294.99,201-400$,177,52213,1.5281601698469558,NA,8014-045,43.5,>40pound,10 x 6.88 x 7.8 inches,501-1000sq.inch,NA,NA,12 Volts,NA,NA
optima batteries 8020-164 35 redtop starting battery,https://www.amazon.com/dp/B000MS9VZK,B000MS9VZK,Optima,Batteries,244.99,201-400$,385,94321,2.7605691184213645,NA,NA,31.7,20.1-40pound,9.3 x 6.8 x 7.6 inches,2011-500sq.inch,NA,NA,12 Volts,NA,NA
optima batteries 8025-160 25 redtop starting battery,https://www.amazon.com/dp/B000MSBU9U,B000MSBU9U,Optima,Batteries,224.99,201-400$,183,41173,1.2050435461112885,NA,NA,31.7,20.1-40pound,9.32 x 6.8 x 7.62 inches,2011-500sq.inch,NA,NA,12 Volts,NA,NA
optima batteries opt8010-044 6v redtop starting battery,https://www.amazon.com/dp/B00099HVN6,B00099HVN6,Optima,Batteries,224.99,201-400$,126,28349,0.8297131491197852,NA,8010-044,18.5,10.1-20pound,10 x 3.55 x 7.81 inches,2011-500sq.inch,NA,NA,6 Volts,NA,NA
optima batteries opt8022-091 8022-091 75/25 redtop starting battery,https://www.amazon.com/dp/B00075OSBK,B00075OSBK,Optima,Batteries,224.99,201-400$,200,44998,1.3169929198240538,NA,BCFJ8022-091,33.1,20.1-40pound,9.32 x 6.8 x 7.62 inches,2011-500sq.inch,NA,NA,12 Volts,NA,NA
optima batteries 8006-006 34m bluetop marine starting battery,https://www.amazon.com/dp/B000AMD6CC,B000AMD6CC,Optima,Batteries,284.97,201-400$,83,23653,0.6922715127916428,NA,NA,38.4,20.1-40pound,10 x 6.88 x 7.8 inches,501-1000sq.inch,NA,NA,12 Volts,NA,"Trailer, Boat"
optima batteries dh6 yellowtop dual purpose sealed agm battery,https://www.amazon.com/dp/B07QSBXDWB,B07QSBXDWB,Optima,Batteries,309.97,201-400$,60,18598,0.5443227326300669,NA,group 48,54,>40pound,NA,NA,NA,NA,12 Volts,NA,NA
optima batteries opt8073-167 d51r yellowtop dual purpose battery,https://www.amazon.com/dp/B0013ZGZ9Q,B0013ZGZ9Q,Optima,Batteries,264.99,201-400$,77,20404,0.5971803977085646,NA,9073-167,26,20.1-40pound,9.21 x 4.98 x 8.94 inches,2011-500sq.inch,NA,NA,12 Volts,NA,NA
optima batteries opt8003-151 8003-151 34r redtop starting battery,https://www.amazon.com/dp/B000MS9VZA,B000MS9VZA,Optima,Batteries,274.99,201-400$,53,14574,0.4265490647032259,NA,BCFJ8003-151,37.9,20.1-40pound,10 x 6.88 x 7.8 inches,501-1000sq.inch,NA,NA,12 Volts,NA,NA
optima batteries opt8071-167 d51 yellowtop dual purpose battery,https://www.amazon.com/dp/B00075OSD8,B00075OSD8,Optima,Batteries,264.99,201-400$,33,8745,0.25594699950800814,NA,8071-167,19.36,10.1-20pound,9.21 x 4.98 x 8.94 inches,2011-500sq.inch,NA,NA,12 Volts,NA,NA
optima batteries 8037-127 d27f yellowtop starting and deep cycle battery,https://www.amazon.com/dp/B004SRTN3Q,B004SRTN3Q,Optima,Batteries,334.99,201-400$,30,10050,0.29414149171589266,NA,8037-127,54,>40pound,12.2 x 6.8 x 8.7 inches,501-1000sq.inch,NA,NA,12 Volts,NA,"Passenger Car, Truck"
optima opt8042-218 batteries 8042-218 d75/25 yellowtop dual purpose battery,https://www.amazon.com/dp/B00075OSDS,B00075OSDS,Optima,Batteries,284.99,201-400$,26,7410,0.21687447299649404,NA,BCFJ8042-218,37.8,20.1-40pound,9.32 x 6.8 x 7.62 inches,2011-500sq.inch,48 Amps,21-50AMP,12 Volts,NA,NA
optima (8171-767 ds46b24r yellow top prius battery,https://www.amazon.com/dp/B006VFEJJQ,B006VFEJJQ,Optima,Batteries,264.97,201-400$,104,27557,0.8065330435039656,NA,8171-767,26,20.1-40pound,9.94 x 5.06 x 8.94 inches,2011-500sq.inch,38 Amps,21-50AMP,12 Volts,NA,"Passenger Car, Truck"
optima batteries opt8040-218 d35 yellowtop dual purpose battery,https://www.amazon.com/dp/B000MSDKMA,B000MSDKMA,Optima,Batteries,264.99,201-400$,141,37364,1.093562457360459,NA,8040-218,36.4,20.1-40pound,9.38 x 6.75 x 7.69 inches,2011-500sq.inch,NA,NA,12 Volts,NA,NA
optima batteries 8004-003 34/78 redtop starting battery,https://www.amazon.com/dp/B00075OSC4,B00075OSC4,Optima,Batteries,254.99,201-400$,243,61963,1.8135213185265529,NA,8004-003,38.8,20.1-40pound,10 x 6.88 x 7.8 inches,501-1000sq.inch,NA,NA,12 Volts,NA,NA
12v 100ah lithium battery built-in 100a bms lifepo4 battery perfect for replacing most of backup power home energy storage and off-grid etc.,https://www.amazon.com/dp/B08FMTRYPT,B08FMTRYPT,Optima,Batteries,359.99,201-400$,775,278992,8.165484881273665,NA,NA,23.8,20.1-40pound,12.95 x 6.77 x 8.43 inches,501-1000sq.inch,NA,NA,NA,NA,NA
lifepo4 deep cycle battery 12v 100ah with built-in bms perfect for replace most of backup power and off grid applications,https://www.amazon.com/dp/B084DB36KW,B084DB36KW,Optima,Batteries,399.99,201-400$,2014,805580,23.57756247726257,NA,NA,25.6,20.1-40pound,13 x 6.82 x 8.48 inches,501-1000sq.inch,NA,NA,12 Volts,NA,Trailer
acdelco gold b24r 24 month warranty hybrid vehicle agm bci group 51 battery,https://www.amazon.com/dp/B010GKJ8F6,B010GKJ8F6,Optima,Batteries,226.39,201-400$,160,36222,1.060138618202295,NA,88864058,31.5,20.1-40pound,18.5 x 11.4 x 9.5 inches,>1000sq.inch,NA,NA,12 Volts,NA,Truck
gsi optima battery box tray truck battery mount fit for optima battery red 34/78 yellow 34/78,https://www.amazon.com/dp/B071Z9SN7W,B071Z9SN7W,Optima,Batteries,59.95,51-100$,77,4616,0.13510021151846374,NA,NA,5.34,5.1-10pound,NA,NA,NA,NA,NA,NA,"Car, Classic Truck, Truck"
acdelco gold 48agm 36 month warranty agm bci group 48 battery black,https://www.amazon.com/dp/B008FWCLHU,B008FWCLHU,Optima,Batteries,175.7,101-200$,250,43925,1.2855885595642376,NA,88864541,45.5,>40pound,11.9 x 7.5 x 7.6 inches,501-1000sq.inch,NA,NA,12 Volts,NA,Truck
pilida billet aluminum battery tray: hold down optima batteries red yellow blue top 34 34/78 d34 d34/78 34m d34m,https://www.amazon.com/dp/B08QTLSGHK,B08QTLSGHK,Optima,Batteries,52.49,51-100$,72,3779,0.11060305444719985,NA,NA,2.11,2.1-5pound,NA,NA,NA,NA,NA,NA,NA
odyssey 34/78-pc1500dt automotive and ltv battery,https://www.amazon.com/dp/B000TCTD3Y,B000TCTD3Y,Optima,Batteries,305.98,201-400$,55,16829,0.49254797652604554,NA,34/78-PC1500DT,51.5,>40pound,10.85 x 6.99 x 7.82 inches,501-1000sq.inch,62 Amps,51-100AMP,12 Volts,NA,Passenger Car
odyssey pc925 automotive and ltv battery,https://www.amazon.com/dp/B0002ILK72,B0002ILK72,Optima,Batteries,184.16,101-200$,255,46961,1.3744456310915458,NA,PC925,26,20.1-40pound,NA,NA,30 Amps,21-50AMP,12 Volts,NA,Passenger Car
odyssey pc1200mjt automotive and ltv battery,https://www.amazon.com/dp/B002496GK8,B002496GK8,Optima,Batteries,282.21,201-400$,37,10442,0.30561447328331853,NA,PC1200MJT,38.2,20.1-40pound,NA,NA,40 Amps,21-50AMP,12 Volts,NA,Passenger Car
odyssey batteries 34r-pc1500-a group 34 automotive/light truck battery,https://www.amazon.com/dp/B008FY5UF8,B008FY5UF8,Optima,Batteries,295.99,201-400$,66,19535,0.5717466707134292,NA,NA,51.5,>40pound,NA,NA,NA,NA,12 Volts,NA,Van
xs power d3400 xs series 12v 3300 amp agm high output battery with m6 terminal bolt,https://www.amazon.com/dp/B005FYJ5B6,B005FYJ5B6,Optima,Batteries,340.3,201-400$,191,64997,1.9023198544336195,NA,D3400,48,>40pound,NA,NA,NA,NA,12 Volts,NA,"Passenger Car, Boat"
wirthco 80305 30400 battery doctor side mount long stud terminal battery boltbrass,https://www.amazon.com/dp/B000CQFWRS,B000CQFWRS,Optima,Batteries,6.56,0-50$,185,1214,0.035531121486875,NA,30400,0.05,0-1pound,6 x 6 x 5 inches,101-200sq.inch,NA,NA,NA,China,NA
vgate 6x00 (2/0) awg gauge lead-acid battery terminals clamp - positive and negative (+/-)(pair) for tapered top post,https://www.amazon.com/dp/B085HHZV26,B085HHZV26,Optima,Batteries,37.99,0-50$,204,7750,0.22682552843762865,NA,NA,0.375,0-1pound,3.94 x 1.77 x 0.75 inches,1-50sq.inch,NA,NA,NA,NA,NA
1998 1999 2000 2001 key fob keyless entry remote fits chevy astro blazer s10 silverado suburban tahoe/gmc jimmy safari sierra sonoma yukon/oldsmobile bravada (15732803),https://www.amazon.com/dp/B06XSLHB7P,B06XSLHB7P,Optima,Batteries,12.95,0-50$,90,1166,0.034126266601067747,NA,"15732803, KOBUT1BT",0.0625,0-1pound,1.25 x 0.5 x 2 inches,1-50sq.inch,NA,NA,NA,NA,NA
mmg ytx4l-bs 4l-bs lithium ion sealed high performance powersports battery 12v 120cca motorcycle scooter atv factory activated ready to use (mmg1),https://www.amazon.com/dp/B00BM7QEIC,B00BM7QEIC,Optima,Batteries,77.9,51-100$,45,3506,0.10261294228417113,NA,"BATTERY SUPPLIER CROSS REFERENCE:, Interstate CYTX4L-BS, Motocross M62X4B, Napa 740-1865, Power-Sonic PTX4L-BS, Exide 4LBS, JSB GT4L-BS, GS GTX4L-BS / GT4L-BS, Sears 44015/44022, Walmart ES4L-BS, Yacht CT4L-BS, Yuasa YTX4L-BS",0.039625,0-1pound,5 x 5 x 3 inches,51-100sq.inch,NA,NA,12 Volts,NA,"ATV, Scooter, Street Bike, Dirt Bike"
odyssey 34-pc1500t automotive and ltv battery,https://www.amazon.com/dp/B00249CSS2,B00249CSS2,Optima,Batteries,295.99,201-400$,36,10656,0.3118777846492092,NA,34-PC1500T,49.5,>40pound,NA,NA,NA,NA,12 Volts,NA,Passenger Car
ict billet optima billet aluminum battery tray racing race trunk relocation box hold down mount red yellow blue top 34 34/78 d34 d34/78 34m d34m made in america 551183,https://www.amazon.com/dp/B011IT8F3K,B011IT8F3K,Optima,Batteries,62.99,51-100$,28,1764,0.051628417053416385,NA,551183,1.93,1.1-2pound,12.2 x 8.9 x 1 inches,101-200sq.inch,NA,NA,NA,USA,NA
12v lithium ion 200ah deep cycle lifepo4 energy storage rechargeable battery built in 100a bms maintenance-free widely used in solar wind system rv camper trailer marine boat off-gird and more,https://www.amazon.com/dp/B08S7799BD,B08S7799BD,Optima,Batteries,699.99,>400$,630,440994,12.906928656493372,NA,NA,50,>40pound,19.01 x 6.69 x 9.45 inches,>1000sq.inch,NA,NA,12.8 Volts,NA,"RV / Camper / Trailer, Marine / Boat, Solar / Wind system"
delphi bu9065 maxstart agm premium automotive battery group size 65,https://www.amazon.com/dp/B01DLGRPDY,B01DLGRPDY,Optima,Batteries,222.23,201-400$,30,6667,0.19512849007660263,NA,NA,47.5,>40pound,NA,NA,NA,NA,12 Volts,NA,Passenger Car
odyssey 65-pc1750t automotive and ltv battery,https://www.amazon.com/dp/B00249GW9S,B00249GW9S,Optima,Batteries,299.99,201-400$,64,19199,0.5619126865127785,NA,65-PC1750T,58,>40pound,1 x 1 x 1 inches,1-50sq.inch,65 Amps,51-100AMP,12 Volts,NA,Passenger Car
universal negative & positive battery cable terminals top - car battery cable terminal clamps connectors - durable & adjustable terminal assortment kit for carts trucks & vans,https://www.amazon.com/dp/B08N5H77Y1,B08N5H77Y1,Optima,Batteries,14.95,0-50$,656,9807,0.2870294138564935,NA,NA,0.7,0-1pound,NA,NA,NA,NA,NA,NA,NA
schumacher fully automatic battery charger and maintainer 15 amp/3 amp 6v/12v - for marine and automotive batteries,https://www.amazon.com/dp/B0797KK3N2,B0797KK3N2,Optima,Batteries,53.67,51-100$,3276,175823,5.145954178901831,NA,NA,3.05,2.1-5pound,9.96 x 4.29 x 10.03 inches,2011-500sq.inch,NA,NA,NA,Mexico,NA
optima batteries opt8012-021 d34 yellowtop dual purpose battery,https://www.amazon.com/dp/B000AMDDBQ,B000AMDDBQ,Optima,Batteries,294.99,201-400$,26,7670,0.22448410362794993,NA,8012-021,42.9,>40pound,10 x 6.88 x 7.8 inches,501-1000sq.inch,NA,NA,12 Volts,NA,NA
acdelco gold 94ragm 36 month warranty agm bci group 94r battery,https://www.amazon.com/dp/B006N91C2M,B006N91C2M,Optima,Batteries,163.99,101-200$,193,31650,0.9263261903291545,NA,88864542,51.6,>40pound,12.4 x 6.9 x 7.5 inches,501-1000sq.inch,NA,NA,12 Volts,NA,NA
schumacher sc1281 100 amp 30 amp 6v/12v fully automatic smart battery charger 100a engine starter and 30a boost maintainer and auto desulfator advanced diagnostic testing,https://www.amazon.com/dp/B07BLLRM8R,B07BLLRM8R,Optima,Batteries,79.94,51-100$,3018,241259,7.061122601978563,NA,NA,12.65,10.1-20pound,11 x 10 x 8 inches,501-1000sq.inch,NA,NA,120 Volts,Mexico,NA
installgear 2/4/8/10 gauge awg positive & negative battery terminal clamp and shims (pair),https://www.amazon.com/dp/B00NQ7U982,B00NQ7U982,Optima,Batteries,14.99,0-50$,152,2278,0.06667207145560233,NA,NA,1.1,1.1-2pound,NA,NA,NA,NA,12 Volts,NA,NA
odyssey pc680 battery red top,https://www.amazon.com/dp/B0002ILK6I,B0002ILK6I,Optima,Batteries,130.83,101-200$,343,44875,1.3133929791791725,NA,PC680,15.03,10.1-20pound,7.15 x 3 x 6.65 inches,101-200sq.inch,18 Amps,0-20AMP,12 Volts,NA,"Motorcycle, ATV, Snowmobile, Personal Watercraft"
delphi bu9094r maxstart agm premium automotive battery group size 94r (reverse terminal),https://www.amazon.com/dp/B01DLGRPOS,B01DLGRPOS,Optima,Batteries,219.39,201-400$,80,17551,0.5136793354333963,NA,NA,52,>40pound,NA,NA,NA,NA,12 Volts,NA,Passenger Car
interstate batteries cytx14ah-bs cycle-tron powersports battery 12v 12ah motorcycle atv battery high-performance rechargeable sealed agm,https://www.amazon.com/dp/B08W2JKD9X,B08W2JKD9X,Optima,Batteries,87.71,51-100$,74,6491,0.1899773554953094,NA,NA,11.88,10.1-20pound,5.31 x 3.5 x 6.56 inches,101-200sq.inch,NA,NA,12 Volts,NA,"Motorcycles, All-Terrain-Vehicles (ATVs), Snowmobiles, Jet Skis, Sea Doos, Scooters, 4 Wheelers, Dirt Bikes, Utility Vehicles (UTVs), Go-Karts"
delphi bu9034r maxstart agm premium automotive battery group size 24f / 34r (reverse terminal),https://www.amazon.com/dp/B01DLGRPAC,B01DLGRPAC,Optima,Batteries,223.59,201-400$,30,6708,0.19632847029156297,NA,NA,41.9,>40pound,NA,NA,NA,NA,12 Volts,NA,Passenger Car
odyssey 34m-pc1500st-m trolling thunder marine dual purpose battery,https://www.amazon.com/dp/B000T9BU5Q,B000T9BU5Q,Optima,Batteries,316.15,201-400$,23,7271,0.21280624738967716,NA,NA,49.5,>40pound,13.25 x 11 x 9.5 inches,>1000sq.inch,NA,NA,12 Volts,NA,Boat
mmg lithium ion sealed battery 12v 420 cca quad terminal compatible with ytx20l-bs ytx20h-bs ytx20hl-bs ytx24hl-bs and yb16cl-b (mmg6),https://www.amazon.com/dp/B075FC3WJ4,B075FC3WJ4,Optima,Batteries,209.9,201-400$,32,6717,0.19659188058265184,NA,"Interstate YB16CL-B, Koyo YB16CL-B, Motocross M3S6CL, WalMart ES16CLB, Yacht CB16CL-B",3,2.1-5pound,7 x 4 x 6 inches,101-200sq.inch,NA,NA,12 Volts,NA,"ATV, Adventure, UTV, Cruiser/ Touring, Street Bike, Snowmobile, Personal Watercraft"
battery tender engine start battery: lithium motorcycle battery with smart battery management system (bms) - 12v 4.5 ah 270 cca lightweight starting batteries for motorcycles and atvs - btl12a270cw,https://www.amazon.com/dp/B07JQWFS7Z,B07JQWFS7Z,Optima,Batteries,124.95,101-200$,163,20367,0.5960974887340882,NA,BTL12A270CW,2.2,2.1-5pound,5.94 x 3.43 x 3.66 inches,51-100sq.inch,NA,NA,12 Volts,NA,"ATV, Street_touring_motorcycles, Off Road Motorcycle, Street_sport_motorcycles"
nilight 5 gang rocker switch panel pre-wired aluminum switch panel with dual usb cigarette lighter socket voltmeter12v-24v dc switch panel with night glow stickers for cars rvs trucks 90118h,https://www.amazon.com/dp/B08KT7ZJVZ,B08KT7ZJVZ,Optima,Batteries,33.2,0-50$,70,2324,0.06801839072116762,NA,NA,1.06,1.1-2pound,NA,NA,NA,NA,12 Volts,China,NA
mmg ytz14s z14s lithium ion sealed factory activated powersports battery 12v cca 300 for motorcycle bmw honda ktm yamaha (mmg4),https://www.amazon.com/dp/B00O179I9W,B00O179I9W,Optima,Batteries,114.9,101-200$,109,12524,0.36655005395520796,NA,"GS-JSB-GTZ10S, Koyo-KTZ10S, Motocross-M7210A, Power-Sonic-PTZ10S, Sears-44210, Yacht-CTZ10S, Yuasa-YTZ10S, Yuasa-YTZ12S, GS-JSB-GTZ12S, Koyo-KTZ12S, Motocross-M7212A, Power-Sonic-PTZ12S, Sears-44215, Yacht-CTZ12S, Yuasa-YTZ14S, GS-JSB-GTZ14S, Koyo-KTZ14S, Motocross-M72Z14, Power-Sonic-PTZ14S, Sears-44217, Yacht-CTZ14S, Yuasa-YTZ14S cht-CTZ14S",2,1.1-2pound,6 x 4 x 5 inches,101-200sq.inch,NA,NA,12 Volts,NA,"Motorcycle, Bike"
heavy duty battery filler with auto shut and drip-free valve | 2-quart capacity fast and extra safe. battery filler bottle for golf cart and automotive tools. avoid the mess when serving your units,https://www.amazon.com/dp/B01CEZGQK6,B01CEZGQK6,Optima,Batteries,17.99,0-50$,365,6566,0.19217244125438324,NA,NA,0.41875,0-1pound,NA,NA,NA,NA,NA,NA,Truck
fastronix premium high current 3/8' thru panel battery terminal connectors,https://www.amazon.com/dp/B079K5HB79,B079K5HB79,Optima,Batteries,29.99,0-50$,247,7408,0.21681593737625204,NA,NA,0.55,0-1pound,NA,NA,440 Amps,201-500AMP,12 Volts,NA,NA
pilida universal billet battery tray hold down red yellow blue top 34 34/78 d34 d34/78 34m d34m aluminum battery box,https://www.amazon.com/dp/B08QVCZNTW,B08QVCZNTW,Optima,Batteries,50.79,51-100$,73,3708,0.10852503992860994,NA,NA,3.17,2.1-5pound,NA,NA,NA,NA,NA,NA,NA
ict billet universal billet battery tray hold down trunk relocation box optima race racing mount red yellow blue top 34 34/78 d34 d34/78 34m d34m made in america 551181,https://www.amazon.com/dp/B011ISPZ7A,B011ISPZ7A,Optima,Batteries,69.99,51-100$,73,5109,0.149529241908109,NA,551181,6.25e-4,0-1pound,12.1 x 8.8 x 1.3 inches,101-200sq.inch,NA,NA,NA,USA,NA
jy performance truck optima battery box tray hold down kit aluminum mount holder fit for optima battery red redtop 34/78 yellow yellowtop 34/78,https://www.amazon.com/dp/B096DP7CTK,B096DP7CTK,Optima,Batteries,39.99,0-50$,45,1800,0.052682058217771825,NA,NA,4.89,2.1-5pound,NA,NA,NA,NA,NA,NA,NA
fastronix red and black premium battery charging posts with heavy duty mounting plate,https://www.amazon.com/dp/B07P6D5QSY,B07P6D5QSY,Optima,Batteries,54.99,51-100$,45,2475,0.07243783004943626,NA,NA,1.28,1.1-2pound,5.12 x 3.12 x 3 inches,1-50sq.inch,440 Amps,201-500AMP,12 Volts,NA,NA
allstar-all76107 battery tray ball milled aluminum polished optima blue/red/yellow top batteries type 34/78 each battery not included.,https://www.amazon.com/dp/B00JPBYYCK,B00JPBYYCK,Optima,Batteries,80.94,51-100$,30,2428,0.07106224297375,NA,ALL76107,3.38,2.1-5pound,13.75 x 10.25 x 2.15 inches,2011-500sq.inch,NA,NA,NA,China,NA
powoner 12v 8amp/24v 4amp automotive smart battery charger/maintainer for car truck motorcycle lawn mower boat rv suv atv and more (with a waterproof bag),https://www.amazon.com/dp/B08PK8KLZD,B08PK8KLZD,Optima,Batteries,27.99,0-50$,30,840,0.02458496050162685,NA,NA,1.7,1.1-2pound,NA,NA,NA,NA,NA,NA,NA
group 34/78 optima yellow red battery holder tray relocation bracket mount cnc machined aluminum,https://www.amazon.com/dp/B089Q56CPK,B089Q56CPK,Optima,Batteries,55.99,51-100$,30,1680,0.0491699210032537,NA,NA,3.29,2.1-5pound,NA,NA,NA,NA,NA,NA,NA
optima batteries opt8002-002 34 redtop starting battery,https://www.amazon.com/dp/B000MS830E,B000MS830E,Optima,Batteries,254.99,201-400$,26,6630,0.19404558110212622,NA,8002-002,37.9,20.1-40pound,10 x 6.88 x 7.8 inches,501-1000sq.inch,NA,NA,12 Volts,NA,NA
heavy duty booster jumper cable1 gauge x 25 ft. x 800a heavy duty for car van truck g8251c,https://www.amazon.com/dp/B078WLYNFT,B078WLYNFT,Optima,Batteries,46.99,0-50$,34,1598,0.046769960573332985,NA,NA,8.89,5.1-10pound,NA,NA,NA,NA,NA,NA,NA
bosch 1699200244 bat 135 battery and charging system tester with integrated printer detachable clamps and storage case for 6v and 12v batteries and 12v and 24v charging systems,https://www.amazon.com/Bosch-1699200244-Battery-Integrated-Printer/dp/B07CZRZ49S/ref=sr_1_26?dchild=1&keywords=bosch+automotive&qid=1633504384&sr=8-26,B07CZRZ49S,Bosh,Batteries,321.18,201-400$,30,9635,0.2819953505156842,NA,NA,4,2.1-5pound,16 x 10.85 x 3.5 inches,501-1000sq.inch,NA,NA,NA,NA,NA
bosch s6590b battery,https://www.amazon.com/Bosch-Automotive-S6590B-Battery/dp/B00HQCJNKI/ref=sr_1_98?dchild=1&keywords=bosch+automotive&qid=1633504580&sr=8-98,B00HQCJNKI,Bosh,Batteries,169.95,101-200$,30,5099,0.14923656380689918,NA,NA,10.4,10.1-20pound,12.2 x 10.2 x 10.2 inches,>1000sq.inch,NA,NA,12 Volts,NA,NA
