product_title,brand,product_url,part_number,bci_group_size,cold_cranking_amperage,cranking_amperage,amperage_tier,height,length,width,product_size_tier,negative_terminal_location,positive_terminal_location,reserve_capacity,terminal_type,voltage,weight,weight_tier,amp_hour,product_attributes,product_reviews,product_warranty,sale_price,price_tier,skuid,product_id,units_sold,search_term,category,revenue,market_share,group_size
DieHard Gold,DieHard,https://shop.advanceautoparts.com/p/diehard-gold-battery-group-size-35-640-cca-35-2/2130004-P?navigationPath=L1*14920%7CL2*15000%7CL3*15597%7CL4*13646,NA,35,640 A,800 A,601-800AMP,8.875,9.06,6.937,501-1000sq.inch,Top Left,Top Right,100 min,Top Mount,6 volt,39.01,20.1-40pound,NA,"Battery, Group Size 35, 640 CCA",(1174 reviews),3 YR FREE REPLACEMENT,179.99,101-200$,2130004,2130004,1346,https://shop.advanceautoparts.com/c4/battery/13646?term=batteries?,Battery,242266.54,0.054493836,35
DieHard Gold,DieHard,https://shop.advanceautoparts.com/p/diehard-gold-battery-group-size-h6-730-cca-48h6/2130015-P?navigationPath=L1*14920%7CL2*15000%7CL3*15597%7CL4*13646,NA,NA,730 A,910 A,801-1000AMP,7.5,11,6.937,501-1000sq.inch,Top Left,Top Right,115 min,Top Mount,12 volt,38.81,20.1-40pound,NA,"Battery, Group Size H6, 730 CCA",(712 reviews),3 YR FREE REPLACEMENT,179.99,101-200$,2130015,2130015,943,https://shop.advanceautoparts.com/c4/battery/13646?term=batteries?,Battery,169730.57,0.038178074,H6
DieHard Gold,DieHard,https://shop.advanceautoparts.com/p/diehard-gold-battery-group-size-h7-800-cca-94rh7/2130011-P?navigationPath=L1*14920%7CL2*15000%7CL3*15597%7CL4*13646,NA,NA,800 A,1000 A,801-1000AMP,7.5,12.437,6.937,501-1000sq.inch,Top Left,Top Right,140 min,Top Mount,12 volt,42.91,>40pound,NA,"Battery, Group Size H7, 800 CCA",(467 reviews),3 YR FREE REPLACEMENT,179.99,101-200$,2130011,2130011,917,https://shop.advanceautoparts.com/c4/battery/13646?term=batteries?,Battery,165050.83,0.037125444,H7
DieHard Gold,DieHard,https://shop.advanceautoparts.com/p/diehard-gold-battery-group-size-65-850-cca-65-2/2040468-P?navigationPath=L1*14920%7CL2*15000%7CL3*15597%7CL4*13646,NA,65,850 A,1000 A,801-1000AMP,7.562,12.06,7.562,501-1000sq.inch,Top Right,Top Left,150 min,Top Mount,12 volt,45.21,>40pound,NA,"Battery, Group Size 65, 850 CCA",(1422 reviews),3 YR FREE REPLACEMENT,179.99,101-200$,2040468,2040468,992,https://shop.advanceautoparts.com/c4/battery/13646?term=batteries?,Battery,178550.08,0.040161876,65
DieHard Platinum AGM,DieHard,https://shop.advanceautoparts.com/p/diehard-platinum-agm-battery-group-size-h7-850-cca-h7-agm/10210826-P?navigationPath=L1*14920%7CL2*15000%7CL3*15597%7CL4*13646,NA,NA,850 A,1000 A,801-1000AMP,7.5,12.437,6.937,501-1000sq.inch,Top Left,Top Right,140 min,Top Mount,12 volt,51.8,>40pound,80.0 Ah,"Battery, Group Size H7, 850 CCA",(193 reviews),3 YR FREE REPLACEMENT,209.99,201-400$,10210826,10210826,713,https://shop.advanceautoparts.com/c4/battery/13646?term=batteries?,Battery,149722.87,0.033677674,H7
DieHard Gold,DieHard,https://shop.advanceautoparts.com/p/diehard-gold-battery-group-size-24f-750-cca-24f-6/2130001-P?navigationPath=L1*14920%7CL2*15000%7CL3*15597%7CL4*13646,NA,24F,750 A,935 A,801-1000AMP,9,10.75,6.812,501-1000sq.inch,Top Left,Top Right,130 min,Top Mount,12 volt,41.6,>40pound,NA,"Battery, Group Size 24F, 750 CCA",(1656 reviews),3 YR FREE REPLACEMENT,179.99,101-200$,2130001,2130001,972,https://shop.advanceautoparts.com/c4/battery/13646?term=batteries?,Battery,174950.28,0.039352161,24F
DieHard Platinum AGM,DieHard,https://shop.advanceautoparts.com/p/diehard-platinum-agm-battery-group-size-h6-760-cca-h6-agm/10210829-P?navigationPath=L1*14920%7CL2*15000%7CL3*15597%7CL4*13646,NA,NA,760 A,950 A,801-1000AMP,7.5,11,6.937,501-1000sq.inch,Top Left,Top Right,120 min,Top Mount,12 volt,45.6,>40pound,70.0 Ah,"Battery, Group Size H6, 760 CCA",(386 reviews),3 YR FREE REPLACEMENT,209.99,201-400$,10210829,10210829,627,https://shop.advanceautoparts.com/c4/battery/13646?term=batteries?,Battery,131663.73,0.02961557,H6
DieHard Gold,DieHard,https://shop.advanceautoparts.com/p/diehard-gold-battery-group-size-51r-500-cca-51r-2/2130008-P?navigationPath=L1*14920%7CL2*15000%7CL3*15597%7CL4*13646,NA,51R,500 A,625 A,601-800AMP,8.75,9.375,5.062,201-500sq.inch,Top Left,Top Right,85 min,Top Mount,12 volt,27.81,20.1-40pound,NA,"Battery, Group Size 51R, 500 CCA",(884 reviews),3 YR FREE REPLACEMENT,179.99,101-200$,2130008,2130008,858,https://shop.advanceautoparts.com/c4/battery/13646?term=batteries?,Battery,154431.42,0.034736784,51R
DieHard Red,DieHard,https://shop.advanceautoparts.com/p/diehard-red-battery-group-size-75-86-650-cca-35-75-2/2040433-P?navigationPath=L1*14920%7CL2*15000%7CL3*15597%7CL4*13646,NA,NA,650 A,810 A,801-1000AMP,7.312,9.06,7.06,201-500sq.inch,NA,NA,93 min,Dual Terminal,12 volt,32.55,20.1-40pound,NA,"Battery, Group Size 75/86, 650 CCA",(150 reviews),1 YR FREE REPLACEMENT,99.99,51-100$,2040433,2040433,169,https://shop.advanceautoparts.com/c4/battery/13646?term=batteries?,Battery,16898.31,0.003800994,75/86
DieHard Red,DieHard,https://shop.advanceautoparts.com/p/diehard-red-battery-group-size-65-650-cca-65-0/2130021-P?navigationPath=L1*14920%7CL2*15000%7CL3*15597%7CL4*13646,NA,65,650 A,812 A,801-1000AMP,7.562,12.06,7.562,501-1000sq.inch,Top Right,Top Left,80 min,Top Mount,12 volt,38.61,20.1-40pound,NA,"Battery, Group Size 65, 650 CCA",(278 reviews),1 YR FREE REPLACEMENT,99.99,51-100$,2130021,2130021,331,https://shop.advanceautoparts.com/c4/battery/13646?term=batteries?,Battery,33096.69,0.007444551,65
DieHard Gold,DieHard,https://shop.advanceautoparts.com/p/diehard-gold-battery-group-size-96r-590-cca-96r-3/2130020-P?navigationPath=L1*14920%7CL2*15000%7CL3*15597%7CL4*13646,NA,96R,590 A,740 A,601-800AMP,6.937,9.5,6.937,201-500sq.inch,Top Left,Top Right,95 min,Top Mount,12 volt,30.34,20.1-40pound,NA,"Battery, Group Size 96R, 590 CCA",(817 reviews),3 YR FREE REPLACEMENT,179.99,101-200$,2130020,2130020,460,https://shop.advanceautoparts.com/c4/battery/13646?term=batteries?,Battery,82795.4,0.018623451,96R
DieHard Gold,DieHard,https://shop.advanceautoparts.com/p/diehard-gold-battery-group-size-h5-650-cca-47h5/2130014-P?navigationPath=L1*14920%7CL2*15000%7CL3*15597%7CL4*13646,NA,NA,650 A,810 A,801-1000AMP,7.5,9.562,6.937,201-500sq.inch,Top Left,Top Right,100 min,Top Mount,12 volt,32.91,20.1-40pound,NA,"Battery, Group Size H5, 650 CCA",(295 reviews),3 YR FREE REPLACEMENT,179.99,101-200$,2130014,2130014,715,https://shop.advanceautoparts.com/c4/battery/13646?term=batteries?,Battery,128692.85,0.02894732,H5
DieHard Silver,DieHard,https://shop.advanceautoparts.com/p/diehard-silver-battery-group-size-34-78-800-cca-34-78-4/2040409-P?navigationPath=L1*14920%7CL2*15000%7CL3*15597%7CL4*13646,NA,NA,800 A,1000 A,801-1000AMP,7.312,10.25,7.06,501-1000sq.inch,NA,NA,115 min,Dual Terminal,12 volt,40.2,>40pound,NA,"Battery, Group Size 34/78, 800 CCA",(1007 reviews),2 YR FREE REPLACEMENT,159.99,101-200$,2040409,2040409,312,https://shop.advanceautoparts.com/c4/battery/13646?term=batteries?,Battery,49916.88,0.011227973,34/78
DieHard Silver,DieHard,https://shop.advanceautoparts.com/p/diehard-silver-battery-group-size-26r-575-cca-26r-3/2040174-P?navigationPath=L1*14920%7CL2*15000%7CL3*15597%7CL4*13646,NA,26R,575 A,720 A,601-800AMP,7.75,8.187,6.812,201-500sq.inch,Top Left,Top Right,81 min,Top Mount,12 volt,28.41,20.1-40pound,NA,"Battery, Group Size 26R, 575 CCA",(561 reviews),2 YR FREE REPLACEMENT,159.99,101-200$,2040174,2040174,431,https://shop.advanceautoparts.com/c4/battery/13646?term=batteries?,Battery,68955.69,0.015510438,26R
DieHard Red,DieHard,https://shop.advanceautoparts.com/p/diehard-red-battery-group-size-26r-510-cca-26r-2/2070111-P?navigationPath=L1*14920%7CL2*15000%7CL3*15597%7CL4*13646,NA,26R,510 A,635 A,601-800AMP,7.75,8.187,6.812,201-500sq.inch,Top Left,Top Right,60 min,Top Mount,12 volt,28.41,20.1-40pound,NA,"Battery, Group Size 26R, 510 CCA",(320 reviews),1 YR FREE REPLACEMENT,99.99,51-100$,2070111,2070111,294,https://shop.advanceautoparts.com/c4/battery/13646?term=batteries?,Battery,29397.06,0.006612381,26R
DieHard Platinum AGM,DieHard,https://shop.advanceautoparts.com/p/diehard-platinum-agm-battery-group-size-h8-900-cca-h8-agm/10210828-P?navigationPath=L1*14920%7CL2*15000%7CL3*15597%7CL4*13646,NA,NA,900 A,1000 A,801-1000AMP,7.5,13.937,6.937,501-1000sq.inch,Top Left,Top Right,160 min,Top Mount,12 volt,58.7,>40pound,95.0 Ah,"Battery, Group Size H8, 900 CCA",(191 reviews),3 YR FREE REPLACEMENT,209.99,201-400$,10210828,10210828,373,https://shop.advanceautoparts.com/c4/battery/13646?term=batteries?,Battery,78326.27,0.017618194,H8
DieHard Silver,DieHard,https://shop.advanceautoparts.com/p/diehard-silver-battery-group-size-65-750-cca-65-1/2040115-P?navigationPath=L1*14920%7CL2*15000%7CL3*15597%7CL4*13646,NA,65,750 A,935 A,801-1000AMP,7.562,12.06,7.562,501-1000sq.inch,Top Right,Top Left,140 min,Top Mount,12 volt,44.55,>40pound,NA,"Battery, Group Size 65, 750 CCA",(433 reviews),2 YR FREE REPLACEMENT,159.99,101-200$,2040115,2040115,443,https://shop.advanceautoparts.com/c4/battery/13646?term=batteries?,Battery,70875.57,0.015942283,65
DieHard Silver,DieHard,https://shop.advanceautoparts.com/p/diehard-silver-battery-group-size-24f-650-cca-24f-3/12181196-P?navigationPath=L1*14920%7CL2*15000%7CL3*15597%7CL4*13646,NA,24F,650 A,812 A,801-1000AMP,NA,NA,NA,NA,Top Left,Top Right,130 min,Top Mount,12 volt,NA,NA,NA,"Battery, Group Size 24F, 650 CCA",(0 reviews),2 YR REPLACEMENT IF DEFECTIVE,159.99,101-200$,12181196,12181196,629,https://shop.advanceautoparts.com/c4/battery/13646?term=batteries?,Battery,100633.71,0.022635882,24F
DieHard Gold,DieHard,https://shop.advanceautoparts.com/p/diehard-gold-battery-group-size-78-800-cca-78ft-2/11018021-P?navigationPath=L1*14920%7CL2*15000%7CL3*15597%7CL4*13646,NA,78,800 A,1000 A,801-1000AMP,7.312,10.25,7.062,501-1000sq.inch,Side Right,Side Left,110 min,Side Mount,12 volt,37.87,20.1-40pound,NA,"Battery, Group Size 78, 800 CCA",(315 reviews),3 YR REPLACEMENT IF DEFECTIVE,179.99,101-200$,11018021,11018021,463,https://shop.advanceautoparts.com/c4/battery/13646?term=batteries?,Battery,83335.37,0.018744908,78
DieHard Platinum AGM,DieHard,https://shop.advanceautoparts.com/p/diehard-platinum-agm-battery-group-size-24f-710-cca-24f-agm/10310750-P?navigationPath=L1*14920%7CL2*15000%7CL3*15597%7CL4*13646,NA,24F,710 A,885 A,801-1000AMP,8.68,10.937,6.812,501-1000sq.inch,Top Left,Top Right,120 min,Top Mount,12 volt,45.9,>40pound,70.0 Ah,"Battery, Group Size 24F, 710 CCA",(63 reviews),3 YR FREE REPLACEMENT,209.99,201-400$,10310750,10310750,323,https://shop.advanceautoparts.com/c4/battery/13646?term=batteries?,Battery,67826.77,0.015256506,24F
DieHard Silver,DieHard,https://shop.advanceautoparts.com/p/diehard-silver-battery-group-size-51r-425-cca-51r-1/2040107-P?navigationPath=L1*14920%7CL2*15000%7CL3*15597%7CL4*13646,NA,51R,425 A,530 A,400-600AMP,8.75,9.375,5.062,201-500sq.inch,Top Left,Top Right,75 min,Top Mount,12 volt,26.81,20.1-40pound,NA,"Battery, Group Size 51R, 425 CCA",(218 reviews),2 YR FREE REPLACEMENT,159.99,101-200$,2040107,2040107,427,https://shop.advanceautoparts.com/c4/battery/13646?term=batteries?,Battery,68315.73,0.015366489,51R
DieHard Platinum,DieHard,https://shop.advanceautoparts.com/p/diehard-platinum-battery-bci-group-size-h7-800-cca-1000-ca-140-rc-94rh7-rp/12277123-P?navigationPath=L1*14920%7CL2*15000%7CL3*15597%7CL4*13646,NA,NA,800 A,1000 A,801-1000AMP,NA,NA,NA,NA,Top Left,Top Right,140 min,Top Mount,12 volt,NA,NA,NA,"Battery, BCI Group Size H7, 800 CCA, 1000 CA, 140 RC",(0 reviews),4 YR REPLACEMENT IF DEFECTIVE,199.99,101-200$,12277123,12277123,253,https://shop.advanceautoparts.com/c4/battery/13646?term=batteries?,Battery,50597.47,0.011381061,BCI H7
DieHard Powersports,DieHard,https://shop.advanceautoparts.com/p/diehard-powersports-powersports-battery-group-size-btx20hl-bs-310-cca-tx20hl/16940007-P?navigationPath=L1*14920%7CL2*15000%7CL3*15597%7CL4*13646,NA,NA,310 A,NA,NA,6.125,6.875,3.437,101-200sq.inch,Top Left,Top Right,NA,Top Mount,12 volt,13.67,10.1-20pound,18.0 Ah,"Powersports Battery, Group Size BTX20HL-BS, 310 CCA",(149 reviews),90 DAY REPLACEMENT IF DEFECTIVE,115.99,101-200$,16940007,16940007,342,https://shop.advanceautoparts.com/c4/battery/13646?term=batteries?,Battery,39668.58,0.008922788,BTX20HL-BS
DieHard Gold,DieHard,https://shop.advanceautoparts.com/p/diehard-gold-battery-group-size-34-800-cca-34ft-2/11017956-P?navigationPath=L1*14920%7CL2*15000%7CL3*15597%7CL4*13646,NA,34,800 A,1000 A,801-1000AMP,7.875,10.25,6.812,501-1000sq.inch,Top Right,Top Left,110 min,Top Mount,12 volt,38.1,20.1-40pound,NA,"Battery, Group Size 34, 800 CCA",(237 reviews),3 YR FREE REPLACEMENT,179.99,101-200$,11017956,11017956,385,https://shop.advanceautoparts.com/c4/battery/13646?term=batteries?,Battery,69296.15,0.015587018,34
DieHard Silver,DieHard,https://shop.advanceautoparts.com/p/diehard-silver-battery-group-size-h6-615-cca-91-1/2040007-P?navigationPath=L1*14920%7CL2*15000%7CL3*15597%7CL4*13646,NA,NA,615 A,765 A,601-800AMP,7.5,11,6.937,501-1000sq.inch,Top Left,Top Right,95 min,Top Mount,12 volt,35.91,20.1-40pound,NA,"Battery, Group Size H6, 615 CCA",(198 reviews),2 YR FREE REPLACEMENT,159.99,101-200$,2040007,2040007,323,https://shop.advanceautoparts.com/c4/battery/13646?term=batteries?,Battery,51676.77,0.011623831,H6
DieHard Gold,DieHard,https://shop.advanceautoparts.com/p/diehard-gold-battery-group-size-124r-700-cca-124r-2/11498859-P?navigationPath=L1*14920%7CL2*15000%7CL3*15597%7CL4*13646,NA,124R,700 A,875 A,801-1000AMP,8.625,10.32,7,501-1000sq.inch,Top Left,Top Right,120 min,Top Mount,12 volt,39.6,20.1-40pound,NA,"Battery, Group Size 124R, 700 CCA",(137 reviews),3 YR FREE REPLACEMENT,179.99,101-200$,11498859,11498859,346,https://shop.advanceautoparts.com/c4/battery/13646?term=batteries?,Battery,62276.54,0.014008074,124R
DieHard Silver,DieHard,https://shop.advanceautoparts.com/p/diehard-silver-battery-group-size-124r-600-cca-124r-1/2040182-P?navigationPath=L1*14920%7CL2*15000%7CL3*15597%7CL4*13646,NA,124R,600 A,750 A,601-800AMP,8.625,10.32,7,501-1000sq.inch,Top Left,Top Right,120 min,Top Mount,12 volt,44.4,>40pound,NA,"Battery, Group Size 124R, 600 CCA",(653 reviews),2 YR FREE REPLACEMENT,159.99,101-200$,2040182,2040182,240,https://shop.advanceautoparts.com/c4/battery/13646?term=batteries?,Battery,38397.6,0.008636903,124R
DieHard Platinum AGM,DieHard,https://shop.advanceautoparts.com/p/diehard-platinum-agm-battery-group-size-35-650-cca-35-agm/11920814-P?navigationPath=L1*14920%7CL2*15000%7CL3*15597%7CL4*13646,NA,35,650 A,800 A,601-800AMP,8.875,9.06,6.937,501-1000sq.inch,Top Left,Top Right,100 min,Top Mount,12 volt,40.4,>40pound,55.0 Ah,"Battery, Group Size 35, 650 CCA",(0 reviews),3 YR REPLACEMENT IF DEFECTIVE,209.99,201-400$,11920814,11920814,291,https://shop.advanceautoparts.com/c4/battery/13646?term=batteries?,Battery,61107.09,0.013745025,35
DieHard Red,DieHard,https://shop.advanceautoparts.com/p/diehard-red-battery-group-size-24f-550-cca-24f-2/2070073-P?navigationPath=L1*14920%7CL2*15000%7CL3*15597%7CL4*13646,NA,24F,550 A,685 A,601-800AMP,9,10.75,6.812,501-1000sq.inch,Top Left,Top Right,85 min,Top Mount,12 volt,37.5,20.1-40pound,NA,"Battery, Group Size 24F, 550 CCA",(48 reviews),1 YR FREE REPLACEMENT,99.99,51-100$,2070073,2070073,196,https://shop.advanceautoparts.com/c4/battery/13646?term=batteries?,Battery,19598.04,0.004408254,24F
DieHard Platinum,DieHard,https://shop.advanceautoparts.com/p/diehard-platinum-battery-din-group-size-h6-730-cca-910-ca-120-rc-48h6-rp/12257814-P?navigationPath=L1*14920%7CL2*15000%7CL3*15597%7CL4*13646,NA,NA,730 A,910 A,801-1000AMP,NA,NA,NA,NA,Top Left,Top Right,120 min,Top Mount,12 volt,NA,NA,NA,"Battery, DIN Group Size H6, 730 CCA, 910 CA, 120 RC",(0 reviews),4 YR REPLACEMENT IF DEFECTIVE,199.99,101-200$,12257814,12257814,274,https://shop.advanceautoparts.com/c4/battery/13646?term=batteries?,Battery,54797.26,0.012325734,DIN H6
DieHard Silver,DieHard,https://shop.advanceautoparts.com/p/diehard-silver-battery-group-size-35-500-cca-35-1/2040050-P?navigationPath=L1*14920%7CL2*15000%7CL3*15597%7CL4*13646,NA,35,500 A,625 A,601-800AMP,8.875,9.06,6.937,501-1000sq.inch,Top Left,Top Right,80 min,Top Mount,12 volt,33.95,20.1-40pound,NA,"Battery, Group Size 35, 500 CCA",(133 reviews),2 YR FREE REPLACEMENT,159.99,101-200$,2040050,2040050,460,https://shop.advanceautoparts.com/c4/battery/13646?term=batteries?,Battery,73595.4,0.016554063,35
DieHard Silver,DieHard,https://shop.advanceautoparts.com/p/diehard-silver-battery-group-size-86-525-cca-86-1/2040180-P?navigationPath=L1*14920%7CL2*15000%7CL3*15597%7CL4*13646,NA,86,525 A,625 A,601-800AMP,8,9.06,6.812,201-500sq.inch,Top Right,Top Left,90 min,Top Mount,12 volt,31.11,20.1-40pound,NA,"Battery, Group Size 86, 525 CCA",(130 reviews),2 YR FREE REPLACEMENT,159.99,101-200$,2040180,2040180,262,https://shop.advanceautoparts.com/c4/battery/13646?term=batteries?,Battery,41917.38,0.009428619,86
DieHard Platinum AGM,DieHard,https://shop.advanceautoparts.com/p/diehard-platinum-agm-battery-group-size-h5-680-cca-h5-agm/10700670-P?navigationPath=L1*14920%7CL2*15000%7CL3*15597%7CL4*13646,NA,NA,680 A,850 A,801-1000AMP,7.5,9.562,6.937,201-500sq.inch,Top Left,Top Right,100 min,Top Mount,12 volt,39.6,20.1-40pound,60.0 Ah,"Battery, Group Size H5, 680 CCA",(24 reviews),3 YR FREE REPLACEMENT,209.99,201-400$,10700670,10700670,153,https://shop.advanceautoparts.com/c4/battery/13646?term=batteries?,Battery,32128.47,0.007226766,H5
Value Battery,Value Battery,https://shop.advanceautoparts.com/p/value-battery-battery-group-size-75-86-650-cca-7586dt-v/11410642-P?navigationPath=L1*14920%7CL2*15000%7CL3*15597%7CL4*13646,NA,NA,650 A,810 A,801-1000AMP,7.312,9.06,7.06,201-500sq.inch,NA,NA,93 min,Dual Terminal,12 volt,32.55,20.1-40pound,NA,"Battery, Group Size 75/86, 650 CCA",(65 reviews),90 DAY REPLACEMENT IF DEFECTIVE,84.99,51-100$,11410642,11410642,11,https://shop.advanceautoparts.com/c4/battery/13646?term=batteries?,Battery,934.89,0.00021,75/86
DieHard HD Battery,DieHard,https://shop.advanceautoparts.com/p/diehard-hd-battery-heavy-duty-commercial-farm-battery-group-size-31t-950-cca-31s30/2100096-P?navigationPath=L1*14920%7CL2*15000%7CL3*15597%7CL4*13646,NA,31T,950 A,1140 A,1001-1500AMP,9.5,13,6.75,501-1000sq.inch,Top Right,Top Left,175 min,Top Mount,12 volt,59.6,>40pound,NA,"Heavy Duty Commercial & Farm Battery, Group Size 31T, 950 CCA",(34 reviews),1 YR REPLACEMENT IF DEFECTIVE,132.99,101-200$,2100096,2100096,437,https://shop.advanceautoparts.com/c4/battery/13646?term=batteries?,Battery,58116.63,0.013072371,31T
DieHard Red,DieHard,https://shop.advanceautoparts.com/p/diehard-red-battery-group-size-34-600-cca-34-0/12184483-P?navigationPath=L1*14920%7CL2*15000%7CL3*15597%7CL4*13646,NA,34,600 A,750 A,601-800AMP,NA,NA,NA,NA,Top Right,Top Left,100 min,Top Mount,12 volt,NA,NA,NA,"Battery, Group Size 34, 600 CCA",(0 reviews),12 MO.FREE REPL 0 MO.PRORATED,99.99,51-100$,12184483,12184483,132,https://shop.advanceautoparts.com/c4/battery/13646?term=batteries?,Battery,13198.68,0.002968824,34
DieHard Platinum AGM,DieHard,https://shop.advanceautoparts.com/p/diehard-platinum-agm-battery-group-size-65-750-cca-65-agm/10310830-P?navigationPath=L1*14920%7CL2*15000%7CL3*15597%7CL4*13646,NA,65,750 A,935 A,801-1000AMP,7.437,12.06,7.562,501-1000sq.inch,Top Right,Top Left,120 min,Top Mount,12 volt,42.5,>40pound,68.0 Ah,"Battery, Group Size 65, 750 CCA",(74 reviews),3 YR FREE REPLACEMENT,209.99,201-400$,10310830,10310830,215,https://shop.advanceautoparts.com/c4/battery/13646?term=batteries?,Battery,45147.85,0.010155259,65
DieHard Silver,DieHard,https://shop.advanceautoparts.com/p/diehard-silver-battery-group-size-121r-600-cca-121r-2/2130017-P?navigationPath=L1*14920%7CL2*15000%7CL3*15597%7CL4*13646,NA,121R,600 A,750 A,601-800AMP,8.5,8.25,6.889,201-500sq.inch,Top Left,Top Right,100 min,Top Mount,12 volt,30.54,20.1-40pound,NA,"Battery, Group Size 121R, 600 CCA",(203 reviews),2 YR FREE REPLACEMENT,159.99,101-200$,2130017,2130017,216,https://shop.advanceautoparts.com/c4/battery/13646?term=batteries?,Battery,34557.84,0.007773212,121R
DieHard Gold,DieHard,https://shop.advanceautoparts.com/p/diehard-gold-battery-group-size-t5-650-cca-90-t5/2130019-P?navigationPath=L1*14920%7CL2*15000%7CL3*15597%7CL4*13646,NA,NA,650 A,810 A,801-1000AMP,6.937,9.562,6.937,201-500sq.inch,Top Left,Top Right,90 min,Top Mount,12 volt,31.6,20.1-40pound,NA,"Battery, Group Size T5, 650 CCA",(242 reviews),3 YR FREE REPLACEMENT,179.99,101-200$,2130019,2130019,237,https://shop.advanceautoparts.com/c4/battery/13646?term=batteries?,Battery,42657.63,0.009595126,T5
DieHard Platinum,DieHard,https://shop.advanceautoparts.com/p/diehard-platinum-battery-bci-group-size-35-585-cca-730-ca-100-rc-35-rp/12257813-P?navigationPath=L1*14920%7CL2*15000%7CL3*15597%7CL4*13646,NA,35,585 A,730 A,601-800AMP,NA,NA,NA,NA,Top Left,Top Right,100 min,Top Mount,12 volt,NA,NA,NA,"Battery, BCI Group Size 35, 585 CCA, 730 CA, 100 RC",(0 reviews),4 YR REPLACEMENT IF DEFECTIVE,199.99,101-200$,12257813,12257813,247,https://shop.advanceautoparts.com/c4/battery/13646?term=batteries?,Battery,49397.53,0.011111154,BCI 35
Optima,Optima,https://shop.advanceautoparts.com/p/optima-red-top-battery-group-size-35-720-cca-35/16940003-P?navigationPath=L1*14920%7CL2*15000%7CL3*15597%7CL4*13646,NA,35,720 A,910 A,801-1000AMP,7.687,9.375,6.75,201-500sq.inch,Top Left,Top Right,90 min,Top Mount,12 volt,31.7,20.1-40pound,44.0 Ah,"Red Top Battery, Group Size 35, 720 CCA",(206 reviews),3 YR FREE REPLACEMENT,244.99,201-400$,16940003,16940003,100,https://shop.advanceautoparts.com/c4/battery/13646?term=batteries?,Battery,24499,0.005510643,35
DieHard Gold,DieHard,https://shop.advanceautoparts.com/p/diehard-gold-battery-group-size-24-700-cca-24-6/2130000-P?navigationPath=L1*14920%7CL2*15000%7CL3*15597%7CL4*13646,NA,24,700 A,875 A,801-1000AMP,8.875,10.25,6.812,501-1000sq.inch,Top Right,Top Left,130 min,Top Mount,12 volt,41.6,>40pound,NA,"Battery, Group Size 24, 700 CCA",(352 reviews),3 YR FREE REPLACEMENT,179.99,101-200$,2130000,2130000,256,https://shop.advanceautoparts.com/c4/battery/13646?term=batteries?,Battery,46077.44,0.010364355,24
DieHard Silver,DieHard,https://shop.advanceautoparts.com/p/diehard-silver-battery-group-size-96r-550-cca-96r-2/12184482-P?navigationPath=L1*14920%7CL2*15000%7CL3*15597%7CL4*13646,NA,96R,550 A,685 A,601-800AMP,NA,NA,NA,NA,Top Left,Top Right,85 min,Top Mount,12 volt,NA,NA,NA,"Battery, Group Size 96R, 550 CCA",(0 reviews),2 YR FREE REPLACEMENT,159.99,101-200$,12184482,12184482,179,https://shop.advanceautoparts.com/c4/battery/13646?term=batteries?,Battery,28638.21,0.00644169,96R
DieHard Red,DieHard,https://shop.advanceautoparts.com/p/diehard-red-battery-group-size-78-650-cca-78-0/12101237-P?navigationPath=L1*14920%7CL2*15000%7CL3*15597%7CL4*13646,NA,78,650 A,810 A,801-1000AMP,NA,NA,NA,NA,Side Right,Side Left,120 min,Side Mount,12 volt,NA,NA,NA,"Battery, Group Size 78, 650 CCA",(0 reviews),1 YR REPLACEMENT IF DEFECTIVE,99.99,51-100$,12101237,12101237,146,https://shop.advanceautoparts.com/c4/battery/13646?term=batteries?,Battery,14598.54,0.003283699,78
DieHard Gold,DieHard,https://shop.advanceautoparts.com/p/diehard-gold-battery-group-size-75-700-cca-75ft-3/11017958-P?navigationPath=L1*14920%7CL2*15000%7CL3*15597%7CL4*13646,NA,75,700 A,875 A,801-1000AMP,7.312,9.062,7.062,201-500sq.inch,Side Right,Side Left,95 min,Side Mount,12 volt,32.41,20.1-40pound,NA,"Battery, Group Size 75, 700 CCA",(220 reviews),3 YR FREE REPLACEMENT,179.99,101-200$,11017958,11017958,227,https://shop.advanceautoparts.com/c4/battery/13646?term=batteries?,Battery,40857.73,0.009190268,75
Value Battery,Value Battery,https://shop.advanceautoparts.com/p/value-battery-battery-group-size-65-650-cca-65-v/11410583-P?navigationPath=L1*14920%7CL2*15000%7CL3*15597%7CL4*13646,NA,65,650 A,810 A,801-1000AMP,7.562,12.06,7.562,501-1000sq.inch,Top Right,Top Left,80 min,Top Mount,12 volt,38.61,20.1-40pound,NA,"Battery, Group Size 65, 650 CCA",(38 reviews),90 DAY REPLACEMENT IF DEFECTIVE,84.99,51-100$,11410583,11410583,6,https://shop.advanceautoparts.com/c4/battery/13646?term=batteries?,Battery,509.94,0.000115,65
Value Battery,Value Battery,https://shop.advanceautoparts.com/p/value-battery-battery-group-size-h6-615-cca-48h6-v/11942678-P?navigationPath=L1*14920%7CL2*15000%7CL3*15597%7CL4*13646,NA,NA,615 A,765 A,601-800AMP,7.5,11,6.937,501-1000sq.inch,Top Left,Top Right,95 min,Top Mount,12 volt,38.81,20.1-40pound,NA,"Battery, Group Size H6, 615 CCA",(0 reviews),90 DAY REPLACEMENT IF DEFECTIVE,94.99,51-100$,11942678,11942678,50,https://shop.advanceautoparts.com/c4/battery/13646?term=batteries?,Battery,4749.5,0.001068321,H6
DieHard Silver,DieHard,https://shop.advanceautoparts.com/p/diehard-silver-battery-group-size-59-590-cca-59-3/99996785-P?navigationPath=L1*14920%7CL2*15000%7CL3*15597%7CL4*13646,NA,59,590 A,735 A,601-800AMP,7.75,10.06,7.62,501-1000sq.inch,Top Right,Top Left,100 min,Top Mount,12 volt,32.61,20.1-40pound,NA,"Battery, Group Size 59, 590 CCA",(142 reviews),2 YR FREE REPLACEMENT,159.99,101-200$,99996785,99996785,184,https://shop.advanceautoparts.com/c4/battery/13646?term=batteries?,Battery,29438.16,0.006621625,59
DieHard Platinum,DieHard,https://shop.advanceautoparts.com/p/diehard-platinum-battery-bci-group-size-24f-750-cca-935-ca-130-rc-24f-rp/12257749-P?navigationPath=L1*14920%7CL2*15000%7CL3*15597%7CL4*13646,NA,24F,750 A,935 A,801-1000AMP,NA,NA,NA,NA,Top Left,Top Right,130 min,Top Mount,12 volt,NA,NA,NA,"Battery, BCI Group Size 24F, 750 CCA, 935 CA, 130 RC",(0 reviews),4 YR REPLACEMENT IF DEFECTIVE,199.99,101-200$,12257749,12257749,198,https://shop.advanceautoparts.com/c4/battery/13646?term=batteries?,Battery,39598.02,0.008906917,BCI 24F
Optima,Optima,https://shop.advanceautoparts.com/p/optima-red-top-battery-group-size-34-78-800-cca-34-78-980/16080024-P?navigationPath=L1*14920%7CL2*15000%7CL3*15597%7CL4*13646,NA,NA,800 A,1000 A,801-1000AMP,7.875,10.06,6.94,501-1000sq.inch,NA,NA,100 min,Dual Terminal,12 volt,38.8,20.1-40pound,NA,"Red Top Battery, Group Size 34/78, 800 CCA",(251 reviews),3 YR FREE REPLACEMENT,254.99,201-400$,16080024,16080024,132,https://shop.advanceautoparts.com/c4/battery/13646?term=batteries?,Battery,33658.68,0.007570961,34/78
DieHard Silver,DieHard,https://shop.advanceautoparts.com/p/diehard-silver-battery-group-size-t5-590-cca-90-t5-1/10450551-P?navigationPath=L1*14920%7CL2*15000%7CL3*15597%7CL4*13646,NA,NA,590 A,735 A,601-800AMP,6.937,9.562,6.937,201-500sq.inch,Top Left,Top Right,90 min,Top Mount,12 volt,31.6,20.1-40pound,NA,"Battery, Group Size T5, 590 CCA",(81 reviews),2 YR FREE REPLACEMENT,159.99,101-200$,10450551,10450551,146,https://shop.advanceautoparts.com/c4/battery/13646?term=batteries?,Battery,23358.54,0.005254116,T5
DieHard Red,DieHard,https://shop.advanceautoparts.com/p/diehard-red-battery-group-size-75-550-cca-75-1/2040123-P?navigationPath=L1*14920%7CL2*15000%7CL3*15597%7CL4*13646,NA,75,550 A,685 A,601-800AMP,7.312,9.062,7.062,201-500sq.inch,Side Right,Side Left,70 min,Side Mount,12 volt,29.91,20.1-40pound,NA,"Battery, Group Size 75, 550 CCA",(170 reviews),1 YR FREE REPLACEMENT,99.99,51-100$,2040123,2040123,149,https://shop.advanceautoparts.com/c4/battery/13646?term=batteries?,Battery,14898.51,0.003351172,75
DieHard Powersports,DieHard,https://shop.advanceautoparts.com/p/diehard-powersports-powersports-battery-group-size-btx30l-385-cca-tx30la/16940019-P?navigationPath=L1*14920%7CL2*15000%7CL3*15597%7CL4*13646,NA,NA,385 A,NA,NA,6.812,6.562,4.937,201-500sq.inch,Top Left,Top Right,NA,Top Mount,12 volt,21.58,20.1-40pound,30.0 Ah,"Powersports Battery, Group Size BTX30L, 385 CCA",(170 reviews),90 DAY REPLACEMENT IF DEFECTIVE,146.99,101-200$,16940019,16940019,131,https://shop.advanceautoparts.com/c4/battery/13646?term=batteries?,Battery,19255.69,0.004331248,BTX30L
DieHard Platinum AGM,DieHard,https://shop.advanceautoparts.com/p/diehard-platinum-agm-battery-bci-group-size-400-200-cca-aux14-1/12268738-P?navigationPath=L1*14920%7CL2*15000%7CL3*15597%7CL4*13646,NA,NA,200 A,NA,NA,6.13,6.13,3.75,101-200sq.inch,Top Right,Top Left,NA,Top Mount,12 volt,9.81,5.1-10pound,NA,"Battery, BCI Group Size 400, 200 CCA",(0 reviews),1 YR FREE REPLACEMENT,109.99,101-200$,12268738,12268738,68,https://shop.advanceautoparts.com/c4/battery/13646?term=batteries?,Battery,7479.32,0.001682349,BCI 400
DieHard Silver,DieHard,https://shop.advanceautoparts.com/p/diehard-silver-battery-group-size-78-700-cca-78-1/2040057-P?navigationPath=L1*14920%7CL2*15000%7CL3*15597%7CL4*13646,NA,78,700 A,875 A,801-1000AMP,7.312,10.25,7.062,501-1000sq.inch,Side Right,Side Left,120 min,Side Mount,12 volt,36.4,20.1-40pound,NA,"Battery, Group Size 78, 700 CCA",(194 reviews),2 YR FREE REPLACEMENT,159.99,101-200$,2040057,2040057,236,https://shop.advanceautoparts.com/c4/battery/13646?term=batteries?,Battery,37757.64,0.008492954,78
DieHard Gold,DieHard,https://shop.advanceautoparts.com/p/diehard-gold-battery-group-size-h8-900-cca-49h8/2130012-P?navigationPath=L1*14920%7CL2*15000%7CL3*15597%7CL4*13646,NA,NA,900 A,1000 A,801-1000AMP,7.5,13.937,6.937,501-1000sq.inch,Top Left,Top Right,150 min,Top Mount,12 volt,48.01,>40pound,NA,"Battery, Group Size H8, 900 CCA",(354 reviews),3 YR FREE REPLACEMENT,179.99,101-200$,2130012,2130012,230,https://shop.advanceautoparts.com/c4/battery/13646?term=batteries?,Battery,41397.7,0.009311725,H8
DieHard Silver,DieHard,https://shop.advanceautoparts.com/p/diehard-silver-battery-group-size-25-550-cca-25-1/2040042-P?navigationPath=L1*14920%7CL2*15000%7CL3*15597%7CL4*13646,NA,25,550 A,685 A,601-800AMP,8.86,9.06,6.89,501-1000sq.inch,Top Right,Top Left,100 min,Top Mount,12 volt,34.46,20.1-40pound,NA,"Battery, Group Size 25, 550 CCA",(37 reviews),2 YR FREE REPLACEMENT,159.99,101-200$,2040042,2040042,243,https://shop.advanceautoparts.com/c4/battery/13646?term=batteries?,Battery,38877.57,0.008744864,25
DieHard Silver,DieHard,https://shop.advanceautoparts.com/p/diehard-silver-battery-group-size-51-500-cca-51-2/2130010-P?navigationPath=L1*14920%7CL2*15000%7CL3*15597%7CL4*13646,NA,51,500 A,625 A,601-800AMP,8.75,9.375,5.062,201-500sq.inch,Top Right,Top Left,85 min,Top Mount,12 volt,27.81,20.1-40pound,NA,"Battery, Group Size 51, 500 CCA",(117 reviews),2 YR FREE REPLACEMENT,159.99,101-200$,2130010,2130010,135,https://shop.advanceautoparts.com/c4/battery/13646?term=batteries?,Battery,21598.65,0.004858258,51
Optima,Optima,https://shop.advanceautoparts.com/p/optima-yellow-top-deep-cycle-battery-group-size-h7-880-cca-1000-ca-154-rc-dh7/12256996-P?navigationPath=L1*14920%7CL2*15000%7CL3*15597%7CL4*13646,NA,NA,880 A,NA,NA,7.48,12.4,6.89,501-1000sq.inch,Top Left,Top Right,154 min,NA,12 volt,60.5,>40pound,80.0 Ah,"Yellow Top Deep Cycle Battery, Group Size H7, 880 CCA, 1000 CA, 154 RC",(0 reviews),3 YR REPLACEMENT IF DEFECTIVE,319.99,201-400$,12256996,12256996,43,https://shop.advanceautoparts.com/c4/battery/13646?term=batteries?,Battery,13759.57,0.003094987,H7
DieHard Gold,DieHard,https://shop.advanceautoparts.com/p/diehard-gold-battery-group-size-86-650-cca-86-2/2130013-P?navigationPath=L1*14920%7CL2*15000%7CL3*15597%7CL4*13646,NA,86,650 A,812 A,801-1000AMP,8,9.06,6.812,201-500sq.inch,Top Right,Top Left,95 min,Top Mount,12 volt,32.24,20.1-40pound,NA,"Battery, Group Size 86, 650 CCA",(235 reviews),3 YR FREE REPLACEMENT,179.99,101-200$,2130013,2130013,256,https://shop.advanceautoparts.com/c4/battery/13646?term=batteries?,Battery,46077.44,0.010364355,86
DieHard Silver,DieHard,https://shop.advanceautoparts.com/p/diehard-silver-battery-group-size-36r-650-cca-36r-1/2040000-P?navigationPath=L1*14920%7CL2*15000%7CL3*15597%7CL4*13646,NA,36R,650 A,813 A,801-1000AMP,8.125,10.375,7.187,501-1000sq.inch,Top Left,Top Right,130 min,Top Mount,12 volt,38.73,20.1-40pound,NA,"Battery, Group Size 36R, 650 CCA",(340 reviews),2 YR FREE REPLACEMENT,159.99,101-200$,2040000,2040000,122,https://shop.advanceautoparts.com/c4/battery/13646?term=batteries?,Battery,19518.78,0.004390425,36R
DieHard Platinum,DieHard,https://shop.advanceautoparts.com/p/diehard-platinum-battery-bci-group-size-78-800-cca-1000-ca-115-rc-78ft-rp/12277122-P?navigationPath=L1*14920%7CL2*15000%7CL3*15597%7CL4*13646,NA,78,800 A,1000 A,801-1000AMP,NA,NA,NA,NA,Side Right,Side Left,115 min,Side Mount,12 volt,NA,NA,NA,"Battery, BCI Group Size 78, 800 CCA, 1000 CA, 115 RC",(0 reviews),4 YR REPLACEMENT IF DEFECTIVE,199.99,101-200$,12277122,12277122,115,https://shop.advanceautoparts.com/c4/battery/13646?term=batteries?,Battery,22998.85,0.005173209,BCI 78
Optima,Optima,https://shop.advanceautoparts.com/p/optima-yellow-top-deep-cycle-battery-group-size-h6-800-cca-925-ca-140-rc-dh6/12023820-P?navigationPath=L1*14920%7CL2*15000%7CL3*15597%7CL4*13646,NA,NA,800 A,925 A,801-1000AMP,7.5,11,6.937,501-1000sq.inch,Top Left,Top Right,140 min,Top Mount,12 volt,54,>40pound,72.0 Ah,"Yellow Top Deep Cycle Battery, Group Size H6, 800 CCA, 925 CA, 140 RC",(0 reviews),3 YR REPLACEMENT IF DEFECTIVE,309.99,201-400$,12023820,12023820,74,https://shop.advanceautoparts.com/c4/battery/13646?term=batteries?,Battery,22939.26,0.005159806,H6
Optima,Optima,https://shop.advanceautoparts.com/p/optima-yellow-top-deep-cycle-battery-group-size-35-620-cca-d35/16940021-P?navigationPath=L1*14920%7CL2*15000%7CL3*15597%7CL4*13646,NA,35,620 A,770 A,601-800AMP,6.687,9.375,6.75,201-500sq.inch,Top Left,Top Right,100 min,Top Mount,12 volt,36.4,20.1-40pound,NA,"Yellow Top Deep Cycle Battery, Group Size 35, 620 CCA",(105 reviews),3 YR FREE REPLACEMENT,264.99,201-400$,16940021,16940021,24,https://shop.advanceautoparts.com/c4/battery/13646?term=batteries?,Battery,6359.76,0.001430522,35
DieHard Silver,DieHard,https://shop.advanceautoparts.com/p/diehard-silver-battery-group-size-h8-825-cca-93-1/2040034-P?navigationPath=L1*14920%7CL2*15000%7CL3*15597%7CL4*13646,NA,NA,825 A,1000 A,801-1000AMP,7.5,13.937,6.937,501-1000sq.inch,Top Left,Top Right,135 min,Top Mount,12 volt,47.41,>40pound,NA,"Battery, Group Size H8, 825 CCA",(93 reviews),2 YR FREE REPLACEMENT,159.99,101-200$,2040034,2040034,65,https://shop.advanceautoparts.com/c4/battery/13646?term=batteries?,Battery,10399.35,0.002339161,H8
DieHard Marine,DieHard,https://shop.advanceautoparts.com/p/diehard-marine-marine-battery-group-size-27m-800-cca-m27-1/10890045-P?navigationPath=L1*14920%7CL2*15000%7CL3*15597%7CL4*13646,NA,NA,800 A,NA,NA,8.812,12.06,6.812,501-1000sq.inch,Top Left,Top Right,182 min,Top Mount,12 volt,56.21,>40pound,NA,"Marine Battery, Group Size 27M, 800 CCA",(1 reviews),12 MO FREE REPLACMENT,104.99,101-200$,10890045,10890045,26,https://shop.advanceautoparts.com/c4/battery/13646?term=batteries?,Battery,2729.74,0.000614,27M
DieHard Gold,DieHard,https://shop.advanceautoparts.com/p/diehard-gold-battery-group-size-151r-370-cca-151r/10081210-P?navigationPath=L1*14920%7CL2*15000%7CL3*15597%7CL4*13646,NA,151R,370 A,425 A,400-600AMP,8.875,7.437,4.937,201-500sq.inch,Top Left,Top Right,57 min,Top Mount,12 volt,22.5,20.1-40pound,NA,"Battery, Group Size 151R, 370 CCA",(76 reviews),3 YR FREE REPLACEMENT,179.99,101-200$,10081210,10081210,139,https://shop.advanceautoparts.com/c4/battery/13646?term=batteries?,Battery,25018.61,0.005627521,151R
DieHard Silver,DieHard,https://shop.advanceautoparts.com/p/diehard-silver-battery-group-size-27f-710-cca-27f-3/2040183-P?navigationPath=L1*14920%7CL2*15000%7CL3*15597%7CL4*13646,NA,27F,710 A,885 A,801-1000AMP,8.937,12.5,6.812,501-1000sq.inch,Top Left,Top Right,165 min,Top Mount,12 volt,49.94,>40pound,NA,"Battery, Group Size 27F, 710 CCA",(169 reviews),2 YR FREE REPLACEMENT,159.99,101-200$,2040183,2040183,142,https://shop.advanceautoparts.com/c4/battery/13646?term=batteries?,Battery,22718.58,0.005110167,27F
Optima,Optima,https://shop.advanceautoparts.com/p/optima-red-top-battery-group-size-25-720-cca-25/16940002-P?navigationPath=L1*14920%7CL2*15000%7CL3*15597%7CL4*13646,NA,25,720 A,910 A,801-1000AMP,7.69,9.38,6.75,201-500sq.inch,Top Right,Top Left,90 min,Top Mount,12 volt,31.7,20.1-40pound,NA,"Red Top Battery, Group Size 25, 720 CCA",(85 reviews),3 YR FREE REPLACEMENT,224.99,201-400$,16940002,16940002,49,https://shop.advanceautoparts.com/c4/battery/13646?term=batteries?,Battery,11024.51,0.00247978,25
DieHard Platinum AGM,DieHard,https://shop.advanceautoparts.com/p/diehard-platinum-agm-battery-group-size-51r-435-cca-51r-agm/11920918-P?navigationPath=L1*14920%7CL2*15000%7CL3*15597%7CL4*13646,NA,51R,435 A,540 A,400-600AMP,8.75,9.375,5.06,201-500sq.inch,Top Left,Top Right,75 min,Top Mount,12 volt,27,20.1-40pound,41.0 Ah,"Battery, Group Size 51R, 435 CCA",(0 reviews),3 YR REPLACEMENT IF DEFECTIVE,209.99,201-400$,11920918,11920918,134,https://shop.advanceautoparts.com/c4/battery/13646?term=batteries?,Battery,28138.66,0.006329324,51R
DieHard Silver,DieHard,https://shop.advanceautoparts.com/p/diehard-silver-battery-group-size-24-600-cca-24ft-5/11018022-P?navigationPath=L1*14920%7CL2*15000%7CL3*15597%7CL4*13646,NA,24,600 A,750 A,601-800AMP,8.875,10.25,6.812,501-1000sq.inch,Top Right,Top Left,110 min,Top Mount,12 volt,37.5,20.1-40pound,NA,"Battery, Group Size 24, 600 CCA",(42 reviews),2 YR FREE REPLACEMENT,159.99,101-200$,11018022,11018022,148,https://shop.advanceautoparts.com/c4/battery/13646?term=batteries?,Battery,23678.52,0.00532609,24
DieHard Silver,DieHard,https://shop.advanceautoparts.com/p/diehard-silver-battery-group-size-58-550-cca-58-2/2040360-P?navigationPath=L1*14920%7CL2*15000%7CL3*15597%7CL4*13646,NA,58,550 A,665 A,601-800AMP,6.937,10.06,7.187,501-1000sq.inch,Top Right,Top Left,80 min,Top Mount,12 volt,28.09,20.1-40pound,NA,"Battery, Group Size 58, 550 CCA",(118 reviews),2 YR FREE REPLACEMENT,159.99,101-200$,2040360,2040360,138,https://shop.advanceautoparts.com/c4/battery/13646?term=batteries?,Battery,22078.62,0.004966219,58
DieHard Silver,DieHard,https://shop.advanceautoparts.com/p/diehard-silver-battery-group-size-27-810-cca-27-3/2040131-P?navigationPath=L1*14920%7CL2*15000%7CL3*15597%7CL4*13646,NA,27,810 A,1000 A,801-1000AMP,8.875,12.06,6.812,501-1000sq.inch,Top Right,Top Left,140 min,Top Mount,12 volt,48.6,>40pound,NA,"Battery, Group Size 27, 810 CCA",(138 reviews),2 YR FREE REPLACEMENT,159.99,101-200$,2040131,2040131,122,https://shop.advanceautoparts.com/c4/battery/13646?term=batteries?,Battery,19518.78,0.004390425,27
DieHard Silver,DieHard,https://shop.advanceautoparts.com/p/diehard-silver-battery-group-size-26-525-cca-26-3/2040328-P?navigationPath=L1*14920%7CL2*15000%7CL3*15597%7CL4*13646,NA,26,525 A,655 A,601-800AMP,7.75,8.187,6.812,201-500sq.inch,Top Right,Top Left,60 min,Top Mount,12 volt,27.9,20.1-40pound,NA,"Battery, Group Size 26, 525 CCA",(114 reviews),2 YR FREE REPLACEMENT,159.99,101-200$,2040328,2040328,184,https://shop.advanceautoparts.com/c4/battery/13646?term=batteries?,Battery,29438.16,0.006621625,26
DieHard Platinum AGM,DieHard,https://shop.advanceautoparts.com/p/diehard-platinum-agm-battery-group-size-96r-590-cca-96r-agm/12102917-P?navigationPath=L1*14920%7CL2*15000%7CL3*15597%7CL4*13646,NA,96R,590 A,735 A,601-800AMP,7,7,9.5,201-500sq.inch,Top Left,Top Right,80 min,Top Mount,12 volt,31,20.1-40pound,45.0 Ah,"Battery, Group Size 96R, 590 CCA",(0 reviews),3 YR REPLACEMENT IF DEFECTIVE,209.99,201-400$,12102917,12102917,67,https://shop.advanceautoparts.com/c4/battery/13646?term=batteries?,Battery,14069.33,0.003164662,96R
DieHard Platinum,DieHard,https://shop.advanceautoparts.com/p/diehard-platinum-battery-group-size-h5-650-cca-810-ca-100-rc-47h5-rp/12495887-P?navigationPath=L1*14920%7CL2*15000%7CL3*15597%7CL4*13646,NA,H5,650 A,810 A,801-1000AMP,7.4,9.5,6.9,201-500sq.inch,Top Left,Top Right,100 min,Top Mount,12 volt,35,20.1-40pound,NA,"Battery, Group Size H5, 650 CCA, 810 CA, 100 RC",(0 reviews),4 YR REPLACEMENT IF DEFECTIVE,199.99,101-200$,12495887,12495887,101,https://shop.advanceautoparts.com/c4/battery/13646?term=batteries?,Battery,20198.99,0.004543427,H5
DieHard Platinum AGM,DieHard,https://shop.advanceautoparts.com/p/diehard-platinum-agm-battery-group-size-s46b24r-410-cca-s46b24r/10700314-P?navigationPath=L1*14920%7CL2*15000%7CL3*15597%7CL4*13646,NA,NA,410 A,510 A,400-600AMP,8.937,9.312,5.06,201-500sq.inch,Top Right,Top Left,75 min,Top Mount,12 volt,26,20.1-40pound,41.0 Ah,"Battery, Group Size S46B24R, 410 CCA",(20 reviews),3 YR FREE REPLACEMENT,209.99,201-400$,10700314,10700314,71,https://shop.advanceautoparts.com/c4/battery/13646?term=batteries?,Battery,14909.29,0.003353597,S46B24R
DieHard Platinum AGM,DieHard,https://shop.advanceautoparts.com/p/diehard-platinum-agm-battery-group-size-h9-950-cca-h9-agm/10866724-P?navigationPath=L1*14920%7CL2*15000%7CL3*15597%7CL4*13646,NA,NA,950 A,1000 A,801-1000AMP,7.5,15.562,6.937,501-1000sq.inch,Top Left,Top Right,190 min,Top Mount,12 volt,65.4,>40pound,100 Ah,"Battery, Group Size H9, 950 CCA",(3 reviews),3 YR FREE REPLACEMENT,209.99,201-400$,10866724,10866724,31,https://shop.advanceautoparts.com/c4/battery/13646?term=batteries?,Battery,6509.69,0.001464247,H9
DieHard Powersports,DieHard,https://shop.advanceautoparts.com/p/diehard-powersports-powersports-battery-group-size-btx14ah-bs-210-cca-tx14ah/16940012-P?navigationPath=L1*14920%7CL2*15000%7CL3*15597%7CL4*13646,NA,NA,210 A,NA,NA,6.437,5.25,3.562,101-200sq.inch,Top Right,Top Left,NA,Top Mount,12 volt,10.69,10.1-20pound,12.0 Ah,"Powersports Battery, Group Size BTX14AH-BS, 210 CCA",(50 reviews),90 DAY REPLACEMENT IF DEFECTIVE,89.99,51-100$,16940012,16940012,280,https://shop.advanceautoparts.com/c4/battery/13646?term=batteries?,Battery,25197.2,0.005667692,BTX14AH-BS
DieHard Platinum,DieHard,https://shop.advanceautoparts.com/p/diehard-platinum-battery-bci-group-size-65-750-cca-935-ca-150-rc-65-rp/12257750-P?navigationPath=L1*14920%7CL2*15000%7CL3*15597%7CL4*13646,NA,65,750 A,935 A,801-1000AMP,NA,NA,NA,NA,Top Right,Top Left,150 min,Top Mount,12 volt,NA,NA,NA,"Battery, BCI Group Size 65, 750 CCA, 935 CA, 150 RC",(0 reviews),4 YR REPLACEMENT IF DEFECTIVE,199.99,101-200$,12257750,12257750,191,https://shop.advanceautoparts.com/c4/battery/13646?term=batteries?,Battery,38198.09,0.008592026,BCI 65
DieHard Silver,DieHard,https://shop.advanceautoparts.com/p/diehard-silver-battery-group-size-34-660-cca-34-1/2040271-P?navigationPath=L1*14920%7CL2*15000%7CL3*15597%7CL4*13646,NA,34,660 A,885 A,801-1000AMP,7.875,10.25,6.812,501-1000sq.inch,Top Right,Top Left,115 min,Top Mount,12 volt,37.51,20.1-40pound,NA,"Battery, Group Size 34, 660 CCA",(215 reviews),2 YR FREE REPLACEMENT,159.99,101-200$,2040271,2040271,219,https://shop.advanceautoparts.com/c4/battery/13646?term=batteries?,Battery,35037.81,0.007881174,34
Optima,Optima,https://shop.advanceautoparts.com/p/optima-red-top-battery-group-size-75-86-720-cca-75-25-925/2040004-P?navigationPath=L1*14920%7CL2*15000%7CL3*15597%7CL4*13646,NA,NA,720 A,910 A,801-1000AMP,7.75,9.375,6.812,201-500sq.inch,NA,NA,90 min,Dual Terminal,12 volt,33.1,20.1-40pound,NA,"Red Top Battery, Group Size 75/86, 720 CCA",(133 reviews),3 YR FREE REPLACEMENT,224.99,201-400$,2040004,2040004,33,https://shop.advanceautoparts.com/c4/battery/13646?term=batteries?,Battery,7424.67,0.001670056,75/86
DieHard Silver,DieHard,https://shop.advanceautoparts.com/p/diehard-silver-battery-group-size-75-650-cca-75-2/2040026-P?navigationPath=L1*14920%7CL2*15000%7CL3*15597%7CL4*13646,NA,75,650 A,810 A,801-1000AMP,7.312,9.062,7.062,201-500sq.inch,Side Right,Side Left,95 min,Side Mount,12 volt,32.11,20.1-40pound,NA,"Battery, Group Size 75, 650 CCA",(434 reviews),2 YR REPLACEMENT IF DEFECTIVE,159.99,101-200$,2040026,2040026,150,https://shop.advanceautoparts.com/c4/battery/13646?term=batteries?,Battery,23998.5,0.005398064,75
DieHard Red,DieHard,https://shop.advanceautoparts.com/p/diehard-red-battery-group-size-58-500-cca-58-1/2070138-P?navigationPath=L1*14920%7CL2*15000%7CL3*15597%7CL4*13646,NA,58,500 A,625 A,601-800AMP,6.937,10.06,7.187,501-1000sq.inch,Top Right,Top Left,75 min,Top Mount,12 volt,28.09,20.1-40pound,NA,"Battery, Group Size 58, 500 CCA",(36 reviews),1 YR FREE REPLACEMENT,99.99,51-100$,2070138,2070138,18,https://shop.advanceautoparts.com/c4/battery/13646?term=batteries?,Battery,1799.82,0.000405,58
Optima,Optima,https://shop.advanceautoparts.com/p/optima-yellow-top-deep-cycle-battery-group-size-34-78-750-cca-d34-78-950/16210015-P?navigationPath=L1*14920%7CL2*15000%7CL3*15597%7CL4*13646,NA,NA,750 A,870 A,801-1000AMP,7.875,10.06,6.937,501-1000sq.inch,NA,NA,120 min,Dual Terminal,12 volt,43.5,>40pound,NA,"Yellow Top Deep Cycle Battery, Group Size 34/78, 750 CCA",(250 reviews),3 YR FREE REPLACEMENT,294.99,201-400$,16210015,16210015,40,https://shop.advanceautoparts.com/c4/battery/13646?term=batteries?,Battery,11799.6,0.002654124,34/78
DieHard Powersports,DieHard,https://shop.advanceautoparts.com/p/diehard-powersports-powersports-battery-group-size-btx14-bs-200-cca-tx14/16940011-P?navigationPath=L1*14920%7CL2*15000%7CL3*15597%7CL4*13646,NA,NA,200 A,NA,NA,5.687,5.875,3.437,101-200sq.inch,Top Right,Top Left,NA,Top Mount,12 volt,9.81,5.1-10pound,12.0 Ah,"Powersports Battery, Group Size BTX14-BS, 200 CCA",(87 reviews),90 DAY REPLACEMENT IF DEFECTIVE,115.99,101-200$,16940011,16940011,246,https://shop.advanceautoparts.com/c4/battery/13646?term=batteries?,Battery,28533.54,0.006418146,BTX14-BS
DieHard Powersports,DieHard,https://shop.advanceautoparts.com/p/diehard-powersports-powersports-battery-group-size-btx12-bs-180-cca-tx12/16940010-P?navigationPath=L1*14920%7CL2*15000%7CL3*15597%7CL4*13646,NA,NA,180 A,NA,NA,5.125,5.875,3.437,101-200sq.inch,Top Right,Top Left,NA,Top Mount,12 volt,8.71,5.1-10pound,10.0 Ah,"Powersports Battery, Group Size BTX12-BS, 180 CCA",(32 reviews),90 DAY REPLACEMENT IF DEFECTIVE,94.99,51-100$,16940010,16940010,91,https://shop.advanceautoparts.com/c4/battery/13646?term=batteries?,Battery,8644.09,0.001944345,BTX12-BS
Optima,Optima,https://shop.advanceautoparts.com/p/optima-yellow-top-deep-cycle-battery-group-size-51r-450-cca-d51r/16940001-P?navigationPath=L1*14920%7CL2*15000%7CL3*15597%7CL4*13646,NA,51R,450 A,575 A,400-600AMP,8.937,9.312,5.06,201-500sq.inch,Top Left,Top Right,66 min,Top Mount,12 volt,26,20.1-40pound,NA,"Yellow Top Deep Cycle Battery, Group Size 51R, 450 CCA",(105 reviews),3 YR FREE REPLACEMENT,264.99,201-400$,16940001,16940001,32,https://shop.advanceautoparts.com/c4/battery/13646?term=batteries?,Battery,8479.68,0.001907363,51R
DieHard Golf Cart,DieHard,https://shop.advanceautoparts.com/p/diehard-golf-cart-6-volt-deep-cycle-service-battery-reserve-capacity-115-min-gc2/2100013-P?navigationPath=L1*14920%7CL2*15000%7CL3*15597%7CL4*13646,NA,GC2,NA,NA,NA,10.7,10.3,7.1,501-1000sq.inch,Top Left,Top Right,115 min,Top Mount,6 volt,62.1,>40pound,225.0 Ah,"6-Volt Deep-Cycle Service Battery, Reserve Capacity 115 min.",(78 reviews),1 YR FREE REPLACEMENT,136.99,101-200$,2100013,2100013,146,https://shop.advanceautoparts.com/c4/battery/13646?term=batteries?,Battery,20000.54,0.004498789,NA
DieHard Silver,DieHard,https://shop.advanceautoparts.com/p/diehard-silver-battery-group-size-u1r-370-cca-u1rt/2040179-P?navigationPath=L1*14920%7CL2*15000%7CL3*15597%7CL4*13646,NA,U1R,370 A,460 A,400-600AMP,7.312,8.25,5.189,201-500sq.inch,Top Left,Top Right,45 min,Top Mount,12 volt,20.5,20.1-40pound,NA,"Battery, Group Size U1R, 370 CCA",(107 reviews),2 YR FREE REPLACEMENT,159.99,101-200$,2040179,2040179,32,https://shop.advanceautoparts.com/c4/battery/13646?term=batteries?,Battery,5119.68,0.001151587,U1R
DieHard HD Battery,DieHard,https://shop.advanceautoparts.com/p/diehard-hd-battery-heavy-duty-commercial-farm-battery-group-size-31t-1000-cca-31hds30/10548168-P?navigationPath=L1*14920%7CL2*15000%7CL3*15597%7CL4*13646,NA,31T,1000 A,1250 A,1001-1500AMP,9.437,13,6.812,501-1000sq.inch,Top Left,Top Right,185 min,Top Mount,12 volt,61.01,>40pound,NA,"Heavy Duty Commercial & Farm Battery, Group Size 31T, 1000 CCA",(1 reviews),1 YR FREE REPLACEMENT,139.99,101-200$,10548168,10548168,61,https://shop.advanceautoparts.com/c4/battery/13646?term=batteries?,Battery,8539.39,0.001920794,31T
Value Battery,Value Battery,https://shop.advanceautoparts.com/p/value-battery-battery-group-size-24f-550-cca-24f-v/11410643-P?navigationPath=L1*14920%7CL2*15000%7CL3*15597%7CL4*13646,NA,24F,550 A,685 A,601-800AMP,9,10.75,6.812,501-1000sq.inch,Top Left,Top Right,85 min,Top Mount,12 volt,37.5,20.1-40pound,NA,"Battery, Group Size 24F, 550 CCA",(3 reviews),90 DAY REPLACEMENT IF DEFECTIVE,84.99,51-100$,11410643,11410643,5,https://shop.advanceautoparts.com/c4/battery/13646?term=batteries?,Battery,424.95,9.56E-05,24F
DieHard Platinum AGM,DieHard,https://shop.advanceautoparts.com/p/diehard-platinum-agm-battery-group-size-78-740-cca-78-agm/10310751-P?navigationPath=L1*14920%7CL2*15000%7CL3*15597%7CL4*13646,NA,78,740 A,925 A,801-1000AMP,7.25,10.937,7.312,501-1000sq.inch,Side Right,Side Left,115 min,Side Mount,12 volt,38.7,20.1-40pound,60.0 Ah,"Battery, Group Size 78, 740 CCA",(35 reviews),3 YR FREE REPLACEMENT,209.99,201-400$,10310751,10310751,70,https://shop.advanceautoparts.com/c4/battery/13646?term=batteries?,Battery,14699.3,0.003306363,78
DieHard Silver,DieHard,https://shop.advanceautoparts.com/p/diehard-silver-battery-group-size-79-840-cca-79-2/2130007-P?navigationPath=L1*14920%7CL2*15000%7CL3*15597%7CL4*13646,NA,79,840 A,1000 A,801-1000AMP,7.375,12.06,7.06,501-1000sq.inch,Side Right,Side Left,140 min,Side Mount,12 volt,41.94,>40pound,NA,"Battery, Group Size 79, 840 CCA",(108 reviews),2 YR FREE REPLACEMENT,164.99,101-200$,2130007,2130007,53,https://shop.advanceautoparts.com/c4/battery/13646?term=batteries?,Battery,8744.47,0.001966923,79
Value Battery,Value Battery,https://shop.advanceautoparts.com/p/value-battery-battery-group-size-26r-450-cca-26r-v/11410584-P?navigationPath=L1*14920%7CL2*15000%7CL3*15597%7CL4*13646,NA,26R,450 A,560 A,400-600AMP,7.75,8.187,6.812,201-500sq.inch,Top Left,Top Right,85 min,Top Mount,12 volt,27.45,20.1-40pound,NA,"Battery, Group Size 26R, 450 CCA",(31 reviews),90 DAY REPLACEMENT IF DEFECTIVE,84.99,51-100$,11410584,11410584,18,https://shop.advanceautoparts.com/c4/battery/13646?term=batteries?,Battery,1529.82,0.000344,26R
DieHard Gold,DieHard,https://shop.advanceautoparts.com/p/diehard-gold-battery-group-size-h9-950-cca-95r-h9/2130016-P?navigationPath=L1*14920%7CL2*15000%7CL3*15597%7CL4*13646,NA,NA,950 A,NA,NA,7.5,15.562,6.937,501-1000sq.inch,Top Left,Top Right,NA,Top Mount,12 volt,63.91,>40pound,110 Ah,"Battery, Group Size H9, 950 CCA",(66 reviews),3 YR FREE REPLACEMENT,179.99,101-200$,2130016,2130016,33,https://shop.advanceautoparts.com/c4/battery/13646?term=batteries?,Battery,5939.67,0.00133603,H9
DieHard Powersports,DieHard,https://shop.advanceautoparts.com/p/diehard-powersports-powersports-battery-group-size-btz10s-190-cca-tz10s/10890043-P?navigationPath=L1*14920%7CL2*15000%7CL3*15597%7CL4*13646,NA,NA,190 A,NA,NA,3.687,5.875,3.437,51-100sq.inch,Top Right,Top Left,NA,Top Mount,12 volt,7.39,5.1-10pound,8.6 Ah,"Powersports Battery, Group Size BTZ10S, 190 CCA",(3 reviews),3 MO FREE REPLACEMENT,99.99,51-100$,10890043,10890043,26,https://shop.advanceautoparts.com/c4/battery/13646?term=batteries?,Battery,2599.74,0.000585,BTZ10S
DieHard Powersports,DieHard,https://shop.advanceautoparts.com/p/diehard-powersports-powersports-battery-group-size-btx9-bs-120-cca-tx9/16940009-P?navigationPath=L1*14920%7CL2*15000%7CL3*15597%7CL4*13646,NA,NA,120 A,NA,NA,4.125,5.875,4.437,101-200sq.inch,Top Right,Top Left,NA,Top Mount,12 volt,6.75,5.1-10pound,8.0 Ah,"Powersports Battery, Group Size BTX9-BS, 120 CCA",(21 reviews),90 DAY REPLACEMENT IF DEFECTIVE,94.99,51-100$,16940009,16940009,157,https://shop.advanceautoparts.com/c4/battery/13646?term=batteries?,Battery,14913.43,0.003354528,BTX9-BS
DieHard Gold,DieHard,https://shop.advanceautoparts.com/p/diehard-gold-battery-group-size-h4-480-cca-h4/11348065-P?navigationPath=L1*14920%7CL2*15000%7CL3*15597%7CL4*13646,NA,NA,480 A,600 A,400-600AMP,7.5,8.125,6.937,201-500sq.inch,Top Left,Top Right,100 min,Top Mount,12 volt,29.8,20.1-40pound,50.0 Ah,"Battery, Group Size H4, 480 CCA",(2 reviews),3 YR REPLACEMENT IF DEFECTIVE,179.99,101-200$,11348065,11348065,34,https://shop.advanceautoparts.com/c4/battery/13646?term=batteries?,Battery,6119.66,0.001376516,H4
Optima,Optima,https://shop.advanceautoparts.com/p/optima-red-top-battery-group-size-34r-800-cca-r34-980/16080023-P?navigationPath=L1*14920%7CL2*15000%7CL3*15597%7CL4*13646,NA,34R,800 A,1000 A,801-1000AMP,7.875,10.06,6.875,501-1000sq.inch,Top Left,Top Right,100 min,Top Mount,12 volt,37.9,20.1-40pound,NA,"Red Top Battery, Group Size 34R, 800 CCA",(99 reviews),3 YR FREE REPLACEMENT,274.99,201-400$,16080023,16080023,28,https://shop.advanceautoparts.com/c4/battery/13646?term=batteries?,Battery,7699.72,0.001731924,34R
DieHard Gold,DieHard,https://shop.advanceautoparts.com/p/diehard-gold-battery-group-size-t4-470-cca-t4/10653462-P?navigationPath=L1*14920%7CL2*15000%7CL3*15597%7CL4*13646,NA,NA,470 A,585 A,400-600AMP,6.937,8.312,6.937,201-500sq.inch,Top Left,Top Right,70 min,Top Mount,12 volt,27.1,20.1-40pound,NA,"Battery, Group Size T4, 470 CCA",(3 reviews),3 YR FREE REPLACEMENT,179.99,101-200$,10653462,10653462,53,https://shop.advanceautoparts.com/c4/battery/13646?term=batteries?,Battery,9539.47,0.002145745,T4
DieHard Gold,DieHard,https://shop.advanceautoparts.com/p/diehard-gold-battery-group-size-101-650-cca-101-1/2130018-P?navigationPath=L1*14920%7CL2*15000%7CL3*15597%7CL4*13646,NA,101,650 A,813 A,801-1000AMP,6.89,10.25,7.06,201-500sq.inch,Side Right,Side Left,110 min,Side Mount,12 volt,39.1,20.1-40pound,NA,"Battery, Group Size 101, 650 CCA",(109 reviews),3 YR FREE REPLACEMENT,179.99,101-200$,2130018,2130018,40,https://shop.advanceautoparts.com/c4/battery/13646?term=batteries?,Battery,7199.6,0.00161943,101
DieHard Red,DieHard,https://shop.advanceautoparts.com/p/diehard-red-battery-group-size-24-530-cca-24-2/2070006-P?navigationPath=L1*14920%7CL2*15000%7CL3*15597%7CL4*13646,NA,24,530 A,660 A,601-800AMP,8.875,10.25,6.812,501-1000sq.inch,Top Right,Top Left,95 min,Top Mount,12 volt,37.5,20.1-40pound,NA,"Battery, Group Size 24, 530 CCA",(32 reviews),1 YR FREE REPLACEMENT,99.99,51-100$,2070006,2070006,42,https://shop.advanceautoparts.com/c4/battery/13646?term=batteries?,Battery,4199.58,0.000945,24
DieHard HD Battery,DieHard,https://shop.advanceautoparts.com/p/diehard-hd-battery-heavy-duty-commercial-farm-battery-group-size-31a-950-cca-31p30/2100010-P?navigationPath=L1*14920%7CL2*15000%7CL3*15597%7CL4*13646,NA,31A,950 A,1140 A,1001-1500AMP,9.5,13,6.75,501-1000sq.inch,Top Right,Top Left,175 min,Top Mount,12 volt,59.6,>40pound,NA,"Heavy Duty Commercial & Farm Battery, Group Size 31A, 950 CCA",(24 reviews),1 YR FREE REPLACEMENT,132.99,101-200$,2100010,2100010,174,https://shop.advanceautoparts.com/c4/battery/13646?term=batteries?,Battery,23140.26,0.005205017,31A
DieHard Platinum AGM,DieHard,https://shop.advanceautoparts.com/p/diehard-platinum-agm-battery-group-size-34-740-cca-34-agm/10310829-P?navigationPath=L1*14920%7CL2*15000%7CL3*15597%7CL4*13646,NA,34,740 A,925 A,801-1000AMP,7.75,10.25,6.812,501-1000sq.inch,Top Right,Top Left,115 min,Top Mount,12 volt,38.7,20.1-40pound,60.0 Ah,"Battery, Group Size 34, 740 CCA",(41 reviews),3 YR FREE REPLACEMENT,209.99,201-400$,10310829,10310829,62,https://shop.advanceautoparts.com/c4/battery/13646?term=batteries?,Battery,13019.38,0.002928493,34
Value Battery,Value Battery,https://shop.advanceautoparts.com/p/value-battery-battery-group-size-58r-580-cca-58r-v/11942679-P?navigationPath=L1*14920%7CL2*15000%7CL3*15597%7CL4*13646,NA,58R,580 A,725 A,601-800AMP,6.937,10.06,7.187,501-1000sq.inch,Top Left,Top Right,100 min,Top Mount,12 volt,31,20.1-40pound,NA,"Battery, Group Size 58R, 580 CCA",(0 reviews),90 DAY REPLACEMENT IF DEFECTIVE,84.99,51-100$,11942679,11942679,6,https://shop.advanceautoparts.com/c4/battery/13646?term=batteries?,Battery,509.94,0.000115,58R
DieHard Powersports,DieHard,https://shop.advanceautoparts.com/p/diehard-powersports-power-sport-battery-14l-a2/2090120-P?navigationPath=L1*14920%7CL2*15000%7CL3*15597%7CL4*13646,NA,NA,190 A,NA,NA,6.54,5.28,3.5,101-200sq.inch,NA,NA,NA,NA,12 volt,9.2,5.1-10pound,NA,Power Sport Battery,(42 reviews),3 MO FREE REPLACEMENT,54.99,51-100$,2090120,2090120,29,https://shop.advanceautoparts.com/c4/battery/13646?term=batteries?,Battery,1594.71,0.000359,NA
DieHard Platinum AGM,DieHard,https://shop.advanceautoparts.com/p/diehard-platinum-agm-battery-group-size-124r-700-cca-124r-agm/12102916-P?navigationPath=L1*14920%7CL2*15000%7CL3*15597%7CL4*13646,NA,124R,700 A,875 A,801-1000AMP,8.5,7,10.5,501-1000sq.inch,Top Left,Top Right,110 min,Top Mount,12 volt,46,>40pound,60.0 Ah,"Battery, Group Size 124R, 700 CCA",(0 reviews),3 YR REPLACEMENT IF DEFECTIVE,209.99,201-400$,12102916,12102916,37,https://shop.advanceautoparts.com/c4/battery/13646?term=batteries?,Battery,7769.63,0.001747649,124R
DieHard Silver,DieHard,https://shop.advanceautoparts.com/p/diehard-silver-battery-group-size-56-550-cca-56-1/2040255-P?navigationPath=L1*14920%7CL2*15000%7CL3*15597%7CL4*13646,NA,56,550 A,688 A,601-800AMP,8.375,10.015,6.06,501-1000sq.inch,Top Left,Top Right,86 min,Top Mount,12 volt,33.81,20.1-40pound,NA,"Battery, Group Size 56, 550 CCA",(48 reviews),2 YR FREE REPLACEMENT,159.99,101-200$,2040255,2040255,44,https://shop.advanceautoparts.com/c4/battery/13646?term=batteries?,Battery,7039.56,0.001583432,56
DieHard Powersports,DieHard,https://shop.advanceautoparts.com/p/diehard-powersports-power-sports-agm-battery-12-volt-120-cca-battery-not-activated-requires-installer-to-add-included-acid-and-charge-before-use-9-bs/2090317-P?navigationPath=L1*14920%7CL2*15000%7CL3*15597%7CL4*13646,NA,NA,120 A,NA,NA,4.17,5.91,3.43,51-100sq.inch,NA,NA,NA,NA,12 volt,6.3,5.1-10pound,NA,"Power Sport Battery, AGM",(26 reviews),3 MO FREE REPLACEMENT,64.99,51-100$,2090317,2090317,35,https://shop.advanceautoparts.com/c4/battery/13646?term=batteries?,Battery,2274.65,0.000512,NA
DieHard Silver,DieHard,https://shop.advanceautoparts.com/p/diehard-silver-battery-group-size-42-495-cca-42-1/2040336-P?navigationPath=L1*14920%7CL2*15000%7CL3*15597%7CL4*13646,NA,42,495 A,615 A,601-800AMP,6.937,9.06,6.937,201-500sq.inch,Top Left,Top Right,75 min,Top Mount,12 volt,27.85,20.1-40pound,NA,"Battery, Group Size 42, 495 CCA",(36 reviews),2 YR FREE REPLACEMENT,159.99,101-200$,2040336,2040336,19,https://shop.advanceautoparts.com/c4/battery/13646?term=batteries?,Battery,3039.81,0.000684,42
DieHard Powersports,DieHard,https://shop.advanceautoparts.com/p/diehard-powersports-powersports-battery-group-size-b16l-b-260-cca-t16l/16940005-P?navigationPath=L1*14920%7CL2*15000%7CL3*15597%7CL4*13646,NA,NA,260 A,NA,NA,6.125,6.875,3.937,101-200sq.inch,Top Left,Top Right,NA,Top Mount,12 volt,14.37,10.1-20pound,19.0 Ah,"Powersports Battery, Group Size B16L-B, 260 CCA",(24 reviews),90 DAY REPLACEMENT IF DEFECTIVE,99.99,51-100$,16940005,16940005,30,https://shop.advanceautoparts.com/c4/battery/13646?term=batteries?,Battery,2999.7,0.000675,B16L-B
DieHard Powersports,DieHard,https://shop.advanceautoparts.com/p/diehard-powersports-power-sport-battery-50-n18l-a2/2090112-P?navigationPath=L1*14920%7CL2*15000%7CL3*15597%7CL4*13646,NA,NA,260 A,NA,NA,6.3,8.07,3.54,101-200sq.inch,NA,NA,NA,NA,12 volt,13.4,10.1-20pound,NA,Power Sport Battery,(64 reviews),3 MO FREE REPLACEMENT,65.99,51-100$,2090112,2090112,15,https://shop.advanceautoparts.com/c4/battery/13646?term=batteries?,Battery,989.85,0.000223,NA
Optima,Optima,https://shop.advanceautoparts.com/p/optima-blue-top-marine-battery-group-size-d34m-750-cca-d34m-950/16080019-P?navigationPath=L1*14920%7CL2*15000%7CL3*15597%7CL4*13646,NA,NA,750 A,870 A,801-1000AMP,7.937,10.06,6.875,501-1000sq.inch,Top Right,Top Left,120 min,Top Mount,12 volt,43.5,>40pound,NA,"Blue Top Marine Battery, Group Size D34M, 750 CCA",(41 reviews),2 YR FREE REPLACEMENT,299.99,201-400$,16080019,16080019,9,https://shop.advanceautoparts.com/c4/battery/13646?term=batteries?,Battery,2699.91,0.000607,D34M
DieHard Marine,DieHard,https://shop.advanceautoparts.com/p/diehard-marine-marine-battery-group-size-24m-700-cca-24m-agm/10866721-P?navigationPath=L1*14920%7CL2*15000%7CL3*15597%7CL4*13646,NA,NA,700 A,NA,NA,8.875,10.25,6.812,501-1000sq.inch,Top Left,Top Right,120 min,Top Mount,12 volt,45,>40pound,70.0 Ah,"Marine Battery, Group Size 24M, 700 CCA",(0 reviews),1 YR REPLACEMENT IF DEFECTIVE,178.99,101-200$,10866721,10866721,17,https://shop.advanceautoparts.com/c4/battery/13646?term=batteries?,Battery,3042.83,0.000684,24M
DieHard Gold,DieHard,https://shop.advanceautoparts.com/p/diehard-gold-battery-group-size-h6r-600-cca-h6r/11764085-P?navigationPath=L1*14920%7CL2*15000%7CL3*15597%7CL4*13646,NA,NA,600 A,750 A,601-800AMP,7.5,11,6.937,501-1000sq.inch,Top Right,Top Left,110 min,Top Mount,12 volt,35.91,20.1-40pound,NA,"Battery, Group Size H6R, 600 CCA",(0 reviews),3 YR REPLACEMENT IF DEFECTIVE,179.99,101-200$,11764085,11764085,8,https://shop.advanceautoparts.com/c4/battery/13646?term=batteries?,Battery,1439.92,0.000324,H6R
DieHard Gold,DieHard,https://shop.advanceautoparts.com/p/diehard-gold-battery-group-size-t6-720-cca-t6/10450549-P?navigationPath=L1*14920%7CL2*15000%7CL3*15597%7CL4*13646,NA,NA,NA,NA,NA,6.937,11,6.937,501-1000sq.inch,Top Left,Top Right,NA,Top Mount,12 volt,36.61,20.1-40pound,60.0 Ah,"Battery, Group Size T6, 720 CCA",(13 reviews),3 YR FREE REPLACEMENT,179.99,101-200$,10450549,10450549,16,https://shop.advanceautoparts.com/c4/battery/13646?term=batteries?,Battery,2879.84,0.000648,T6
DieHard Powersports,DieHard,https://shop.advanceautoparts.com/p/diehard-powersports-powersports-battery-group-size-btx14ahl-bs-210-cca-tx14ahl/16940004-P?navigationPath=L1*14920%7CL2*15000%7CL3*15597%7CL4*13646,NA,NA,210 A,NA,NA,6.437,5.25,3.562,101-200sq.inch,Top Left,Top Right,NA,Top Mount,12 volt,10.69,10.1-20pound,12.0 Ah,"Powersports Battery, Group Size BTX14AHL-BS, 210 CCA",(47 reviews),90 DAY REPLACEMENT IF DEFECTIVE,89.99,51-100$,16940004,16940004,71,https://shop.advanceautoparts.com/c4/battery/13646?term=batteries?,Battery,6389.29,0.001437165,BTX14AHL-BS
DieHard Silver,DieHard,https://shop.advanceautoparts.com/p/diehard-silver-battery-group-size-124-700-cca-124-1/10629647-P?navigationPath=L1*14920%7CL2*15000%7CL3*15597%7CL4*13646,NA,124,700 A,875 A,801-1000AMP,8.437,10.43,6.889,501-1000sq.inch,Top Right,Top Left,100 min,Top Mount,12 volt,39.1,20.1-40pound,NA,"Battery, Group Size 124, 700 CCA",(16 reviews),2 YR FREE REPLACEMENT,159.99,101-200$,10629647,10629647,39,https://shop.advanceautoparts.com/c4/battery/13646?term=batteries?,Battery,6239.61,0.001403497,124
DieHard Gold,DieHard,https://shop.advanceautoparts.com/p/diehard-gold-battery-group-size-t7-800-cca-92-t7-2/10043626-P?navigationPath=L1*14920%7CL2*15000%7CL3*15597%7CL4*13646,NA,NA,NA,NA,NA,6.937,12.437,6.937,501-1000sq.inch,Top Left,Top Right,NA,Top Mount,12 volt,44.71,>40pound,80.0 Ah,"Battery, Group Size T7, 800 CCA",(39 reviews),3 YR FREE REPLACEMENT,179.99,101-200$,10043626,10043626,17,https://shop.advanceautoparts.com/c4/battery/13646?term=batteries?,Battery,3059.83,0.000688,T7
DieHard Gold,DieHard,https://shop.advanceautoparts.com/p/diehard-gold-battery-group-size-85-625-cca-85-2/99996789-P?navigationPath=L1*14920%7CL2*15000%7CL3*15597%7CL4*13646,NA,85,625 A,780 A,601-800AMP,8,9.06,6.812,201-500sq.inch,Top Left,Top Right,95 min,Top Mount,12 volt,32.24,20.1-40pound,NA,"Battery, Group Size 85, 625 CCA",(70 reviews),3 YR FREE REPLACEMENT,179.99,101-200$,99996789,99996789,39,https://shop.advanceautoparts.com/c4/battery/13646?term=batteries?,Battery,7019.61,0.001578945,85
Energizer,NA,https://shop.advanceautoparts.com/p/energizer-2032-batteries-4-pack-3v-lithium-coin-batteries-2032bp-4/12219203-P?navigationPath=L1*14920%7CL2*15000%7CL3*15597%7CL4*13646,NA,NA,NA,NA,NA,NA,NA,NA,NA,NA,NA,NA,NA,NA,NA,NA,NA,"2032 Batteries (4 Pack), 3V Lithium Coin Batteries",(0 reviews),30 DAY REPLACEMENT IF DEFECTIVE,9.99,1-50$,12219203,12219203,149,https://shop.advanceautoparts.com/c4/battery/13646?term=batteries?,Battery,1488.51,0.000335,NA
DieHard Powersports,DieHard,https://shop.advanceautoparts.com/p/diehard-powersports-powersports-battery-group-size-btx14l-bs-200-cca-tx14l/12042812-P?navigationPath=L1*14920%7CL2*15000%7CL3*15597%7CL4*13646,NA,NA,200 A,NA,NA,5.687,5.875,3.437,101-200sq.inch,Top Left,Top Right,NA,Top Mount,12 volt,9.81,5.1-10pound,12.0 Ah,"Powersports Battery, Group Size BTX14L-BS, 200 CCA",(15 reviews),90 DAY REPLACEMENT IF DEFECTIVE,115.99,101-200$,12042812,12042812,36,https://shop.advanceautoparts.com/c4/battery/13646?term=batteries?,Battery,4175.64,0.000939,BTX14L-BS
DieHard Powersports,DieHard,https://shop.advanceautoparts.com/p/diehard-powersports-power-sports-agm-battery-12-volt-200-cca-battery-not-activated-requires-installer-to-add-included-acid-and-charge-before-use-14-bs/2090236-P?navigationPath=L1*14920%7CL2*15000%7CL3*15597%7CL4*13646,NA,NA,200 A,NA,NA,5.75,5.91,3.43,101-200sq.inch,NA,NA,NA,NA,12 volt,9.9,5.1-10pound,NA,"Power Sport Battery, AGM",(37 reviews),3 MO FREE REPLACEMENT,107.99,101-200$,2090236,2090236,21,https://shop.advanceautoparts.com/c4/battery/13646?term=batteries?,Battery,2267.79,0.00051,NA
DieHard Gold,DieHard,https://shop.advanceautoparts.com/p/diehard-gold-battery-group-size-67r-400-cca-67r/11229824-P?navigationPath=L1*14920%7CL2*15000%7CL3*15597%7CL4*13646,NA,67R,400 A,500 A,400-600AMP,6.937,9.125,6.937,201-500sq.inch,Top Left,Top Right,65 min,Top Mount,12 volt,24.48,20.1-40pound,NA,"Battery, Group Size 67R, 400 CCA",(1 reviews),3 YR REPLACEMENT IF DEFECTIVE,179.99,101-200$,11229824,11229824,16,https://shop.advanceautoparts.com/c4/battery/13646?term=batteries?,Battery,2879.84,0.000648,67R
DieHard Powersports,DieHard,https://shop.advanceautoparts.com/p/diehard-powersports-power-sport-battery-14a-a2/2090147-P?navigationPath=L1*14920%7CL2*15000%7CL3*15597%7CL4*13646,NA,NA,190 A,NA,NA,6.93,5.28,3.5,101-200sq.inch,NA,NA,NA,NA,12 volt,9.4,5.1-10pound,NA,Power Sport Battery,(54 reviews),3 MO FREE REPLACEMENT,72.99,51-100$,2090147,2090147,45,https://shop.advanceautoparts.com/c4/battery/13646?term=batteries?,Battery,3284.55,0.000739,NA
Optima,Optima,https://shop.advanceautoparts.com/p/optima-yellow-top-deep-cycle-battery-group-size-34-750-cca-d34/16080025-P?navigationPath=L1*14920%7CL2*15000%7CL3*15597%7CL4*13646,NA,34,750 A,870 A,801-1000AMP,7.875,10.06,6.875,501-1000sq.inch,Top Right,Top Left,120 min,Top Mount,12 volt,42.9,>40pound,NA,"Yellow Top Deep Cycle Battery, Group Size 34, 750 CCA",(16 reviews),3 YR FREE REPLACEMENT,294.99,201-400$,16080025,16080025,24,https://shop.advanceautoparts.com/c4/battery/13646?term=batteries?,Battery,7079.76,0.001592474,34
DieHard Powersports,DieHard,https://shop.advanceautoparts.com/p/diehard-powersports-powersports-battery-group-size-b16-b-260-cca-t16/16940013-P?navigationPath=L1*14920%7CL2*15000%7CL3*15597%7CL4*13646,NA,NA,260 A,NA,NA,6.125,6.875,3.937,101-200sq.inch,Top Right,Top Left,NA,Top Mount,12 volt,14.37,10.1-20pound,19.0 Ah,"Powersports Battery, Group Size B16-B, 260 CCA",(17 reviews),90 DAY REPLACEMENT IF DEFECTIVE,99.99,51-100$,16940013,16940013,35,https://shop.advanceautoparts.com/c4/battery/13646?term=batteries?,Battery,3499.65,0.000787,B16-B
DieHard Platinum AGM,DieHard,https://shop.advanceautoparts.com/p/diehard-platinum-agm-battery-bci-group-size-401-180-cca-aux12-1/12268843-P?navigationPath=L1*14920%7CL2*15000%7CL3*15597%7CL4*13646,NA,401,180 A,NA,NA,5.69,6.25,3.75,101-200sq.inch,Top Right,Top Left,NA,Top Mount,12 volt,8.71,5.1-10pound,NA,"Battery, BCI Group Size 401, 180 CCA",(0 reviews),1 YR FREE REPLACEMENT,109.99,101-200$,12268843,12268843,5,https://shop.advanceautoparts.com/c4/battery/13646?term=batteries?,Battery,549.95,0.000124,BCI 401
DieHard Powersports,DieHard,https://shop.advanceautoparts.com/p/diehard-powersports-power-sports-agm-battery-12-volt-180-cca-battery-not-activated-requires-installer-to-add-included-acid-and-charge-before-use-12-bs/2090031-P?navigationPath=L1*14920%7CL2*15000%7CL3*15597%7CL4*13646,NA,NA,180 A,NA,NA,5.16,5.91,3.43,101-200sq.inch,NA,NA,NA,NA,12 volt,7.7,5.1-10pound,NA,"Power Sport Battery, AGM",(29 reviews),3 MO FREE REPLACEMENT,86.99,51-100$,2090031,2090031,7,https://shop.advanceautoparts.com/c4/battery/13646?term=batteries?,Battery,608.93,0.000137,NA
DieHard Powersports,DieHard,https://shop.advanceautoparts.com/p/diehard-powersports-power-sports-agm-battery-12-volt-270-cca-battery-not-activated-requires-installer-to-add-included-acid-and-charge-before-use-20l-bs/2090430-P?navigationPath=L1*14920%7CL2*15000%7CL3*15597%7CL4*13646,NA,NA,270 A,NA,NA,6.1,6.89,3.43,101-200sq.inch,NA,NA,NA,NA,12 volt,13,10.1-20pound,NA,"Power Sport Battery, AGM",(72 reviews),3 MO FREE REPLACEMENT,108.99,101-200$,2090430,2090430,16,https://shop.advanceautoparts.com/c4/battery/13646?term=batteries?,Battery,1743.84,0.000392,NA
DieHard Powersports,DieHard,https://shop.advanceautoparts.com/p/diehard-powersports-powersports-battery-group-size-btz7s-130-cca-tz7s/10890044-P?navigationPath=L1*14920%7CL2*15000%7CL3*15597%7CL4*13646,NA,NA,130 A,NA,NA,4.125,4.437,2.75,51-100sq.inch,Top Left,Top Right,NA,Top Mount,12 volt,4.81,2.1-5pound,6.0 Ah,"Powersports Battery, Group Size BTZ7S, 130 CCA",(1 reviews),3 MO FREE REPLACEMENT,105.99,101-200$,10890044,10890044,40,https://shop.advanceautoparts.com/c4/battery/13646?term=batteries?,Battery,4239.6,0.000954,BTZ7S
DieHard HD Battery,DieHard,https://shop.advanceautoparts.com/p/diehard-hd-battery-heavy-duty-commercial-farm-battery-group-size-4d-1000-cca-4d30/2100118-P?navigationPath=L1*14920%7CL2*15000%7CL3*15597%7CL4*13646,NA,4D,1000 A,1250 A,1001-1500AMP,9.812,20.75,8.75,>1000sq.inch,Top Left,Top Right,295 min,Top Mount,12 volt,100.8,>40pound,NA,"Heavy Duty Commercial & Farm Battery, Group Size 4D, 1000 CCA",(5 reviews),12 MO FREE REPLACMENT,194.99,101-200$,2100118,2100118,28,https://shop.advanceautoparts.com/c4/battery/13646?term=batteries?,Battery,5459.72,0.001228073,4D
DieHard Powersports,DieHard,https://shop.advanceautoparts.com/p/diehard-powersports-powersports-battery-group-size-bt12b-4-175-cca-bt12b-4/12018876-P?navigationPath=L1*14920%7CL2*15000%7CL3*15597%7CL4*13646,NA,NA,175 A,NA,NA,NA,NA,NA,NA,Top Right,Top Left,NA,Top Mount,12 volt,NA,NA,10.0 Ah,"Powersports Battery, Group Size BT12B-4, 175 CCA",(0 reviews),90 DAY REPLACEMENT IF DEFECTIVE,115.99,101-200$,12018876,12018876,15,https://shop.advanceautoparts.com/c4/battery/13646?term=batteries?,Battery,1739.85,0.000391,BT12B-4
DieHard Platinum AGM,DieHard,https://shop.advanceautoparts.com/p/diehard-platinum-agm-battery-group-size-s34b20r-340-cca-s34b20r/12023819-P?navigationPath=L1*14920%7CL2*15000%7CL3*15597%7CL4*13646,NA,NA,340 A,425 A,400-600AMP,8.75,7.625,5,201-500sq.inch,Top Right,Top Left,57 min,Top Mount,12 volt,24,20.1-40pound,NA,"Battery, Group Size S34B20R, 340 CCA",(0 reviews),3 YR REPLACEMENT IF DEFECTIVE,209.99,201-400$,12023819,12023819,15,https://shop.advanceautoparts.com/c4/battery/13646?term=batteries?,Battery,3149.85,0.000709,S34B20R
DieHard Gold,DieHard,https://shop.advanceautoparts.com/p/diehard-gold-battery-group-size-v4-520-cca-v4/10653330-P?navigationPath=L1*14920%7CL2*15000%7CL3*15597%7CL4*13646,NA,NA,NA,NA,NA,5.437,8.125,6.875,201-500sq.inch,Top Left,Top Right,NA,Top Mount,12 volt,23.7,20.1-40pound,35.0 Ah,"Battery, Group Size V4, 520 CCA",(4 reviews),3 YR FREE REPLACEMENT,179.99,101-200$,10653330,10653330,22,https://shop.advanceautoparts.com/c4/battery/13646?term=batteries?,Battery,3959.78,0.000891,V4
DieHard Powersports,DieHard,https://shop.advanceautoparts.com/p/diehard-powersports-powersports-battery-group-size-btx24hl-350-cca-tx24hl/16940006-P?navigationPath=L1*14920%7CL2*15000%7CL3*15597%7CL4*13646,NA,NA,350 A,NA,NA,6.375,8.06,3.437,101-200sq.inch,Top Left,Top Right,NA,Top Mount,12 volt,16.01,10.1-20pound,21.0 Ah,"Powersports Battery, Group Size BTX24HL, 350 CCA",(33 reviews),90 DAY REPLACEMENT IF DEFECTIVE,115.99,101-200$,16940006,16940006,27,https://shop.advanceautoparts.com/c4/battery/13646?term=batteries?,Battery,3131.73,0.000704,BTX24HL
Optima,Optima,https://shop.advanceautoparts.com/p/optima-blue-top-marine-battery-group-size-27m-800-cca-d27m/16940024-P?navigationPath=L1*14920%7CL2*15000%7CL3*15597%7CL4*13646,NA,NA,800 A,1000 A,801-1000AMP,8.75,12.187,6.812,501-1000sq.inch,Top Left,Top Right,140 min,Top Mount,12 volt,53.8,>40pound,NA,"Blue Top Marine Battery, Group Size 27M, 800 CCA",(21 reviews),2 YR FREE REPLACEMENT,344.99,201-400$,16940024,16940024,6,https://shop.advanceautoparts.com/c4/battery/13646?term=batteries?,Battery,2069.94,0.000466,27M
Optima,Optima,https://shop.advanceautoparts.com/p/optima-red-top-battery-group-size-34-800-cca-34-980/16080022-P?navigationPath=L1*14920%7CL2*15000%7CL3*15597%7CL4*13646,NA,34,800 A,1000 A,801-1000AMP,7.875,10.06,6.875,501-1000sq.inch,Top Right,Top Left,100 min,Top Mount,12 volt,37.9,20.1-40pound,NA,"Red Top Battery, Group Size 34, 800 CCA",(39 reviews),3 YR FREE REPLACEMENT,254.99,201-400$,16080022,16080022,18,https://shop.advanceautoparts.com/c4/battery/13646?term=batteries?,Battery,4589.82,0.001032404,34
DieHard Powersports,DieHard,https://shop.advanceautoparts.com/p/diehard-powersports-power-sport-battery-12a-a/2090155-P?navigationPath=L1*14920%7CL2*15000%7CL3*15597%7CL4*13646,NA,NA,165 A,NA,NA,6.3,5.28,3.15,101-200sq.inch,NA,NA,NA,NA,12 volt,8.3,5.1-10pound,NA,Power Sport Battery,(29 reviews),3 MO FREE REPLACEMENT,54.99,51-100$,2090155,2090155,18,https://shop.advanceautoparts.com/c4/battery/13646?term=batteries?,Battery,989.82,0.000223,NA
Value Battery,Value Battery,https://shop.advanceautoparts.com/p/value-battery-battery-group-size-26-450-cca-26-v/11928950-P?navigationPath=L1*14920%7CL2*15000%7CL3*15597%7CL4*13646,NA,26,450 A,560 A,400-600AMP,7.75,8.187,6.812,201-500sq.inch,Top Right,Top Left,85 min,Top Mount,12 volt,27.45,20.1-40pound,NA,"Battery, Group Size 26, 450 CCA",(0 reviews),90 DAY REPLACEMENT IF DEFECTIVE,84.99,51-100$,11928950,11928950,7,https://shop.advanceautoparts.com/c4/battery/13646?term=batteries?,Battery,594.93,0.000134,26
DieHard Silver,DieHard,https://shop.advanceautoparts.com/p/diehard-silver-battery-group-size-58r-590-cca-58r-2/2040069-P?navigationPath=L1*14920%7CL2*15000%7CL3*15597%7CL4*13646,NA,58R,590 A,719 A,601-800AMP,6.937,10.06,7.187,501-1000sq.inch,Top Left,Top Right,90 min,Top Mount,12 volt,31,20.1-40pound,NA,"Battery, Group Size 58R, 590 CCA",(20 reviews),2 YR FREE REPLACEMENT,159.99,101-200$,2040069,2040069,35,https://shop.advanceautoparts.com/c4/battery/13646?term=batteries?,Battery,5599.65,0.001259548,58R
Optima,Optima,https://shop.advanceautoparts.com/p/optima-yellow-top-deep-cycle-battery-group-size-31t-900-cca-d31t-1125/16080020-P?navigationPath=L1*14920%7CL2*15000%7CL3*15597%7CL4*13646,NA,31T,900 A,1125 A,1001-1500AMP,9.375,12.812,6.562,501-1000sq.inch,Top Right,Top Left,155 min,Top Mount,12 volt,59.8,>40pound,NA,"Yellow Top Deep Cycle Battery, Group Size 31T, 900 CCA",(4 reviews),2 YR FREE REPLACEMENT,364.99,201-400$,16080020,16080020,0,https://shop.advanceautoparts.com/c4/battery/13646?term=batteries?,Battery,0,0,31T
Duracell,Duracell,https://shop.advanceautoparts.com/p/duracell-coppertop-aaa-alkaline-batteries-16-pack-durmn2400b16z/12257313-P?navigationPath=L1*14920%7CL2*15000%7CL3*15597%7CL4*13646,NA,NA,NA,NA,NA,NA,NA,NA,NA,NA,NA,NA,NA,NA,NA,NA,NA,CopperTop AAA Alkaline Batteries - 16 Pack,(0 reviews),30 DAY REPLACEMENT IF DEFECTIVE,15.79,1-50$,12257313,12257313,50,https://shop.advanceautoparts.com/c4/battery/13646?term=batteries?,Battery,789.5,0.000178,NA
Duracell,Duracell,https://shop.advanceautoparts.com/p/duracell-coppertop-aa-alkaline-batteries-16-pack-durmn1500b16z/12257416-P?navigationPath=L1*14920%7CL2*15000%7CL3*15597%7CL4*13646,NA,NA,NA,NA,NA,NA,NA,NA,NA,NA,NA,NA,NA,NA,NA,NA,NA,CopperTop AA Alkaline Batteries - 16 Pack,(0 reviews),30 DAY REPLACEMENT IF DEFECTIVE,15.79,1-50$,12257416,12257416,86,https://shop.advanceautoparts.com/c4/battery/13646?term=batteries?,Battery,1357.94,0.000305,NA
Duracell,Duracell,https://shop.advanceautoparts.com/p/duracell-coppertop-aaa-alkaline-batteries-4-pack-durmn2400b4z/12257564-P?navigationPath=L1*14920%7CL2*15000%7CL3*15597%7CL4*13646,NA,NA,NA,NA,NA,NA,NA,NA,NA,NA,NA,NA,NA,NA,NA,NA,NA,CopperTop AAA Alkaline Batteries - 4 Pack,(0 reviews),30 DAY REPLACEMENT IF DEFECTIVE,6.79,1-50$,12257564,12257564,94,https://shop.advanceautoparts.com/c4/battery/13646?term=batteries?,Battery,638.26,0.000144,NA
Energizer,NA,https://shop.advanceautoparts.com/p/energizer-2450-lithium-coin-battery-2-pack-2450bp-2n/12219202-P?navigationPath=L1*14920%7CL2*15000%7CL3*15597%7CL4*13646,NA,NA,NA,NA,NA,NA,NA,NA,NA,NA,NA,NA,NA,NA,NA,NA,NA,"2450 Lithium Coin Battery, 2 Pack",(0 reviews),30 DAY REPLACEMENT IF DEFECTIVE,8.29,1-50$,12219202,12219202,58,https://shop.advanceautoparts.com/c4/battery/13646?term=batteries?,Battery,480.82,0.000108,NA
DieHard Powersports,DieHard,https://shop.advanceautoparts.com/p/diehard-powersports-power-sport-battery-12n9-4b-1/2090090-P?navigationPath=L1*14920%7CL2*15000%7CL3*15597%7CL4*13646,NA,NA,85 A,NA,NA,5.47,5.31,2.95,51-100sq.inch,NA,NA,NA,NA,12 volt,6.6,5.1-10pound,NA,Power Sport Battery,(10 reviews),3 MO FREE REPLACEMENT,50.99,51-100$,2090090,2090090,10,https://shop.advanceautoparts.com/c4/battery/13646?term=batteries?,Battery,509.9,0.000115,NA
DieHard Powersports,DieHard,https://shop.advanceautoparts.com/p/diehard-powersports-power-sport-battery-16a-a/2090244-P?navigationPath=L1*14920%7CL2*15000%7CL3*15597%7CL4*13646,NA,NA,150 A,NA,NA,7.05,5.91,3.54,101-200sq.inch,NA,NA,NA,NA,12 volt,11.2,10.1-20pound,NA,Power Sport Battery,(27 reviews),3 MO FREE REPLACEMENT,65.99,51-100$,2090244,2090244,7,https://shop.advanceautoparts.com/c4/battery/13646?term=batteries?,Battery,461.93,0.000104,NA
Optima,Optima,https://shop.advanceautoparts.com/p/optima-red-top-battery-group-size-78-800-cca-78/16940022-P?navigationPath=L1*14920%7CL2*15000%7CL3*15597%7CL4*13646,NA,78,800 A,1000 A,801-1000AMP,7.25,10.06,7.312,501-1000sq.inch,Side Right,Side Left,100 min,Side Mount,12 volt,39.54,20.1-40pound,NA,"Red Top Battery, Group Size 78, 800 CCA",(33 reviews),3 YR FREE REPLACEMENT,274.99,201-400$,16940022,16940022,16,https://shop.advanceautoparts.com/c4/battery/13646?term=batteries?,Battery,4399.84,0.00099,78
DieHard Silver,DieHard,https://shop.advanceautoparts.com/p/diehard-silver-battery-group-size-41-650-cca-41-2/2040352-P?navigationPath=L1*14920%7CL2*15000%7CL3*15597%7CL4*13646,NA,41,650 A,813 A,801-1000AMP,6.937,11.562,6.937,501-1000sq.inch,Top Left,Top Right,110 min,Top Mount,12 volt,34.51,20.1-40pound,NA,"Battery, Group Size 41, 650 CCA",(20 reviews),2 YR FREE REPLACEMENT,159.99,101-200$,2040352,2040352,15,https://shop.advanceautoparts.com/c4/battery/13646?term=batteries?,Battery,2399.85,0.00054,41
DieHard Powersports,DieHard,https://shop.advanceautoparts.com/p/diehard-powersports-power-sport-battery-16al-a2/2090252-P?navigationPath=L1*14920%7CL2*15000%7CL3*15597%7CL4*13646,NA,NA,175 A,NA,NA,6.42,8.03,2.76,101-200sq.inch,NA,NA,NA,NA,12 volt,11.2,10.1-20pound,NA,Power Sport Battery,(8 reviews),3 MO FREE REPLACEMENT,71.99,51-100$,2090252,2090252,16,https://shop.advanceautoparts.com/c4/battery/13646?term=batteries?,Battery,1151.84,0.000259,NA
DieHard HD Battery,DieHard,https://shop.advanceautoparts.com/p/diehard-hd-battery-heavy-duty-commercial-farm-battery-group-size-8d-1100-cca-8dx24/2100088-P?navigationPath=L1*14920%7CL2*15000%7CL3*15597%7CL4*13646,NA,8D,1100 A,1355 A,1001-1500AMP,9.812,20.75,11.125,>1000sq.inch,Top Left,Top Right,325 min,Top Mount,12 volt,123.74,>40pound,NA,"Heavy Duty Commercial & Farm Battery, Group Size 8D, 1100 CCA",(7 reviews),12 MO FREE REPLACMENT,225.99,201-400$,2100088,2100088,19,https://shop.advanceautoparts.com/c4/battery/13646?term=batteries?,Battery,4293.81,0.000966,8D
DieHard Powersports,DieHard,https://shop.advanceautoparts.com/p/diehard-powersports-power-sport-battery-30l-b/16940008-P?navigationPath=L1*14920%7CL2*15000%7CL3*15597%7CL4*13646,NA,NA,300 A,NA,NA,6.93,6.61,5.2,201-500sq.inch,NA,NA,NA,NA,12 volt,18.7,10.1-20pound,NA,Power Sport Battery,(31 reviews),90 DAY REPLACEMENT IF DEFECTIVE,109.99,101-200$,16940008,16940008,10,https://shop.advanceautoparts.com/c4/battery/13646?term=batteries?,Battery,1099.9,0.000247,NA
DieHard HD Battery,DieHard,https://shop.advanceautoparts.com/p/diehard-hd-battery-heavy-duty-commercial-farm-battery-group-size-1-700-cca-1-30/11968151-P?navigationPath=L1*14920%7CL2*15000%7CL3*15597%7CL4*13646,NA,1,700 A,875 A,801-1000AMP,9.375,9.125,7.125,501-1000sq.inch,Top Left,Top Right,150 min,Top Mount,6 volt,31.01,20.1-40pound,NA,"Heavy Duty Commercial & Farm Battery, Group Size 1, 700 CCA",(0 reviews),1 YR FREE REPLACEMENT,101.99,101-200$,11968151,11968151,56,https://shop.advanceautoparts.com/c4/battery/13646?term=batteries?,Battery,5711.44,0.001284694,1
Optima,Optima,https://shop.advanceautoparts.com/p/optima-red-top-battery-group-size-1-800-cca-6v/16940018-P?navigationPath=L1*14920%7CL2*15000%7CL3*15597%7CL4*13646,NA,1,800 A,1000 A,801-1000AMP,9.375,9.125,7.125,501-1000sq.inch,Top Left,Top Right,100 min,Top Mount,6 volt,31.01,20.1-40pound,NA,"Red Top Battery, Group Size 1, 800 CCA",(4 reviews),3 YR FREE REPLACEMENT,224.99,201-400$,16940018,16940018,1,https://shop.advanceautoparts.com/c4/battery/13646?term=batteries?,Battery,224.99,5.06E-05,1
DieHard Powersports,DieHard,https://shop.advanceautoparts.com/p/diehard-powersports-power-sport-battery-4l-b/2090198-P?navigationPath=L1*14920%7CL2*15000%7CL3*15597%7CL4*13646,NA,NA,50 A,NA,NA,3.62,4.72,2.76,1-50sq.inch,NA,NA,NA,NA,12 volt,3.3,2.1-5pound,NA,Power Sport Battery,(1 reviews),90 DAY REPLACEMENT IF DEFECTIVE,32.99,1-50$,2090198,2090198,1,https://shop.advanceautoparts.com/c4/battery/13646?term=batteries?,Battery,32.99,7.42E-06,NA
DieHard Powersports,DieHard,https://shop.advanceautoparts.com/p/diehard-powersports-power-sport-battery-16-b/2090007-P?navigationPath=L1*14920%7CL2*15000%7CL3*15597%7CL4*13646,NA,NA,240 A,NA,NA,6.1,6.89,3.94,101-200sq.inch,NA,NA,NA,NA,12 volt,11.9,10.1-20pound,NA,Power Sport Battery,(17 reviews),90 DAY REPLACEMENT IF DEFECTIVE,67.99,51-100$,2090007,2090007,4,https://shop.advanceautoparts.com/c4/battery/13646?term=batteries?,Battery,271.96,6.12E-05,NA
DieHard Powersports,DieHard,https://shop.advanceautoparts.com/p/diehard-powersports-power-sport-battery-16cl-b/2090201-P?navigationPath=L1*14920%7CL2*15000%7CL3*15597%7CL4*13646,NA,NA,240 A,NA,NA,6.89,6.89,3.94,101-200sq.inch,NA,NA,NA,NA,12 volt,12,10.1-20pound,NA,Power Sport Battery,(31 reviews),90 DAY REPLACEMENT IF DEFECTIVE,83.99,51-100$,2090201,2090201,11,https://shop.advanceautoparts.com/c4/battery/13646?term=batteries?,Battery,923.89,0.000208,NA
DieHard HD Battery,DieHard,https://shop.advanceautoparts.com/p/diehard-hd-battery-heavy-duty-commercial-farm-battery-group-size-31a-1000-cca-31hdp30/11968148-P?navigationPath=L1*14920%7CL2*15000%7CL3*15597%7CL4*13646,NA,31A,1000 A,1190 A,1001-1500AMP,9.437,13,6.812,501-1000sq.inch,Top Right,Top Left,185 min,Top Mount,12 volt,63,>40pound,NA,"Heavy Duty Commercial & Farm Battery, Group Size 31A, 1000 CCA",(0 reviews),1 YR FREE REPLACEMENT,132.99,101-200$,11968148,11968148,33,https://shop.advanceautoparts.com/c4/battery/13646?term=batteries?,Battery,4388.67,0.000987,31A
Optima,Optima,https://shop.advanceautoparts.com/p/optima-yellow-top-deep-cycle-battery-group-size-75-86-620-cca-d75-25/16940020-P?navigationPath=L1*14920%7CL2*15000%7CL3*15597%7CL4*13646,NA,NA,620 A,770 A,601-800AMP,7.75,9.375,6.812,201-500sq.inch,NA,NA,100 min,Dual Terminal,12 volt,37.8,20.1-40pound,NA,"Yellow Top Deep Cycle Battery, Group Size 75/86, 620 CCA",(26 reviews),3 YR FREE REPLACEMENT,284.99,201-400$,16940020,16940020,4,https://shop.advanceautoparts.com/c4/battery/13646?term=batteries?,Battery,1139.96,0.000256,75/86
DieHard Powersports,DieHard,https://shop.advanceautoparts.com/p/diehard-powersports-power-sport-battery-12n12a-4a-1/2090017-P?navigationPath=L1*14920%7CL2*15000%7CL3*15597%7CL4*13646,NA,NA,113 A,NA,NA,6.3,5.28,3.15,101-200sq.inch,NA,NA,NA,NA,12 volt,7.7,5.1-10pound,NA,Power Sport Battery,(4 reviews),3 MO FREE REPLACEMENT,49.99,1-50$,2090017,2090017,9,https://shop.advanceautoparts.com/c4/battery/13646?term=batteries?,Battery,449.91,0.000101,NA
DieHard Powersports,DieHard,https://shop.advanceautoparts.com/p/diehard-powersports-power-sport-battery-9l-b/2090325-P?navigationPath=L1*14920%7CL2*15000%7CL3*15597%7CL4*13646,NA,NA,130 A,NA,NA,5.47,5.31,2.95,51-100sq.inch,NA,NA,NA,NA,12 volt,6.8,5.1-10pound,NA,Power Sport Battery,(1 reviews),3 MO FREE REPLACEMENT,49.99,1-50$,2090325,2090325,4,https://shop.advanceautoparts.com/c4/battery/13646?term=batteries?,Battery,199.96,4.5E-05,NA
DieHard Powersports,DieHard,https://shop.advanceautoparts.com/p/diehard-powersports-power-sport-battery-14-a2/2090406-P?navigationPath=L1*14920%7CL2*15000%7CL3*15597%7CL4*13646,NA,NA,190 A,NA,NA,6.54,5.28,3.5,101-200sq.inch,NA,NA,NA,NA,12 volt,9.2,5.1-10pound,NA,Power Sport Battery,(10 reviews),90 DAY REPLACEMENT IF DEFECTIVE,68.99,51-100$,2090406,2090406,20,https://shop.advanceautoparts.com/c4/battery/13646?term=batteries?,Battery,1379.8,0.00031,NA
DieHard Gold,DieHard,https://shop.advanceautoparts.com/p/diehard-gold-battery-group-size-66-750-cca-66-2/99996787-P?navigationPath=L1*14920%7CL2*15000%7CL3*15597%7CL4*13646,NA,66,750 A,935 A,801-1000AMP,7.64,12.06,7.562,501-1000sq.inch,Top Right,Top Left,140 min,Top Mount,12 volt,45.81,>40pound,NA,"Battery, Group Size 66, 750 CCA",(43 reviews),3 YR FREE REPLACEMENT,179.99,101-200$,99996787,99996787,21,https://shop.advanceautoparts.com/c4/battery/13646?term=batteries?,Battery,3779.79,0.00085,66
Duracell,Duracell,https://shop.advanceautoparts.com/p/duracell-coppertop-aaa-alkaline-batteries-8-pack-durmn24b8ptpz99/12257482-P?navigationPath=L1*14920%7CL2*15000%7CL3*15597%7CL4*13646,NA,NA,NA,NA,NA,NA,NA,NA,NA,NA,NA,NA,NA,NA,NA,NA,NA,CopperTop AAA Alkaline Batteries - 8 Pack,(0 reviews),30 DAY REPLACEMENT IF DEFECTIVE,9.99,1-50$,12257482,12257482,75,https://shop.advanceautoparts.com/c4/battery/13646?term=batteries?,Battery,749.25,0.000169,NA
DieHard Gold,DieHard,https://shop.advanceautoparts.com/p/diehard-gold-battery-group-size-t8-800-cca-t8/10450413-P?navigationPath=L1*14920%7CL2*15000%7CL3*15597%7CL4*13646,NA,NA,NA,NA,NA,6.937,13.937,6.937,501-1000sq.inch,Top Left,Top Right,NA,Top Mount,12 volt,51.3,>40pound,90.0 Ah,"Battery, Group Size T8, 800 CCA",(2 reviews),3 YR FREE REPLACEMENT,179.99,101-200$,10450413,10450413,0,https://shop.advanceautoparts.com/c4/battery/13646?term=batteries?,Battery,0,0,T8
DieHard Powersports,DieHard,https://shop.advanceautoparts.com/p/diehard-powersports-power-sport-battery-10l-a2/2090139-P?navigationPath=L1*14920%7CL2*15000%7CL3*15597%7CL4*13646,NA,NA,160 A,NA,NA,5.71,5.31,3.54,101-200sq.inch,NA,NA,NA,NA,12 volt,7.2,5.1-10pound,NA,Power Sport Battery,(4 reviews),3 MO FREE REPLACEMENT,54.99,51-100$,2090139,2090139,15,https://shop.advanceautoparts.com/c4/battery/13646?term=batteries?,Battery,824.85,0.000186,NA
Duracell,Duracell,https://shop.advanceautoparts.com/p/duracell-coppertop-aa-alkaline-batteries-8-pack-durmn15b8ptpz99/12257418-P?navigationPath=L1*14920%7CL2*15000%7CL3*15597%7CL4*13646,NA,NA,NA,NA,NA,NA,NA,NA,NA,NA,NA,NA,NA,NA,NA,NA,NA,CopperTop AA Alkaline Batteries - 8 Pack,(0 reviews),30 DAY REPLACEMENT IF DEFECTIVE,9.99,1-50$,12257418,12257418,142,https://shop.advanceautoparts.com/c4/battery/13646?term=batteries?,Battery,1418.58,0.000319,NA
Duracell,Duracell,https://shop.advanceautoparts.com/p/duracell-coppertop-aa-alkaline-batteries-4-pack-durmn1500b4z/12257484-P?navigationPath=L1*14920%7CL2*15000%7CL3*15597%7CL4*13646,NA,NA,NA,NA,NA,NA,NA,NA,NA,NA,NA,NA,NA,NA,NA,NA,NA,CopperTop AA Alkaline Batteries - 4 Pack,(0 reviews),30 DAY REPLACEMENT IF DEFECTIVE,6.29,1-50$,12257484,12257484,111,https://shop.advanceautoparts.com/c4/battery/13646?term=batteries?,Battery,698.19,0.000157,NA
DieHard HD Battery,DieHard,https://shop.advanceautoparts.com/p/diehard-hd-battery-heavy-duty-commercial-farm-battery-group-size-8d-1400-cca-8dvt/12102972-P?navigationPath=L1*14920%7CL2*15000%7CL3*15597%7CL4*13646,NA,8D,1400 A,1750 A,>1500AMP,NA,NA,NA,NA,Top Left,Top Right,450 min,Top Mount,12 volt,NA,NA,NA,"Heavy Duty Commercial & Farm Battery, Group Size 8D, 1400 CCA",(0 reviews),1 YR REPLACEMENT IF DEFECTIVE,259.99,201-400$,12102972,12102972,9,https://shop.advanceautoparts.com/c4/battery/13646?term=batteries?,Battery,2339.91,0.000526,8D
Optima,Optima,https://shop.advanceautoparts.com/p/optima-yellow-top-deep-cycle-battery-group-size-51-450-cca-d51/16940000-P?navigationPath=L1*14920%7CL2*15000%7CL3*15597%7CL4*13646,NA,51,450 A,575 A,400-600AMP,8.937,9.312,5.06,201-500sq.inch,Top Right,Top Left,66 min,Top Mount,12 volt,26,20.1-40pound,NA,"Yellow Top Deep Cycle Battery, Group Size 51, 450 CCA",(22 reviews),3 YR FREE REPLACEMENT,264.99,201-400$,16940000,16940000,7,https://shop.advanceautoparts.com/c4/battery/13646?term=batteries?,Battery,1854.93,0.000417,51
DieHard HD Battery,DieHard,https://shop.advanceautoparts.com/p/diehard-hd-battery-agm-premium-battery-group-size-31t-825-cca-ng31cs/10227749-P?navigationPath=L1*14920%7CL2*15000%7CL3*15597%7CL4*13646,NA,31T,825 A,1000 A,801-1000AMP,9.437,13,6.812,501-1000sq.inch,Top Right,Top Left,200 min,Top Mount,12 volt,70.6,>40pound,100.0 Ah,"AGM Premium Battery, Group Size 31T, 825 CCA",(1 reviews),12 MO FREE REPLACMENT,243.99,201-400$,10227749,10227749,4,https://shop.advanceautoparts.com/c4/battery/13646?term=batteries?,Battery,975.96,0.00022,31T
AutoCraft,AutoCraft,https://shop.advanceautoparts.com/p/autocraft-power-sport-battery-12al-a/2090376-P?navigationPath=L1*14920%7CL2*15000%7CL3*15597%7CL4*13646,NA,NA,165 A,NA,NA,6.3,5.28,3.15,101-200sq.inch,NA,NA,NA,NA,12 volt,8.3,5.1-10pound,NA,Power Sport Battery,(1 reviews),3 MO FREE REPLACEMENT,52.99,51-100$,2090376,2090376,0,https://shop.advanceautoparts.com/c4/battery/13646?term=batteries?,Battery,0,0,NA
DieHard Powersports,DieHard,https://shop.advanceautoparts.com/p/diehard-powersports-power-sport-battery-12n14-3a/6590335-P?navigationPath=L1*14920%7CL2*15000%7CL3*15597%7CL4*13646,NA,NA,128 A,NA,NA,6.54,5.28,3.5,101-200sq.inch,NA,NA,NA,NA,12 volt,9,5.1-10pound,NA,Power Sport Battery,(13 reviews),90 DAY REPLACEMENT IF DEFECTIVE,72.99,51-100$,6590335,6590335,2,https://shop.advanceautoparts.com/c4/battery/13646?term=batteries?,Battery,145.98,3.28E-05,NA
DieHard HD Battery,DieHard,https://shop.advanceautoparts.com/p/diehard-hd-battery-heavy-duty-commercial-farm-battery-group-size-31t-750-cca-31xs-30/11968230-P?navigationPath=L1*14920%7CL2*15000%7CL3*15597%7CL4*13646,NA,31T,750 A,935 A,801-1000AMP,9.5,13,6.75,501-1000sq.inch,Top Left,Top Right,180 min,Top Mount,12 volt,57.11,>40pound,NA,"Heavy Duty Commercial & Farm Battery, Group Size 31T, 750 CCA",(0 reviews),1 YR FREE REPLACEMENT,125.99,101-200$,11968230,11968230,8,https://shop.advanceautoparts.com/c4/battery/13646?term=batteries?,Battery,1007.92,0.000227,31T
DieHard Powersports,DieHard,https://shop.advanceautoparts.com/p/diehard-powersports-powersports-battery-group-size-bt14b-4-210-cca-bt14b-4/12018857-P?navigationPath=L1*14920%7CL2*15000%7CL3*15597%7CL4*13646,NA,NA,210 A,NA,NA,NA,NA,NA,NA,Top Right,Top Left,NA,Top Mount,12 volt,NA,NA,12.0 Ah,"Powersports Battery, Group Size BT14B-4, 210 CCA",(0 reviews),90 DAY REPLACEMENT IF DEFECTIVE,120.99,101-200$,12018857,12018857,4,https://shop.advanceautoparts.com/c4/battery/13646?term=batteries?,Battery,483.96,0.000109,BT14B-4
DieHard HD Battery,DieHard,https://shop.advanceautoparts.com/p/diehard-hd-battery-heavy-duty-commercial-farm-battery-group-size-29nf-420-cca-29nf40/11968146-P?navigationPath=L1*14920%7CL2*15000%7CL3*15597%7CL4*13646,NA,29NF,420 A,525 A,400-600AMP,9,12.875,5.5,501-1000sq.inch,Top Left,Top Right,77 min,Top Mount,12 volt,38.1,20.1-40pound,NA,"Heavy Duty Commercial & Farm Battery, Group Size 29NF, 420 CCA",(0 reviews),1 YR FREE REPLACEMENT,139.99,101-200$,11968146,11968146,1,https://shop.advanceautoparts.com/c4/battery/13646?term=batteries?,Battery,139.99,3.15E-05,29NF
Duracell,Duracell,https://shop.advanceautoparts.com/p/duracell-optimum-aa-batteries-4-pack-duropt1500b4/12257417-P?navigationPath=L1*14920%7CL2*15000%7CL3*15597%7CL4*13646,NA,NA,NA,NA,NA,NA,NA,NA,NA,NA,NA,NA,NA,NA,NA,NA,NA,Optimum AA Batteries - 4 Pack,(0 reviews),30 DAY REPLACEMENT IF DEFECTIVE,8.99,1-50$,12257417,12257417,25,https://shop.advanceautoparts.com/c4/battery/13646?term=batteries?,Battery,224.75,5.06E-05,NA
DieHard HD Battery,DieHard,https://shop.advanceautoparts.com/p/diehard-hd-battery-heavy-duty-commercial-farm-battery-group-size-4-1000-cca-4-30/11968232-P?navigationPath=L1*14920%7CL2*15000%7CL3*15597%7CL4*13646,NA,4,1000 A,1250 A,1001-1500AMP,9.5,12.5,6.875,501-1000sq.inch,Top Left,Top Right,295 min,Top Mount,6 volt,50.11,>40pound,NA,"Heavy Duty Commercial & Farm Battery, Group Size 4, 1000 CCA",(0 reviews),1 YR FREE REPLACEMENT,113.99,101-200$,11968232,11968232,3,https://shop.advanceautoparts.com/c4/battery/13646?term=batteries?,Battery,341.97,7.69E-05,4
