product_title,brand,count_of_reviews,product_url,part_number,Ampere,amperage_tier,Volt,battery_cell_composition,product_title,product_attributes,product_reviews,product_warranty,product_reg_price,skuid,search_term,category,units_sold,sale_price,price_tier,revenue,market_share
Schumacher 15A 6V/12V Fully Automatic Battery Charger,Schumacher,5 Reviews,https://shop.advanceautoparts.com/p/schumacher-15a-6v-12v-fully-automatic-battery-charger-sc1304/11824422-P?searchTerm=Battery%20charger,Part # SC1304,15A,0-20AMP,6/12V,,Schumacher,15A 6V/12V Fully Automatic Battery Charger,(5 reviews),1 YR REPLACEMENT IF DEFECTIVE,$84.99,11824422,https://shop.advanceautoparts.com/web/SearchResults?storeId=10151&catalogId=10051&langId=-1&searchTerm=Battery+charger,Battery Chargers,19,84.99,51-100$,1614.81,0.178674884
Schumacher 6/2/40/200A 6/12V Fully Automatic Battery Charger/Engine Starter (SE-4020-CA Replacement),Schumacher,32 Reviews,https://shop.advanceautoparts.com/p/schumacher-6-2-40-200a-6-12v-fully-automatic-battery-charger-engine-starter-se-4020-ca-replacement-sc1309/11824392-P?searchTerm=Battery%20charger,Part # SC1309,200A,101-200AMP,,,Schumacher,6/2/40/200A 6/12V Fully Automatic Battery Charger/Engine Starter (SE-4020-CA Replacement),(32 reviews),1 YR REPLACEMENT IF DEFECTIVE,$159.99,11824392,https://shop.advanceautoparts.com/web/SearchResults?storeId=10151&catalogId=10051&langId=-1&searchTerm=Battery+charger,Battery Chargers,8,159.99,101-200$,1279.92,0.141620102
"Battery Tender 12V, 800mA, Lead Acid/Lithium Selectable Battery Charger",Battery Tender,No Reviews,https://shop.advanceautoparts.com/p/battery-tender-12v-800ma-lead-acid-lithium-selectable-battery-charger-022-0199-dl-wh/12250564-P?searchTerm=Battery%20charger,Part # 022-0199-DL-WH,0.8,0-20AMP,,Lithium,Battery Tender,"12V, 800mA, Lead Acid/Lithium Selectable Battery Charger",(0 reviews),5 YR REPLACEMENT IF DEFECTIVE,$45.99,12250564,https://shop.advanceautoparts.com/web/SearchResults?storeId=10151&catalogId=10051&langId=-1&searchTerm=Battery+charger,Battery Chargers,19,45.99,0-50$,873.81,0.096684997
Schumacher 100A 6V/12V Fully Automatic Battery Charger/Engine Starter,Schumacher,23 Reviews,https://shop.advanceautoparts.com/p/schumacher-100a-6v-12v-fully-automatic-battery-charger-engine-starter-sc1308/11988175-P?searchTerm=Battery%20charger,Part # SC1308,100A,51-100AMP,6/12V,,Schumacher,100A 6V/12V Fully Automatic Battery Charger/Engine Starter,(23 reviews),1 YR REPLACEMENT IF DEFECTIVE,$149.99,11988175,https://shop.advanceautoparts.com/web/SearchResults?storeId=10151&catalogId=10051&langId=-1&searchTerm=Battery+charger,Battery Chargers,5,149.99,101-200$,749.95,0.082980183
"Schumacher 3A 12V Auto Charger/Maintainer for Lithium, Standard, AGM Batteries",Schumacher,28 Reviews,https://shop.advanceautoparts.com/p/schumacher-3a-12v-auto-charger-maintainer-for-lithium-standard-agm-batteries-sp1297/11988176-P?searchTerm=Battery%20charger,Part # SP1297,3A,0-20AMP,,Lithium,Schumacher,"3A 12V Auto Charger/Maintainer for Lithium, Standard, AGM Batteries",(28 reviews),1 YR REPLACEMENT IF DEFECTIVE,$42.99,11988176,https://shop.advanceautoparts.com/web/SearchResults?storeId=10151&catalogId=10051&langId=-1&searchTerm=Battery+charger,Battery Chargers,13,42.99,0-50$,558.87,0.061837636
Schumacher 8A 6/12V Fully Automatic Battery Charger,Schumacher,3 Reviews,https://shop.advanceautoparts.com/p/schumacher-8a-6-12v-fully-automatic-battery-charger-sc1363/11988177-P?searchTerm=Battery%20charger,Part # SC1363,8A,0-20AMP,,,Schumacher,8A 6/12V Fully Automatic Battery Charger,(3 reviews),1 YR REPLACEMENT IF DEFECTIVE,$66.99,11988177,https://shop.advanceautoparts.com/web/SearchResults?storeId=10151&catalogId=10051&langId=-1&searchTerm=Battery+charger,Battery Chargers,12,66.99,51-100$,803.88,0.088947409
Schumacher 10A 6V/12V Fully Automatic Battery Charger (SC-1000A Replacement),Schumacher,2 Reviews,https://shop.advanceautoparts.com/p/schumacher-10a-6v-12v-fully-automatic-battery-charger-sc-1000a-replacement-sc1303/11824389-P?searchTerm=Battery%20charger,Part # SC1303,10A,0-20AMP,6/12V,,Schumacher,10A 6V/12V Fully Automatic Battery Charger (SC-1000A Replacement),(2 reviews),1 YR REPLACEMENT IF DEFECTIVE,$72.99,11824389,https://shop.advanceautoparts.com/web/SearchResults?storeId=10151&catalogId=10051&langId=-1&searchTerm=Battery+charger,Battery Chargers,7,72.99,51-100$,510.93,0.056533189
"Battery Tender 6V/12V, 3 Amp Selectable Battery Charger",Battery Tender,No Reviews,https://shop.advanceautoparts.com/p/battery-tender-6v-12v-3-amp-selectable-battery-charger-022-0202-cos/12250040-P?searchTerm=Battery%20charger,Part # 022-0202-COS,3,0-20AMP,6/12V,,Battery Tender,"6V/12V, 3 Amp Selectable Battery Charger",(0 reviews),5 YR REPLACEMENT IF DEFECTIVE,$75.99,12250040,https://shop.advanceautoparts.com/web/SearchResults?storeId=10151&catalogId=10051&langId=-1&searchTerm=Battery+charger,Battery Chargers,13,75.99,51-100$,987.87,0.109305465
Schumacher 1.5A 6V/12V Fully Automatic Battery Maintainer,Schumacher,2 Reviews,https://shop.advanceautoparts.com/p/schumacher-1.5a-6v-12v-fully-automatic-battery-maintainer-sc1343/11983155-P?searchTerm=Battery%20charger,Part # SC1343,5A,0-20AMP,6/12V,,Schumacher,1.5A 6V/12V Fully Automatic Battery Maintainer,(2 reviews),1 YR REPLACEMENT IF DEFECTIVE,$38.99,11983155,https://shop.advanceautoparts.com/web/SearchResults?storeId=10151&catalogId=10051&langId=-1&searchTerm=Battery+charger,Battery Chargers,10,38.99,0-50$,389.9,0.043141507
Schumacher 0.75A 12V Automatic Battery Maintainer,Schumacher,No Reviews,https://shop.advanceautoparts.com/p/schumacher-0.75a-12v-automatic-battery-maintainer-sc1278/11945117-P?searchTerm=Battery%20charger,Part # SC1278,75A,51-100AMP,,,Schumacher,0.75A 12V Automatic Battery Maintainer,(0 reviews),1 YR REPLACEMENT IF DEFECTIVE,$35.99,11945117,https://shop.advanceautoparts.com/web/SearchResults?storeId=10151&catalogId=10051&langId=-1&searchTerm=Battery+charger,Battery Chargers,1,35.99,0-50$,35.99,0.003982208
Schumacher 6V/12V 2-Bank 2A Battery Charger/Maintainer,Schumacher,No Reviews,https://shop.advanceautoparts.com/p/schumacher-6v-12v-2-bank-2a-battery-charger-maintainer-sc1410/12248884-P?searchTerm=Battery%20charger,Part # SC1410,2A,0-20AMP,6/12V,,Schumacher,6V/12V 2-Bank 2A Battery Charger/Maintainer,(0 reviews),2 YR REPLACEMENT IF DEFECTIVE,$81.99,12248884,https://shop.advanceautoparts.com/web/SearchResults?storeId=10151&catalogId=10051&langId=-1&searchTerm=Battery+charger,Battery Chargers,2,81.99,51-100$,163.98,0.018143997
"Carquest Battery Charger & Maintainer, 1.5 Amp",Carquest,12 Reviews,https://shop.advanceautoparts.com/p/carquest-battery-charger-maintainer-1.5-amp-cq-15cr/11148519-P?searchTerm=Battery%20charger,Part # CQ-15CR,1.5,0-20AMP,,,Carquest,"Battery Charger & Maintainer, 1.5 Amp",(12 reviews),1 YR REPLACEMENT IF DEFECTIVE,$38.99,11148519,https://shop.advanceautoparts.com/web/SearchResults?storeId=10151&catalogId=10051&langId=-1&searchTerm=Battery+charger,Battery Chargers,0,38.99,0-50$,0,0
"Carquest Battery Charger & Maintainer, 3A",Carquest,20 Reviews,https://shop.advanceautoparts.com/p/carquest-battery-charger-maintainer-3a-cq-30cr/11148518-P?searchTerm=Battery%20charger,Part # CQ-30CR,3A,0-20AMP,,,Carquest,"Battery Charger & Maintainer, 3A",(20 reviews),1 YR REPLACEMENT IF DEFECTIVE,$52.99,11148518,https://shop.advanceautoparts.com/web/SearchResults?storeId=10151&catalogId=10051&langId=-1&searchTerm=Battery+charger,Battery Chargers,0,52.99,51-100$,0,0
"Carquest Engine Start & Battery Charger, 100 Amp",Carquest,5 Reviews,https://shop.advanceautoparts.com/p/carquest-engine-start-battery-charger-100-amp-cq-1000cr/11148428-P?searchTerm=Battery%20charger,Part # CQ-1000CR,100,51-100AMP,,,Carquest,"Engine Start & Battery Charger, 100 Amp",(5 reviews),1 YR REPLACEMENT IF DEFECTIVE,$143.99,11148428,https://shop.advanceautoparts.com/web/SearchResults?storeId=10151&catalogId=10051&langId=-1&searchTerm=Battery+charger,Battery Chargers,0,143.99,101-200$,0,0
"Carquest Battery Maintainer, 0.75A",Carquest,8 Reviews,https://shop.advanceautoparts.com/p/carquest-battery-maintainer-0.75a-cq-075cr/11148521-P?searchTerm=Battery%20charger,Part # CQ-075CR,75A,51-100AMP,,,Carquest,"Battery Maintainer, 0.75A",(8 reviews),1 YR REPLACEMENT IF DEFECTIVE,$34.99,11148521,https://shop.advanceautoparts.com/web/SearchResults?storeId=10151&catalogId=10051&langId=-1&searchTerm=Battery+charger,Battery Chargers,0,34.99,0-50$,0,0
Schumacher 1.5A 6V/12V Fully Automatic Battery Maintainer,Schumacher,2 Reviews,https://shop.advanceautoparts.com/p/schumacher-1.5a-6v-12v-fully-automatic-battery-maintainer-sc1355/11888057-P?searchTerm=Battery%20charger,Part # SC1355,5A,0-20AMP,6/12V,,Schumacher,1.5A 6V/12V Fully Automatic Battery Maintainer,(2 reviews),1 YR REPLACEMENT IF DEFECTIVE,$33.99,11888057,https://shop.advanceautoparts.com/web/SearchResults?storeId=10151&catalogId=10051&langId=-1&searchTerm=Battery+charger,Battery Chargers,0,33.99,0-50$,0,0
Noco Genius NOCO GENIUS5 6V/12V 5-Amp Smart Battery Charger,Noco,No Reviews,https://shop.advanceautoparts.com/p/noco-genius-noco-genius5-6v-12v-5-amp-smart-battery-charger-genius5/12215599-P?searchTerm=Battery%20charger,Part # GENIUS5,5-,0-20AMP,6/12V,,Noco Genius,NOCO GENIUS5 6V/12V 5-Amp Smart Battery Charger,(0 reviews),3 YR FREE REPLACEMENT,$91.99,12215599,https://shop.advanceautoparts.com/web/SearchResults?storeId=10151&catalogId=10051&langId=-1&searchTerm=Battery+charger,Battery Chargers,11,91.99,51-100$,1011.89,0.111963221
Schumacher 6A 6V/12V Fully Automatic Battery Charger (SC-600A Replacement),Schumacher,3 Reviews,https://shop.advanceautoparts.com/p/schumacher-6a-6v-12v-fully-automatic-battery-charger-sc-600a-replacement-sc1301/11988178-P?searchTerm=Battery%20charger,Part # SC1301,6A,0-20AMP,6/12V,,Schumacher,6A 6V/12V Fully Automatic Battery Charger (SC-600A Replacement),(3 reviews),1 YR REPLACEMENT IF DEFECTIVE,$55.99,11988178,https://shop.advanceautoparts.com/web/SearchResults?storeId=10151&catalogId=10051&langId=-1&searchTerm=Battery+charger,Battery Chargers,,55.99,51-100$,,
Schumacher 80A 12V Battery Charger/Engine Starter,Schumacher,2 Reviews,https://shop.advanceautoparts.com/p/schumacher-80a-12v-battery-charger-engine-starter-sc1306/11887891-P?searchTerm=Battery%20charger,Part # SC1306,80A,51-100AMP,,,Schumacher,80A 12V Battery Charger/Engine Starter,(2 reviews),1 YR REPLACEMENT IF DEFECTIVE,$107.99,11887891,https://shop.advanceautoparts.com/web/SearchResults?storeId=10151&catalogId=10051&langId=-1&searchTerm=Battery+charger,Battery Chargers,0,107.99,101-200$,0,0
Schumacher 6V/12V 250A ProSeries Battery Charger/Engine Starter,Schumacher,16 Reviews,https://shop.advanceautoparts.com/p/schumacher-6v-12v-250a-proseries-battery-charger-engine-starter-dsr131/11976105-P?searchTerm=Battery%20charger,Part # DSR131,250A,201-500AMP,6/12V,,Schumacher,6V/12V 250A ProSeries Battery Charger/Engine Starter,(16 reviews),1 YR REPLACEMENT IF DEFECTIVE,$242.99,11976105,https://shop.advanceautoparts.com/web/SearchResults?storeId=10151&catalogId=10051&langId=-1&searchTerm=Battery+charger,Battery Chargers,0,242.99,201-400$,0,0
Schumacher 85A 6V/12V Fully Automatic Battery Charger/Engine Starter,Schumacher,1 Review,https://shop.advanceautoparts.com/p/schumacher-85a-6v-12v-fully-automatic-battery-charger-engine-starter-sc1362/11887893-P?searchTerm=Battery%20charger,Part # SC1362,85A,51-100AMP,6/12V,,Schumacher,85A 6V/12V Fully Automatic Battery Charger/Engine Starter,(1 reviews),1 YR REPLACEMENT IF DEFECTIVE,$128.99,11887893,https://shop.advanceautoparts.com/web/SearchResults?storeId=10151&catalogId=10051&langId=-1&searchTerm=Battery+charger,Battery Chargers,,128.99,101-200$,,
"DieHard TL 12V Lithium-ion Battery Charger, Quick Battery Charger",DieHard,No Reviews,https://shop.advanceautoparts.com/p/diehard-tl-12v-lithium-ion-battery-charger-quick-battery-charger-dh80012/12455475-P?searchTerm=Battery%20charger,Part # DH80012,,,,Lithium,DieHard TL,"12V Lithium-ion Battery Charger, Quick Battery Charger",(0 reviews),1 YR REPLACEMENT IF DEFECTIVE,$24.99,12455475,https://shop.advanceautoparts.com/web/SearchResults?storeId=10151&catalogId=10051&langId=-1&searchTerm=Battery+charger,Battery Chargers,,24.99,0-50$,,
Schumacher 1.5A 6V/12V Fully Automatic Battery Maintainer,Schumacher,20 Reviews,https://shop.advanceautoparts.com/p/schumacher-1.5a-6v-12v-fully-automatic-battery-maintainer-sc1300/11983144-P?searchTerm=Battery%20charger,Part # SC1300,5A,0-20AMP,6/12V,,Schumacher,1.5A 6V/12V Fully Automatic Battery Maintainer,(20 reviews),1 YR REPLACEMENT IF DEFECTIVE,$39.49,11983144,https://shop.advanceautoparts.com/web/SearchResults?storeId=10151&catalogId=10051&langId=-1&searchTerm=Battery+charger,Battery Chargers,0,39.49,0-50$,0,0
Schumacher 6A 6V/12V Fully Automatic Battery Charger,Schumacher,No Reviews,https://shop.advanceautoparts.com/p/schumacher-6a-6v-12v-fully-automatic-battery-charger-sc1357/11888055-P?searchTerm=Battery%20charger,Part # SC1357,6A,0-20AMP,6/12V,,Schumacher,6A 6V/12V Fully Automatic Battery Charger,(0 reviews),1 YR REPLACEMENT IF DEFECTIVE,$99.99,11888055,https://shop.advanceautoparts.com/web/SearchResults?storeId=10151&catalogId=10051&langId=-1&searchTerm=Battery+charger,Battery Chargers,,99.99,51-100$,,
Schumacher 10A 12V Fully Automatic Battery Charger,Schumacher,1 Review,https://shop.advanceautoparts.com/p/schumacher-10a-12v-fully-automatic-battery-charger-sc1339/11888058-P?searchTerm=Battery%20charger,Part # SC1339,10A,0-20AMP,,,Schumacher,10A 12V Fully Automatic Battery Charger,(1 reviews),1 YR REPLACEMENT IF DEFECTIVE,$85.99,11888058,https://shop.advanceautoparts.com/web/SearchResults?storeId=10151&catalogId=10051&langId=-1&searchTerm=Battery+charger,Battery Chargers,0,85.99,51-100$,0,0
Solar 10A 6/12V PRO-LOGIX Battery Charger,Solar,No Reviews,https://shop.advanceautoparts.com/p/solar-10a-6-12v-pro-logix-battery-charger-pl2310/11395737-P?searchTerm=Battery%20charger,Part # PL2310,10A,0-20AMP,,,Solar,10A 6/12V PRO-LOGIX Battery Charger,(0 reviews),CONTACT MANUFACTURER FOR WARRANTY,$129.99,11395737,https://shop.advanceautoparts.com/web/SearchResults?storeId=10151&catalogId=10051&langId=-1&searchTerm=Battery+charger,Battery Chargers,0,129.99,101-200$,0,0
"DieHard TL 20V Lithium-ion Battery Charger, Quick Battery Charger",DieHard,No Reviews,https://shop.advanceautoparts.com/p/diehard-tl-20v-lithium-ion-battery-charger-quick-battery-charger-dh80013/12455477-P?searchTerm=Battery%20charger,Part # DH80013,,,,Lithium,DieHard TL,"20V Lithium-ion Battery Charger, Quick Battery Charger",(0 reviews),1 YR REPLACEMENT IF DEFECTIVE,$34.99,12455477,https://shop.advanceautoparts.com/web/SearchResults?storeId=10151&catalogId=10051&langId=-1&searchTerm=Battery+charger,Battery Chargers,,34.99,0-50$,,
"Lincoln Industrial One-Hour Battery Charger, 110V/60Hz for 12V NiCad Batteries, Output 14.5VDC",Lincoln,No Reviews,https://shop.advanceautoparts.com/p/lincoln-industrial-one-hour-battery-charger-110v-60hz-for-12v-nicad-batteries-output-14.5vdc-1210/11189325-P?searchTerm=Battery%20charger,Part # 1210,,,110V,,Lincoln Industrial,"One-Hour Battery Charger, 110V/60Hz for 12V NiCad Batteries, Output 14.5VDC",(0 reviews),CONTACT MANUFACTURER FOR WARRANTY,$82.49,11189325,https://shop.advanceautoparts.com/web/SearchResults?storeId=10151&catalogId=10051&langId=-1&searchTerm=Battery+charger,Battery Chargers,0,82.49,51-100$,0,0
Schumacher 6A 6/12V Charger/Maintainer (SE-82-6-CA Replacement),Schumacher,No Reviews,https://shop.advanceautoparts.com/p/schumacher-6a-6-12v-charger-maintainer-se-82-6-ca-replacement-sc1320/11888059-P?searchTerm=Battery%20charger,Part # SC1320,6A,0-20AMP,,,Schumacher,6A 6/12V Charger/Maintainer (SE-82-6-CA Replacement),(0 reviews),1 YR REPLACEMENT IF DEFECTIVE,$55.99,11888059,https://shop.advanceautoparts.com/web/SearchResults?storeId=10151&catalogId=10051&langId=-1&searchTerm=Battery+charger,Battery Chargers,0,55.99,51-100$,0,0
Schumacher 200A 12V Automatic Battery Charger/Engine Starter,Schumacher,No Reviews,https://shop.advanceautoparts.com/p/schumacher-200a-12v-automatic-battery-charger-engine-starter-sc1324/11887892-P?searchTerm=Battery%20charger,Part # SC1324,200A,101-200AMP,,,Schumacher,200A 12V Automatic Battery Charger/Engine Starter,(0 reviews),1 YR REPLACEMENT IF DEFECTIVE,$219.99,11887892,https://shop.advanceautoparts.com/web/SearchResults?storeId=10151&catalogId=10051&langId=-1&searchTerm=Battery+charger,Battery Chargers,0,219.99,201-400$,0,0
Porter Cable Power Tools 20V MAX* Lithium Ion Charger,Porter,2 Reviews,https://shop.advanceautoparts.com/p/porter-cable-power-tools-20v-max-lithium-ion-charger-pcc692l/11148041-P?searchTerm=Battery%20charger,Part # PCC692L,,,,Lithium,Porter Cable Power Tools,20V MAX* Lithium Ion Charger,(2 reviews),1 YR REPLACEMENT IF DEFECTIVE,$27.55,11148041,https://shop.advanceautoparts.com/web/SearchResults?storeId=10151&catalogId=10051&langId=-1&searchTerm=Battery+charger,Battery Chargers,0,27.55,0-50$,0,0
Schumacher 60A 6V/12V Fast Charger,Schumacher,No Reviews,https://shop.advanceautoparts.com/p/schumacher-60a-6v-12v-fast-charger-dsr134/12059392-P?searchTerm=Battery%20charger,Part # DSR134,60A,51-100AMP,6/12V,,Schumacher,60A 6V/12V Fast Charger,(0 reviews),1 YR REPLACEMENT IF DEFECTIVE,$615.99,12059392,https://shop.advanceautoparts.com/web/SearchResults?storeId=10151&catalogId=10051&langId=-1&searchTerm=Battery+charger,Battery Chargers,,615.99,>400$,,
Dorman - Conduct-Tite 50 AMP Red/Black Insulated Clamp,Dorman,No Reviews,https://shop.advanceautoparts.com/p/dorman-conduct-tite-50-amp-red-black-insulated-clamp-85679/22141117-P?searchTerm=Battery%20charger,Part # 85679,50,21-50AMP,,,Dorman - Conduct-Tite,50 AMP Red/Black Insulated Clamp,(0 reviews),1 YR REPLACEMENT IF DEFECTIVE,$5.99,22141117,https://shop.advanceautoparts.com/web/SearchResults?storeId=10151&catalogId=10051&langId=-1&searchTerm=Battery+charger,Battery Chargers,6,5.99,0-50$,35.94,0.003976675
Schumacher 12V 250A ProSeries Battery Charger/Engine Starter,Schumacher,1 Review,https://shop.advanceautoparts.com/p/schumacher-12v-250a-proseries-battery-charger-engine-starter-dsr121/11978827-P?searchTerm=Battery%20charger,Part # DSR121,250A,201-500AMP,,,Schumacher,12V 250A ProSeries Battery Charger/Engine Starter,(1 reviews),1 YR REPLACEMENT IF DEFECTIVE,$562.99,11978827,https://shop.advanceautoparts.com/web/SearchResults?storeId=10151&catalogId=10051&langId=-1&searchTerm=Battery+charger,Battery Chargers,0,562.99,>400$,0,0
Dorman - Conduct-Tite 10 AMP Charging Clip,Dorman,No Reviews,https://shop.advanceautoparts.com/p/dorman-conduct-tite-10-amp-charging-clip-85680/22141131-P?searchTerm=Battery%20charger,Part # 85680,10,0-20AMP,,,Dorman - Conduct-Tite,10 AMP Charging Clip,(0 reviews),1 YR REPLACEMENT IF DEFECTIVE,$4.39,22141131,https://shop.advanceautoparts.com/web/SearchResults?storeId=10151&catalogId=10051&langId=-1&searchTerm=Battery+charger,Battery Chargers,0,4.39,0-50$,0,0
Dorman - Conduct-Tite 20-10 AMP Charging Clip Assortment,Dorman,No Reviews,https://shop.advanceautoparts.com/p/dorman-conduct-tite-20-10-amp-charging-clip-assortment-85683/22141121-P?searchTerm=Battery%20charger,Part # 85683,10,0-20AMP,,,Dorman - Conduct-Tite,20-10 AMP Charging Clip Assortment,(0 reviews),1 YR REPLACEMENT IF DEFECTIVE,$4.49,22141121,https://shop.advanceautoparts.com/web/SearchResults?storeId=10151&catalogId=10051&langId=-1&searchTerm=Battery+charger,Battery Chargers,,4.49,0-50$,,
Dorman - Conduct-Tite 10 AMP Red/Black Insulated Clamp,Dorman,No Reviews,https://shop.advanceautoparts.com/p/dorman-conduct-tite-10-amp-red-black-insulated-clamp-85677/22141116-P?searchTerm=Battery%20charger,Part # 85677,10,0-20AMP,,,Dorman - Conduct-Tite,10 AMP Red/Black Insulated Clamp,(0 reviews),1 YR REPLACEMENT IF DEFECTIVE,$5.99,22141116,https://shop.advanceautoparts.com/web/SearchResults?storeId=10151&catalogId=10051&langId=-1&searchTerm=Battery+charger,Battery Chargers,2,5.99,0-50$,11.98,0.001325558
Dorman - Conduct-Tite 3/8 In. Insulated Cable Clamps,Dorman,No Reviews,https://shop.advanceautoparts.com/p/dorman-conduct-tite-3-8-in.-insulated-cable-clamps-86102/16320041-P?searchTerm=Battery%20charger,Part # 86102,,,,,Dorman - Conduct-Tite,3/8 In. Insulated Cable Clamps,(0 reviews),30 DAY REPLACEMENT IF DEFECTIVE,$3.99,16320041,https://shop.advanceautoparts.com/web/SearchResults?storeId=10151&catalogId=10051&langId=-1&searchTerm=Battery+charger,Battery Chargers,2,3.99,0-50$,7.98,0.000882968
Schumacher 6V/12V 4-Bank Automatic Battery Charging Station (INC-406A Replacement),Schumacher,No Reviews,https://shop.advanceautoparts.com/p/schumacher-6v-12v-4-bank-automatic-battery-charging-station-inc-406a-replacement-dsr125/11998730-P?searchTerm=Battery%20charger,Part # DSR125,406A,201-500AMP,6/12V,,Schumacher,6V/12V 4-Bank Automatic Battery Charging Station (INC-406A Replacement),(0 reviews),1 YR REPLACEMENT IF DEFECTIVE,$506.99,11998730,https://shop.advanceautoparts.com/web/SearchResults?storeId=10151&catalogId=10051&langId=-1&searchTerm=Battery+charger,Battery Chargers,,506.99,>400$,,
Schumacher 250A 6/12V Battery Charger/Engine Starter,Schumacher,1 Review,https://shop.advanceautoparts.com/p/schumacher-250a-6-12v-battery-charger-engine-starter-sc1325/11983142-P?searchTerm=Battery%20charger,Part # SC1325,250A,201-500AMP,,,Schumacher,250A 6/12V Battery Charger/Engine Starter,(1 reviews),1 YR REPLACEMENT IF DEFECTIVE,$278.99,11983142,https://shop.advanceautoparts.com/web/SearchResults?storeId=10151&catalogId=10051&langId=-1&searchTerm=Battery+charger,Battery Chargers,,278.99,201-400$,,
Schumacher 12/24V 250A ProSeries Battery Charger/Engine Starter,Schumacher,No Reviews,https://shop.advanceautoparts.com/p/schumacher-12-24v-250a-proseries-battery-charger-engine-starter-dsr123/11978826-P?searchTerm=Battery%20charger,Part # DSR123,250A,201-500AMP,,,Schumacher,12/24V 250A ProSeries Battery Charger/Engine Starter,(0 reviews),1 YR REPLACEMENT IF DEFECTIVE,$706.99,11978826,https://shop.advanceautoparts.com/web/SearchResults?storeId=10151&catalogId=10051&langId=-1&searchTerm=Battery+charger,Battery Chargers,0,706.99,>400$,0,0
Schumacher 6/12V 275A ProSeries Battery Charger/Engine Starter,Schumacher,No Reviews,https://shop.advanceautoparts.com/p/schumacher-6-12v-275a-proseries-battery-charger-engine-starter-dsr122/11978825-P?searchTerm=Battery%20charger,Part # DSR122,275A,201-500AMP,,,Schumacher,6/12V 275A ProSeries Battery Charger/Engine Starter,(0 reviews),1 YR REPLACEMENT IF DEFECTIVE,$712.99,11978825,https://shop.advanceautoparts.com/web/SearchResults?storeId=10151&catalogId=10051&langId=-1&searchTerm=Battery+charger,Battery Chargers,0,712.99,>400$,0,0
Schumacher 6/12/24V 330A ProSeries Battery Charger/Engine Starter,Schumacher,No Reviews,https://shop.advanceautoparts.com/p/schumacher-6-12-24v-330a-proseries-battery-charger-engine-starter-dsr124/11978759-P?searchTerm=Battery%20charger,Part # DSR124,330A,201-500AMP,,,Schumacher,6/12/24V 330A ProSeries Battery Charger/Engine Starter,(0 reviews),1 YR REPLACEMENT IF DEFECTIVE,$861.99,11978759,https://shop.advanceautoparts.com/web/SearchResults?storeId=10151&catalogId=10051&langId=-1&searchTerm=Battery+charger,Battery Chargers,0,861.99,>400$,0,0
Schumacher 3A Wireless Smart Charger (SK1 Replacement),Schumacher,1 Review,https://shop.advanceautoparts.com/p/schumacher-3a-wireless-smart-charger-sk1-replacement-sc1366/11824390-P?searchTerm=Battery%20charger,Part # SC1366,3A,0-20AMP,,,Schumacher,3A Wireless Smart Charger (SK1 Replacement),(1 reviews),1 YR REPLACEMENT IF DEFECTIVE,$155.99,11824390,https://shop.advanceautoparts.com/web/SearchResults?storeId=10151&catalogId=10051&langId=-1&searchTerm=Battery+charger,Battery Chargers,0,155.99,101-200$,0,0
Wagan 4.0A Intelligent Battery Charger,Wagan,No Reviews,https://shop.advanceautoparts.com/p/wagan-4.0a-intelligent-battery-charger-7403/12481280-P?searchTerm=Battery%20charger,Part # 7403,0A,0,,,Wagan,4.0A Intelligent Battery Charger,(0 reviews),1 YR REPLACEMENT IF DEFECTIVE,$44.99,12481280,https://shop.advanceautoparts.com/web/SearchResults?storeId=10151&catalogId=10051&langId=-1&searchTerm=Battery+charger,Battery Chargers,,44.99,0-50$,,
Energizer ENC2A 2 Amp Multistage 6V or 12V Battery Charger,Energizer,No Reviews,https://shop.advanceautoparts.com/p/energizer-enc2a-2-amp-multistage-6v-or-12v-battery-charger-enc2a/11546831-P?searchTerm=Battery%20charger,Part # ENC2A,2A,0-20AMP,,,Energizer,ENC2A 2 Amp Multistage 6V or 12V Battery Charger,(0 reviews),90 DAY REPLACEMENT IF DEFECTIVE,$24.99,11546831,https://shop.advanceautoparts.com/web/SearchResults?storeId=10151&catalogId=10051&langId=-1&searchTerm=Battery+charger,Battery Chargers,,24.99,0-50$,,
Energizer ENC4A 4 Amp Multistage 6V or 12V Battery Charger,Energizer,No Reviews,https://shop.advanceautoparts.com/p/energizer-enc4a-4-amp-multistage-6v-or-12v-battery-charger-enc4a/11546744-P?searchTerm=Battery%20charger,Part # ENC4A,4A,0-20AMP,,,Energizer,ENC4A 4 Amp Multistage 6V or 12V Battery Charger,(0 reviews),90 DAY REPLACEMENT IF DEFECTIVE,$29.99,11546744,https://shop.advanceautoparts.com/web/SearchResults?storeId=10151&catalogId=10051&langId=-1&searchTerm=Battery+charger,Battery Chargers,,29.99,0-50$,,
Associated Equipment 6/12/18/24V Battery Charger,Associated Equipment,No Reviews,https://shop.advanceautoparts.com/p/associated-equipment-6-12-18-24v-battery-charger-aso6002b/25981405-P?searchTerm=Battery%20charger,Part # ASO6002B,,,,,Associated Equipment,6/12/18/24V Battery Charger,(0 reviews),CONTACT MANUFACTURER FOR WARRANTY,"$1,445.99",25981405,https://shop.advanceautoparts.com/web/SearchResults?storeId=10151&catalogId=10051&langId=-1&searchTerm=Battery+charger,Battery Chargers,,1445.99,>400$,,
Braille Battery 12V Lithium Battery Charger - 10 Amp,Braille,No Reviews,https://shop.advanceautoparts.com/p/braille-battery-12v-lithium-battery-charger-10-amp-12310l/12144959-P?searchTerm=Battery%20charger,Part # 12310L,10,0-20AMP,,Lithium,Braille Battery,12V Lithium Battery Charger - 10 Amp,(0 reviews),1 YR REPLACEMENT IF DEFECTIVE,$209.99,12144959,https://shop.advanceautoparts.com/web/SearchResults?storeId=10151&catalogId=10051&langId=-1&searchTerm=Battery+charger,Battery Chargers,,209.99,201-400$,,
Energizer ENC8A 8 Amp Multistage 6V or 12V Battery Charger,Energizer,1 Review,https://shop.advanceautoparts.com/p/energizer-enc8a-8-amp-multistage-6v-or-12v-battery-charger-enc8a/11546743-P?searchTerm=Battery%20charger,Part # ENC8A,8A,0-20AMP,,,Energizer,ENC8A 8 Amp Multistage 6V or 12V Battery Charger,(1 reviews),90 DAY REPLACEMENT IF DEFECTIVE,$49.99,11546743,https://shop.advanceautoparts.com/web/SearchResults?storeId=10151&catalogId=10051&langId=-1&searchTerm=Battery+charger,Battery Chargers,,49.99,0-50$,,
Associated Equipment Heavy Duty Commercial 6-12 Volt Battery Charger,Associated Equipment,No Reviews,https://shop.advanceautoparts.com/p/associated-equipment-heavy-duty-commercial-6-12-volt-battery-charger-aso6001a/25981404-P?searchTerm=Battery%20charger,Part # ASO6001A,,,6/12V,,Associated Equipment,Heavy Duty Commercial 6-12 Volt Battery Charger,(0 reviews),CONTACT MANUFACTURER FOR WARRANTY,"$1,187.99",25981404,https://shop.advanceautoparts.com/web/SearchResults?storeId=10151&catalogId=10051&langId=-1&searchTerm=Battery+charger,Battery Chargers,,1187.99,>400$,,
Wagan 8A Intelligent Battery Charger,Wagan,No Reviews,https://shop.advanceautoparts.com/p/wagan-8a-intelligent-battery-charger-7406/12481369-P?searchTerm=Battery%20charger,Part # 7406,8A,0-20AMP,,,Wagan,8A Intelligent Battery Charger,(0 reviews),1 YR REPLACEMENT IF DEFECTIVE,$89.99,12481369,https://shop.advanceautoparts.com/web/SearchResults?storeId=10151&catalogId=10051&langId=-1&searchTerm=Battery+charger,Battery Chargers,,89.99,51-100$,,
Wagan 15A Intelligent Battery Charger,Wagan,No Reviews,https://shop.advanceautoparts.com/p/wagan-15a-intelligent-battery-charger-7407/12481283-P?searchTerm=Battery%20charger,Part # 7407,15A,0-20AMP,,,Wagan,15A Intelligent Battery Charger,(0 reviews),1 YR REPLACEMENT IF DEFECTIVE,$109.99,12481283,https://shop.advanceautoparts.com/web/SearchResults?storeId=10151&catalogId=10051&langId=-1&searchTerm=Battery+charger,Battery Chargers,,109.99,101-200$,,
Wagan Wagan 1.5A Intelligent Battery Charger,Wagan,No Reviews,https://shop.advanceautoparts.com/p/wagan-wagan-1.5a-intelligent-battery-charger-7402/12481276-P?searchTerm=Battery%20charger,Part # 7402,5A,0-20AMP,,,Wagan,Wagan 1.5A Intelligent Battery Charger,(0 reviews),1 YR REPLACEMENT IF DEFECTIVE,$44.99,12481276,https://shop.advanceautoparts.com/web/SearchResults?storeId=10151&catalogId=10051&langId=-1&searchTerm=Battery+charger,Battery Chargers,,44.99,0-50$,,
Braille Battery Super 16V Lithium Battery Charger - 6 Amp,Braille,No Reviews,https://shop.advanceautoparts.com/p/braille-battery-super-16v-lithium-battery-charger-6-amp-1636l/12145060-P?searchTerm=Battery%20charger,Part # 1636L,6,0-20AMP,,Lithium,Braille Battery,Super 16V Lithium Battery Charger - 6 Amp,(0 reviews),1 YR REPLACEMENT IF DEFECTIVE,$157.99,12145060,https://shop.advanceautoparts.com/web/SearchResults?storeId=10151&catalogId=10051&langId=-1&searchTerm=Battery+charger,Battery Chargers,,157.99,101-200$,,
Braille Battery 12V Lithium Battery Charger - 6 Amp,Braille,No Reviews,https://shop.advanceautoparts.com/p/braille-battery-12v-lithium-battery-charger-6-amp-1236l/12144953-P?searchTerm=Battery%20charger,Part # 1236L,6,0-20AMP,,Lithium,Braille Battery,12V Lithium Battery Charger - 6 Amp,(0 reviews),1 YR REPLACEMENT IF DEFECTIVE,$157.99,12144953,https://shop.advanceautoparts.com/web/SearchResults?storeId=10151&catalogId=10051&langId=-1&searchTerm=Battery+charger,Battery Chargers,,157.99,101-200$,,
Granite Digital Battery Charger,Granite,No Reviews,https://shop.advanceautoparts.com/p/granite-digital-battery-charger-grt2365-24/12059695-P?searchTerm=Battery%20charger,Part # GRT2365-24,,,,,Granite Digital,Battery Charger,(0 reviews),CONTACT MANUFACTURER FOR WARRANTY,$174.99,12059695,https://shop.advanceautoparts.com/web/SearchResults?storeId=10151&catalogId=10051&langId=-1&searchTerm=Battery+charger,Battery Chargers,,174.99,101-200$,,
Associated Equipment ESS6008MS With MS6209-12 Memory Saver Cable,Associated Equipment,No Reviews,https://shop.advanceautoparts.com/p/associated-equipment-ess6008ms-with-ms6209-12-memory-saver-cable-asoess6008msk/10633389-P?searchTerm=Battery%20charger,Part # ASOESS6008MSK,,,,,Associated Equipment,ESS6008MS With MS6209-12 Memory Saver Cable,(0 reviews),30 DAY REPLACEMENT IF DEFECTIVE,"$1,346.99",10633389,https://shop.advanceautoparts.com/web/SearchResults?storeId=10151&catalogId=10051&langId=-1&searchTerm=Battery+charger,Battery Chargers,,1346.99,>400$,,
Associated Equipment Portable Intellamatic 20-Amp Charger,Associated Equipment,No Reviews,https://shop.advanceautoparts.com/p/associated-equipment-portable-intellamatic-20-amp-charger-aso9425/10035067-P?searchTerm=Battery%20charger,Part # ASO9425,20-,0-20AMP,,,Associated Equipment,Portable Intellamatic 20-Amp Charger,(0 reviews),CONTACT MANUFACTURER FOR WARRANTY,$596.99,10035067,https://shop.advanceautoparts.com/web/SearchResults?storeId=10151&catalogId=10051&langId=-1&searchTerm=Battery+charger,Battery Chargers,,596.99,>400$,,
Associated Equipment Heavy Duty 6/12 Volt Load Tester,Associated Equipment,No Reviews,https://shop.advanceautoparts.com/p/associated-equipment-heavy-duty-6-12-volt-load-tester-aso6026/22981644-P?searchTerm=Battery%20charger,Part # ASO6026,,,6/12V,,Associated Equipment,Heavy Duty 6/12 Volt Load Tester,(0 reviews),CONTACT MANUFACTURER FOR WARRANTY,$117.99,22981644,https://shop.advanceautoparts.com/web/SearchResults?storeId=10151&catalogId=10051&langId=-1&searchTerm=Battery+charger,Battery Chargers,,117.99,101-200$,,
Wagan JumpBoost V6,Wagan,No Reviews,https://shop.advanceautoparts.com/p/wagan-jumpboost-v6-7551/12481367-P?searchTerm=Battery%20charger,Part # 7551,,,,,Wagan,JumpBoost V6,(0 reviews),1 YR REPLACEMENT IF DEFECTIVE,$114.99,12481367,https://shop.advanceautoparts.com/web/SearchResults?storeId=10151&catalogId=10051&langId=-1&searchTerm=Battery+charger,Battery Chargers,,114.99,101-200$,,
Duracell 1 Amp Charger + Battery Maintainer,Duracell,No Reviews,https://shop.advanceautoparts.com/p/duracell-1-amp-charger-battery-maintainer-drmc1a/12341372-P?searchTerm=Battery%20charger,Part # DRMC1A,1,0-20AMP,,,Duracell,1 Amp Charger + Battery Maintainer,(0 reviews),30 DAY REPLACEMENT IF DEFECTIVE,$39.99,12341372,https://shop.advanceautoparts.com/web/SearchResults?storeId=10151&catalogId=10051&langId=-1&searchTerm=Battery+charger,Battery Chargers,,39.99,0-50$,,
Bartec USA BLUETOOTH DONGLE,Bartec,No Reviews,https://shop.advanceautoparts.com/p/bartec-usa-bluetooth-dongle-wrtbtdongle/11454472-P?searchTerm=Battery%20charger,Part # WRTBTDONGLE,,,,,Bartec USA,BLUETOOTH DONGLE,(0 reviews),CONTACT MANUFACTURER FOR WARRANTY,$37.99,11454472,https://shop.advanceautoparts.com/web/SearchResults?storeId=10151&catalogId=10051&langId=-1&searchTerm=Battery+charger,Battery Chargers,,37.99,0-50$,,
Associated Equipment 500 Amp Replacement Battery Clamp,Associated Equipment,No Reviews,https://shop.advanceautoparts.com/p/associated-equipment-500-amp-replacement-battery-clamp-aso6202/22987685-P?searchTerm=Battery%20charger,Part # ASO6202,500,201-500AMP,,,Associated Equipment,500 Amp Replacement Battery Clamp,(0 reviews),CONTACT MANUFACTURER FOR WARRANTY,$67.99,22987685,https://shop.advanceautoparts.com/web/SearchResults?storeId=10151&catalogId=10051&langId=-1&searchTerm=Battery+charger,Battery Chargers,,67.99,51-100$,,
Dorman - Conduct-Tite 50 AMP Charging Clip,Dorman,No Reviews,https://shop.advanceautoparts.com/p/dorman-conduct-tite-50-amp-charging-clip-85682/22141286-P?searchTerm=Battery%20charger,Part # 85682,50,21-50AMP,,,Dorman - Conduct-Tite,50 AMP Charging Clip,(0 reviews),1 YR REPLACEMENT IF DEFECTIVE,$3.39,22141286,https://shop.advanceautoparts.com/web/SearchResults?storeId=10151&catalogId=10051&langId=-1&searchTerm=Battery+charger,Battery Chargers,,3.39,0-50$,,
Dorman - Conduct-Tite 25 AMP Charging Clip,Dorman,No Reviews,https://shop.advanceautoparts.com/p/dorman-conduct-tite-25-amp-charging-clip-85681/22141119-P?searchTerm=Battery%20charger,Part # 85681,25,21-50AMP,,,Dorman - Conduct-Tite,25 AMP Charging Clip,(0 reviews),1 YR REPLACEMENT IF DEFECTIVE,$3.29,22141119,https://shop.advanceautoparts.com/web/SearchResults?storeId=10151&catalogId=10051&langId=-1&searchTerm=Battery+charger,Battery Chargers,,3.29,0-50$,,
Wagan JumpBoost V8,Wagan,No Reviews,https://shop.advanceautoparts.com/p/wagan-jumpboost-v8-7553/12481281-P?searchTerm=Battery%20charger,Part # 7553,,,,,Wagan,JumpBoost V8,(0 reviews),1 YR REPLACEMENT IF DEFECTIVE,$154.99,12481281,https://shop.advanceautoparts.com/web/SearchResults?storeId=10151&catalogId=10051&langId=-1&searchTerm=Battery+charger,Battery Chargers,,154.99,101-200$,,
Duracell 2 Amp Charger + Battery Maintainer,Duracell,No Reviews,https://shop.advanceautoparts.com/p/duracell-2-amp-charger-battery-maintainer-drmc2a/12341342-P?searchTerm=Battery%20charger,Part # DRMC2A,2,0-20AMP,,,Duracell,2 Amp Charger + Battery Maintainer,(0 reviews),30 DAY REPLACEMENT IF DEFECTIVE,$54.99,12341342,https://shop.advanceautoparts.com/web/SearchResults?storeId=10151&catalogId=10051&langId=-1&searchTerm=Battery+charger,Battery Chargers,,54.99,51-100$,,
Braille Battery Super 16V Lithium Rapid Charger - 25 Amp,Braille,No Reviews,https://shop.advanceautoparts.com/p/braille-battery-super-16v-lithium-rapid-charger-25-amp-16325l/12145042-P?searchTerm=Battery%20charger,Part # 16325L,25,21-50AMP,,Lithium,Braille Battery,Super 16V Lithium Rapid Charger - 25 Amp,(0 reviews),1 YR REPLACEMENT IF DEFECTIVE,$288.99,12145042,https://shop.advanceautoparts.com/web/SearchResults?storeId=10151&catalogId=10051&langId=-1&searchTerm=Battery+charger,Battery Chargers,,288.99,201-400$,,
Braille Battery 12V Lithium Rapid Charger - 50 Amp,Braille,No Reviews,https://shop.advanceautoparts.com/p/braille-battery-12v-lithium-rapid-charger-50-amp-12350l/12145040-P?searchTerm=Battery%20charger,Part # 12350L,50,21-50AMP,,Lithium,Braille Battery,12V Lithium Rapid Charger - 50 Amp,(0 reviews),1 YR REPLACEMENT IF DEFECTIVE,$682.99,12145040,https://shop.advanceautoparts.com/web/SearchResults?storeId=10151&catalogId=10051&langId=-1&searchTerm=Battery+charger,Battery Chargers,,682.99,>400$,,
Braille Battery 12V Lithium Rapid Charger - 25 Amp,Braille,No Reviews,https://shop.advanceautoparts.com/p/braille-battery-12v-lithium-rapid-charger-25-amp-12325l/12144958-P?searchTerm=Battery%20charger,Part # 12325L,25,21-50AMP,,Lithium,Braille Battery,12V Lithium Rapid Charger - 25 Amp,(0 reviews),1 YR REPLACEMENT IF DEFECTIVE,$393.99,12144958,https://shop.advanceautoparts.com/web/SearchResults?storeId=10151&catalogId=10051&langId=-1&searchTerm=Battery+charger,Battery Chargers,,393.99,201-400$,,
Braille Battery GM Side Post Terminal Adapters,Braille,No Reviews,https://shop.advanceautoparts.com/p/braille-battery-gm-side-post-terminal-adapters-201/12144944-P?searchTerm=Battery%20charger,Part # 201,,,,,Braille Battery,GM Side Post Terminal Adapters,(0 reviews),1 YR REPLACEMENT IF DEFECTIVE,$15.99,12144944,https://shop.advanceautoparts.com/web/SearchResults?storeId=10151&catalogId=10051&langId=-1&searchTerm=Battery+charger,Battery Chargers,,15.99,0-50$,,
Makita Refreshing Adapter,Makita,No Reviews,https://shop.advanceautoparts.com/p/makita-refreshing-adapter-mak193681-8/12100414-P?searchTerm=Battery%20charger,Part # MAK193681-8,,,,,Makita,Refreshing Adapter,(0 reviews),CONTACT MANUFACTURER FOR WARRANTY,$331.99,12100414,https://shop.advanceautoparts.com/web/SearchResults?storeId=10151&catalogId=10051&langId=-1&searchTerm=Battery+charger,Battery Chargers,,331.99,201-400$,,
Bayco Dual Function Rechar,Bayco,No Reviews,https://shop.advanceautoparts.com/p/bayco-dual-function-rechar-bayslr2166/11679701-P?searchTerm=Battery%20charger,Part # BAYSLR2166,,,,,Bayco,Dual Function Rechar,(0 reviews),CONTACT MANUFACTURER FOR WARRANTY,$63.99,11679701,https://shop.advanceautoparts.com/web/SearchResults?storeId=10151&catalogId=10051&langId=-1&searchTerm=Battery+charger,Battery Chargers,,63.99,51-100$,,
Rockford Wall charger for RFD,Rockford,No Reviews,https://shop.advanceautoparts.com/p/rockford-wall-charger-for-rfd-rfd4902-p6/11637431-P?searchTerm=Battery%20charger,Part # RFD4902-P6,,,,,Rockford,Wall charger for RFD,(0 reviews),CONTACT MANUFACTURER FOR WARRANTY,$19.39,11637431,https://shop.advanceautoparts.com/web/SearchResults?storeId=10151&catalogId=10051&langId=-1&searchTerm=Battery+charger,Battery Chargers,,19.39,0-50$,,
"Mechanix Wear Fastfit Glove, Blue, X-Large",Mechanix,No Reviews,https://shop.advanceautoparts.com/p/mechanix-wear-fastfit-glove-blue-x-large-mecmff-03-011/11265751-P?searchTerm=Battery%20charger,Part # MECMFF-03-011,,,,,Mechanix Wear,"Fastfit Glove, Blue, X-Large",(0 reviews),CONTACT MANUFACTURER FOR WARRANTY,$22.59,11265751,https://shop.advanceautoparts.com/web/SearchResults?storeId=10151&catalogId=10051&langId=-1&searchTerm=Battery+charger,Battery Chargers,,22.59,0-50$,,
Schumacher Solar Charge Control,Schumacher,No Reviews,https://shop.advanceautoparts.com/p/schumacher-solar-charge-control-scuspc-7a/11239881-P?searchTerm=Battery%20charger,Part # SCUSPC-7A,,,,,Schumacher,Solar Charge Control,(0 reviews),CONTACT MANUFACTURER FOR WARRANTY,$53.49,11239881,https://shop.advanceautoparts.com/web/SearchResults?storeId=10151&catalogId=10051&langId=-1&searchTerm=Battery+charger,Battery Chargers,,53.49,51-100$,,
Kastar Memory Saver Kit,Kastar,No Reviews,https://shop.advanceautoparts.com/p/kastar-memory-saver-kit-kas291/11236471-P?searchTerm=Battery%20charger,Part # KAS291,,,,,Kastar,Memory Saver Kit,(0 reviews),CONTACT MANUFACTURER FOR WARRANTY,$80.49,11236471,https://shop.advanceautoparts.com/web/SearchResults?storeId=10151&catalogId=10051&langId=-1&searchTerm=Battery+charger,Battery Chargers,,80.49,51-100$,,
PowerMax Battery Battery Chgr,PowerMax,No Reviews,https://shop.advanceautoparts.com/p/powermax-battery-battery-chgr-pwmpmbc-55mkit/11208934-P?searchTerm=Battery%20charger,Part # PWMPMBC-55MKIT,,,,,PowerMax Battery,Battery Chgr,(0 reviews),CONTACT MANUFACTURER FOR WARRANTY,$456.99,11208934,https://shop.advanceautoparts.com/web/SearchResults?storeId=10151&catalogId=10051&langId=-1&searchTerm=Battery+charger,Battery Chargers,,456.99,>400$,,
"Lisle Valve Spring Compressor - For 3/4"" to 1-1/16"" springs",Lisle,No Reviews,https://shop.advanceautoparts.com/p/lisle-valve-spring-compressor-for-3-4-to-1-1-16-springs-lis23300/11138154-P?searchTerm=Battery%20charger,Part # LIS23300,,,,,Lisle,"Valve Spring Compressor - For 3/4"" to 1-1/16"" springs",(0 reviews),CONTACT MANUFACTURER FOR WARRANTY,$52.99,11138154,https://shop.advanceautoparts.com/web/SearchResults?storeId=10151&catalogId=10051&langId=-1&searchTerm=Battery+charger,Battery Chargers,,52.99,51-100$,,
Dewalt Tools CHARGER 14V,Dewalt,2 Reviews,https://shop.advanceautoparts.com/p/dewalt-tools-charger-14v-dwtdc9310/11126099-P?searchTerm=Battery%20charger,Part # DWTDC9310,,,,,Dewalt Tools,CHARGER 14V,(0 reviews),CONTACT MANUFACTURER FOR WARRANTY,$166.99,11126099,https://shop.advanceautoparts.com/web/SearchResults?storeId=10151&catalogId=10051&langId=-1&searchTerm=Battery+charger,Battery Chargers,,166.99,101-200$,,
Lincoln Automotive 12VOLT CIG CHARGER F,Lincoln,No Reviews,https://shop.advanceautoparts.com/p/lincoln-automotive-12volt-cig-charger-f-lin1815a/11126064-P?searchTerm=Battery%20charger,Part # LIN1815A,,,,,Lincoln Automotive,12VOLT CIG CHARGER F,(0 reviews),CONTACT MANUFACTURER FOR WARRANTY,$91.49,11126064,https://shop.advanceautoparts.com/web/SearchResults?storeId=10151&catalogId=10051&langId=-1&searchTerm=Battery+charger,Battery Chargers,,91.49,51-100$,,
Horizon Tool Inc 2600 mAh Phone Charg 1 EA HRZT,Horizon,No Reviews,https://shop.advanceautoparts.com/p/horizon-tool-inc-2600-mah-phone-charg-1-ea-hrzt-cal567/11125996-P?searchTerm=Battery%20charger,Part # CAL567,,,,,Horizon Tool Inc,2600 mAh Phone Charg 1 EA HRZT,(0 reviews),CONTACT MANUFACTURER FOR WARRANTY,$16.99,11125996,https://shop.advanceautoparts.com/web/SearchResults?storeId=10151&catalogId=10051&langId=-1&searchTerm=Battery+charger,Battery Chargers,,16.99,0-50$,,
Streamlight EPU-5200 Portable Po,Streamlight,No Reviews,https://shop.advanceautoparts.com/p/streamlight-epu-5200-portable-po-stl22600/11045292-P?searchTerm=Battery%20charger,Part # STL22600,,,,,Streamlight,EPU-5200 Portable Po,(0 reviews),CONTACT MANUFACTURER FOR WARRANTY,$60.49,11045292,https://shop.advanceautoparts.com/web/SearchResults?storeId=10151&catalogId=10051&langId=-1&searchTerm=Battery+charger,Battery Chargers,,60.49,51-100$,,
Horizon Tool Inc 2600 mAh Phone Charg 1 EA HRZT,Horizon,No Reviews,https://shop.advanceautoparts.com/p/horizon-tool-inc-2600-mah-phone-charg-1-ea-hrzt-cal566/11045268-P?searchTerm=Battery%20charger,Part # CAL566,,,,,Horizon Tool Inc,2600 mAh Phone Charg 1 EA HRZT,(0 reviews),CONTACT MANUFACTURER FOR WARRANTY,$16.59,11045268,https://shop.advanceautoparts.com/web/SearchResults?storeId=10151&catalogId=10051&langId=-1&searchTerm=Battery+charger,Battery Chargers,,16.59,0-50$,,
Rockford Intelligent Jumper C 1 EA RCKF,Rockford,No Reviews,https://shop.advanceautoparts.com/p/rockford-intelligent-jumper-c-1-ea-rckf-rfd2976-p1c/11044954-P?searchTerm=Battery%20charger,Part # RFD2976-P1C,,,,,Rockford,Intelligent Jumper C 1 EA RCKF,(0 reviews),CONTACT MANUFACTURER FOR WARRANTY,$36.99,11044954,https://shop.advanceautoparts.com/web/SearchResults?storeId=10151&catalogId=10051&langId=-1&searchTerm=Battery+charger,Battery Chargers,0,36.99,0-50$,0,0
Schumacher 425W Power Invert W/,Schumacher,No Reviews,https://shop.advanceautoparts.com/p/schumacher-425w-power-invert-w-scu71496/11044298-P?searchTerm=Battery%20charger,Part # SCU71496,,,,,Schumacher,425W Power Invert W/,(0 reviews),CONTACT MANUFACTURER FOR WARRANTY,$89.99,11044298,https://shop.advanceautoparts.com/web/SearchResults?storeId=10151&catalogId=10051&langId=-1&searchTerm=Battery+charger,Battery Chargers,,89.99,51-100$,,
Solar CHARGING CORD FITS,Solar,No Reviews,https://shop.advanceautoparts.com/p/solar-charging-cord-fits-soljnc241/11040209-P?searchTerm=Battery%20charger,Part # SOLJNC241,,,,,Solar,CHARGING CORD FITS,(0 reviews),CONTACT MANUFACTURER FOR WARRANTY,$56.49,11040209,https://shop.advanceautoparts.com/web/SearchResults?storeId=10151&catalogId=10051&langId=-1&searchTerm=Battery+charger,Battery Chargers,,56.49,51-100$,,
Solar Commercial Jump Star,Solar,No Reviews,https://shop.advanceautoparts.com/p/solar-commercial-jump-star-sol4001/11040157-P?searchTerm=Battery%20charger,Part # SOL4001,,,,,Solar,Commercial Jump Star,(0 reviews),CONTACT MANUFACTURER FOR WARRANTY,"$1,035.99",11040157,https://shop.advanceautoparts.com/web/SearchResults?storeId=10151&catalogId=10051&langId=-1&searchTerm=Battery+charger,Battery Chargers,,1035.99,>400$,,
K Tool International 95-piece Brake Line,K Tool,No Reviews,https://shop.advanceautoparts.com/p/k-tool-international-95-piece-brake-line-kti00047/10975395-P?searchTerm=Battery%20charger,Part # KTI00047,,,,,K Tool International,95-piece Brake Line,(0 reviews),CONTACT MANUFACTURER FOR WARRANTY,$213.99,10975395,https://shop.advanceautoparts.com/web/SearchResults?storeId=10151&catalogId=10051&langId=-1&searchTerm=Battery+charger,Battery Chargers,,213.99,201-400$,,
SAS Survival Air Systems Gloggles - clear len,SAS,No Reviews,https://shop.advanceautoparts.com/p/sas-survival-air-systems-gloggles-clear-len-sas5103/10636605-P?searchTerm=Battery%20charger,Part # SAS5103,,,,,SAS Survival Air Systems,Gloggles - clear len,(0 reviews),30 DAY REPLACEMENT IF DEFECTIVE,$24.79,10636605,https://shop.advanceautoparts.com/web/SearchResults?storeId=10151&catalogId=10051&langId=-1&searchTerm=Battery+charger,Battery Chargers,,24.79,0-50$,,
Mayhew 5 Pc. Dominator Curved Pry Bar Set,Mayhew,No Reviews,https://shop.advanceautoparts.com/p/mayhew-5-pc.-dominator-curved-pry-bar-set-may61366/10634823-P?searchTerm=Battery%20charger,Part # MAY61366,,,,,Mayhew,5 Pc. Dominator Curved Pry Bar Set,(0 reviews),30 DAY REPLACEMENT IF DEFECTIVE,$186.99,10634823,https://shop.advanceautoparts.com/web/SearchResults?storeId=10151&catalogId=10051&langId=-1&searchTerm=Battery+charger,Battery Chargers,0,186.99,101-200$,0,0
Mayhew 4 PC Utility Pry Bar Set,Mayhew,No Reviews,https://shop.advanceautoparts.com/p/mayhew-4-pc-utility-pry-bar-set-may76295/10634448-P?searchTerm=Battery%20charger,Part # MAY76295,,,,,Mayhew,4 PC Utility Pry Bar Set,(0 reviews),30 DAY REPLACEMENT IF DEFECTIVE,$110.99,10634448,https://shop.advanceautoparts.com/web/SearchResults?storeId=10151&catalogId=10051&langId=-1&searchTerm=Battery+charger,Battery Chargers,,110.99,101-200$,,
FJC Inc 1.5 CFM Vacuum Pump,FJC,No Reviews,https://shop.advanceautoparts.com/p/fjc-inc-1.5-cfm-vacuum-pump-fjc6905/10633776-P?searchTerm=Battery%20charger,Part # FJC6905,,,,,FJC Inc,1.5 CFM Vacuum Pump,(0 reviews),30 DAY REPLACEMENT IF DEFECTIVE,$199.99,10633776,https://shop.advanceautoparts.com/web/SearchResults?storeId=10151&catalogId=10051&langId=-1&searchTerm=Battery+charger,Battery Chargers,,199.99,101-200$,,
Associated Equipment Positive Battery Cable Cover,Associated Equipment,No Reviews,https://shop.advanceautoparts.com/p/associated-equipment-positive-battery-cable-cover-asocc6212/10633725-P?searchTerm=Battery%20charger,Part # ASOCC6212,,,,,Associated Equipment,Positive Battery Cable Cover,(0 reviews),30 DAY REPLACEMENT IF DEFECTIVE,$33.99,10633725,https://shop.advanceautoparts.com/web/SearchResults?storeId=10151&catalogId=10051&langId=-1&searchTerm=Battery+charger,Battery Chargers,,33.99,0-50$,,
EZ Red ROLL PIN REMOVER FOR,EZ,No Reviews,https://shop.advanceautoparts.com/p/ez-red-roll-pin-remover-for-ezrppt13/10633691-P?searchTerm=Battery%20charger,Part # EZRPPT13,,,,,EZ Red,ROLL PIN REMOVER FOR,(0 reviews),30 DAY REPLACEMENT IF DEFECTIVE,$35.49,10633691,https://shop.advanceautoparts.com/web/SearchResults?storeId=10151&catalogId=10051&langId=-1&searchTerm=Battery+charger,Battery Chargers,,35.49,0-50$,,
FJC Inc R134a Brass Manifold,FJC,No Reviews,https://shop.advanceautoparts.com/p/fjc-inc-r134a-brass-manifold-fjc6721/10633607-P?searchTerm=Battery%20charger,Part # FJC6721,,,,,FJC Inc,R134a Brass Manifold,(0 reviews),30 DAY REPLACEMENT IF DEFECTIVE,$138.99,10633607,https://shop.advanceautoparts.com/web/SearchResults?storeId=10151&catalogId=10051&langId=-1&searchTerm=Battery+charger,Battery Chargers,,138.99,101-200$,,
FJC Inc AIR VACUUM PUMP,FJC,No Reviews,https://shop.advanceautoparts.com/p/fjc-inc-air-vacuum-pump-fjc6900/10633571-P?searchTerm=Battery%20charger,Part # FJC6900,,,,,FJC Inc,AIR VACUUM PUMP,(0 reviews),30 DAY REPLACEMENT IF DEFECTIVE,$58.99,10633571,https://shop.advanceautoparts.com/web/SearchResults?storeId=10151&catalogId=10051&langId=-1&searchTerm=Battery+charger,Battery Chargers,,58.99,51-100$,,
"Associated Equipment Charger,12V/40A Automatic Bench W/Override Switch",Associated Equipment,No Reviews,https://shop.advanceautoparts.com/p/associated-equipment-charger-12v-40a-automatic-bench-w-override-switch-aso9640/10633441-P?searchTerm=Battery%20charger,Part # ASO9640,40A,21-50AMP,12/40V,,Associated Equipment,"Charger,12V/40A Automatic Bench W/Override Switch",(0 reviews),30 DAY REPLACEMENT IF DEFECTIVE,$941.99,10633441,https://shop.advanceautoparts.com/web/SearchResults?storeId=10151&catalogId=10051&langId=-1&searchTerm=Battery+charger,Battery Chargers,,941.99,>400$,,
FJC Inc R134a Aluminum Manif 1 EA FJC,FJC,No Reviews,https://shop.advanceautoparts.com/p/fjc-inc-r134a-aluminum-manif-1-ea-fjc-fjc6761p/10633416-P?searchTerm=Battery%20charger,Part # FJC6761P,,,,,FJC Inc,R134a Aluminum Manif 1 EA FJC,(0 reviews),30 DAY REPLACEMENT IF DEFECTIVE,$124.99,10633416,https://shop.advanceautoparts.com/web/SearchResults?storeId=10151&catalogId=10051&langId=-1&searchTerm=Battery+charger,Battery Chargers,,124.99,101-200$,,
Associated Equipment 4 x 20-Amp Industrial Gang Charger,Associated Equipment,No Reviews,https://shop.advanceautoparts.com/p/associated-equipment-4-x-20-amp-industrial-gang-charger-aso6366/10018081-P?searchTerm=Battery%20charger,Part # ASO6366,20-,0-20AMP,,,Associated Equipment,4 x 20-Amp Industrial Gang Charger,(0 reviews),30 DAY REPLACEMENT IF DEFECTIVE,"$1,545.99",10018081,https://shop.advanceautoparts.com/web/SearchResults?storeId=10151&catalogId=10051&langId=-1&searchTerm=Battery+charger,Battery Chargers,,1545.99,>400$,,
