product_title,brand,product_url,part_number,bci_group_size,cold_cranking_amperage,cranking_amperage,amperage_tier,height,length,width,product_size_tier,negative_terminal_location,positive_terminal_location,reserve_capacity,terminal_type,voltage,weight,weight_tier,amp_hour,product_attributes,product_reviews,product_warranty,product_reg_price,skuid,product_warranty.y,search_term,category,units_sold,sale_price,price_tier,revenue,market_share
DieHard Gold,DieHard,https://shop.advanceautoparts.com/p/diehard-gold-battery-group-size-35-640-cca-35-2/2130004-P?navigationPath=L1*14920%7CL2*15000%7CL3*15597%7CL4*13646,,35,640 A,800 A,>500AMP,8.875,9.06,6.937,501-1000sq.inch,Top Left,Top Right,100 min,Top Mount,12.0 VDC,39.01,20.1-40pound,,"Battery, Group Size 35, 640 CCA",(1174 reviews),3 YR FREE REPLACEMENT,179.99,2130004,3 YR FREE REPLACEMENT,https://shop.advanceautoparts.com/c4/battery/13646?term=batteries?,Battery,183,179.99,101-200$,32938.17,0.061211800999999996
DieHard Gold,DieHard,https://shop.advanceautoparts.com/p/diehard-gold-battery-group-size-h6-730-cca-48h6/2130015-P?navigationPath=L1*14920%7CL2*15000%7CL3*15597%7CL4*13646,,,730 A,910 A,>500AMP,7.5,11.0,6.937,501-1000sq.inch,Top Left,Top Right,115 min,Top Mount,12.0 VDC,38.81,20.1-40pound,,"Battery, Group Size H6, 730 CCA",(712 reviews),3 YR FREE REPLACEMENT,179.99,2130015,3 YR FREE REPLACEMENT,https://shop.advanceautoparts.com/c4/battery/13646?term=batteries?,Battery,111,179.99,101-200$,19978.89,0.03712847
DieHard Gold,DieHard,https://shop.advanceautoparts.com/p/diehard-gold-battery-group-size-h7-800-cca-94rh7/2130011-P?navigationPath=L1*14920%7CL2*15000%7CL3*15597%7CL4*13646,,,800 A,1000 A,>500AMP,7.5,12.437000000000001,6.937,501-1000sq.inch,Top Left,Top Right,140 min,Top Mount,12.0 VDC,42.91,>40pound,,"Battery, Group Size H7, 800 CCA",(467 reviews),3 YR FREE REPLACEMENT,179.99,2130011,3 YR FREE REPLACEMENT,https://shop.advanceautoparts.com/c4/battery/13646?term=batteries?,Battery,105,179.99,101-200$,18898.95,0.035121525
DieHard Gold,DieHard,https://shop.advanceautoparts.com/p/diehard-gold-battery-group-size-65-850-cca-65-2/2040468-P?navigationPath=L1*14920%7CL2*15000%7CL3*15597%7CL4*13646,,65,850 A,1000 A,>500AMP,7.562,12.06,7.562,501-1000sq.inch,Top Right,Top Left,150 min,Top Mount,12.0 VDC,45.21,>40pound,,"Battery, Group Size 65, 850 CCA",(1422 reviews),3 YR FREE REPLACEMENT,179.99,2040468,3 YR FREE REPLACEMENT,https://shop.advanceautoparts.com/c4/battery/13646?term=batteries?,Battery,133,179.99,101-200$,23938.67,0.044487265
DieHard Platinum AGM,DieHard,https://shop.advanceautoparts.com/p/diehard-platinum-agm-battery-group-size-h7-850-cca-h7-agm/10210826-P?navigationPath=L1*14920%7CL2*15000%7CL3*15597%7CL4*13646,,,850 A,1000 A,>500AMP,7.5,12.437000000000001,6.937,501-1000sq.inch,Top Left,Top Right,140 min,Top Mount,12.0 VDC,51.8,>40pound,80.0 Ah,"Battery, Group Size H7, 850 CCA",(193 reviews),3 YR FREE REPLACEMENT,209.99,10210826,3 YR FREE REPLACEMENT,https://shop.advanceautoparts.com/c4/battery/13646?term=batteries?,Battery,114,209.99,201-400$,23938.86,0.044487618
DieHard Gold,DieHard,https://shop.advanceautoparts.com/p/diehard-gold-battery-group-size-24f-750-cca-24f-6/2130001-P?navigationPath=L1*14920%7CL2*15000%7CL3*15597%7CL4*13646,,24F,750 A,935 A,>500AMP,9.0,10.75,6.812,501-1000sq.inch,Top Left,Top Right,130 min,Top Mount,12.0 VDC,41.6,>40pound,,"Battery, Group Size 24F, 750 CCA",(1656 reviews),3 YR FREE REPLACEMENT,179.99,2130001,3 YR FREE REPLACEMENT,https://shop.advanceautoparts.com/c4/battery/13646?term=batteries?,Battery,135,179.99,101-200$,24298.65,0.045156247000000004
DieHard Platinum AGM,DieHard,https://shop.advanceautoparts.com/p/diehard-platinum-agm-battery-group-size-h6-760-cca-h6-agm/10210829-P?navigationPath=L1*14920%7CL2*15000%7CL3*15597%7CL4*13646,,,760 A,950 A,>500AMP,7.5,11.0,6.937,501-1000sq.inch,Top Left,Top Right,120 min,Top Mount,12.0 VDC,45.6,>40pound,70.0 Ah,"Battery, Group Size H6, 760 CCA",(386 reviews),3 YR FREE REPLACEMENT,209.99,10210829,3 YR FREE REPLACEMENT,https://shop.advanceautoparts.com/c4/battery/13646?term=batteries?,Battery,86,209.99,201-400$,18059.14,0.033560835
DieHard Gold,DieHard,https://shop.advanceautoparts.com/p/diehard-gold-battery-group-size-51r-500-cca-51r-2/2130008-P?navigationPath=L1*14920%7CL2*15000%7CL3*15597%7CL4*13646,,51R,500 A,625 A,>500AMP,8.75,9.375,5.062,201-500sq.inch,Top Left,Top Right,85 min,Top Mount,12.0 VDC,27.81,20.1-40pound,,"Battery, Group Size 51R, 500 CCA",(884 reviews),3 YR FREE REPLACEMENT,179.99,2130008,3 YR FREE REPLACEMENT,https://shop.advanceautoparts.com/c4/battery/13646?term=batteries?,Battery,116,179.99,101-200$,20878.84,0.038800923
DieHard Red,DieHard,https://shop.advanceautoparts.com/p/diehard-red-battery-group-size-75-86-650-cca-35-75-2/2040433-P?navigationPath=L1*14920%7CL2*15000%7CL3*15597%7CL4*13646,,,650 A,810 A,>500AMP,7.312,9.06,7.06,201-500sq.inch,,,93 min,Dual Terminal,12.0 VDC,32.55,20.1-40pound,,"Battery, Group Size 75/86, 650 CCA",(150 reviews),1 YR FREE REPLACEMENT,99.99,2040433,1 YR FREE REPLACEMENT,https://shop.advanceautoparts.com/c4/battery/13646?term=batteries?,Battery,17,99.99,51-100$,1699.83,0.0031589390000000004
DieHard Red,DieHard,https://shop.advanceautoparts.com/p/diehard-red-battery-group-size-65-650-cca-65-0/2130021-P?navigationPath=L1*14920%7CL2*15000%7CL3*15597%7CL4*13646,,65,650 A,812 A,>500AMP,7.562,12.06,7.562,501-1000sq.inch,Top Right,Top Left,80 min,Top Mount,12.0 VDC,38.61,20.1-40pound,,"Battery, Group Size 65, 650 CCA",(278 reviews),1 YR FREE REPLACEMENT,99.99,2130021,1 YR FREE REPLACEMENT,https://shop.advanceautoparts.com/c4/battery/13646?term=batteries?,Battery,33,99.99,51-100$,3299.67,0.006132057
DieHard Gold,DieHard,https://shop.advanceautoparts.com/p/diehard-gold-battery-group-size-96r-590-cca-96r-3/2130020-P?navigationPath=L1*14920%7CL2*15000%7CL3*15597%7CL4*13646,,96R,590 A,740 A,>500AMP,6.937,9.5,6.937,201-500sq.inch,Top Left,Top Right,95 min,Top Mount,12.0 VDC,30.34,20.1-40pound,,"Battery, Group Size 96R, 590 CCA",(817 reviews),3 YR FREE REPLACEMENT,179.99,2130020,3 YR FREE REPLACEMENT,https://shop.advanceautoparts.com/c4/battery/13646?term=batteries?,Battery,64,179.99,101-200$,11519.36,0.021407406
DieHard Gold,DieHard,https://shop.advanceautoparts.com/p/diehard-gold-battery-group-size-h5-650-cca-47h5/2130014-P?navigationPath=L1*14920%7CL2*15000%7CL3*15597%7CL4*13646,,,650 A,810 A,>500AMP,7.5,9.562000000000001,6.937,201-500sq.inch,Top Left,Top Right,100 min,Top Mount,12.0 VDC,32.91,20.1-40pound,,"Battery, Group Size H5, 650 CCA",(295 reviews),3 YR FREE REPLACEMENT,179.99,2130014,3 YR FREE REPLACEMENT,https://shop.advanceautoparts.com/c4/battery/13646?term=batteries?,Battery,91,179.99,101-200$,16379.09,0.030438655
DieHard Silver,DieHard,https://shop.advanceautoparts.com/p/diehard-silver-battery-group-size-34-78-800-cca-34-78-4/2040409-P?navigationPath=L1*14920%7CL2*15000%7CL3*15597%7CL4*13646,,,800 A,1000 A,>500AMP,7.312,10.25,7.06,501-1000sq.inch,,,115 min,Dual Terminal,12.0 VDC,40.2,>40pound,,"Battery, Group Size 34/78, 800 CCA",(1007 reviews),2 YR FREE REPLACEMENT,159.99,2040409,2 YR FREE REPLACEMENT,https://shop.advanceautoparts.com/c4/battery/13646?term=batteries?,Battery,44,159.99,101-200$,7039.56,0.013082213
DieHard Silver,DieHard,https://shop.advanceautoparts.com/p/diehard-silver-battery-group-size-26r-575-cca-26r-3/2040174-P?navigationPath=L1*14920%7CL2*15000%7CL3*15597%7CL4*13646,,26R,575 A,720 A,>500AMP,7.75,8.187000000000001,6.812,201-500sq.inch,Top Left,Top Right,81 min,Top Mount,12.0 VDC,28.41,20.1-40pound,,"Battery, Group Size 26R, 575 CCA",(561 reviews),2 YR FREE REPLACEMENT,159.99,2040174,2 YR FREE REPLACEMENT,https://shop.advanceautoparts.com/c4/battery/13646?term=batteries?,Battery,46,159.99,101-200$,7359.54,0.013676859
DieHard Red,DieHard,https://shop.advanceautoparts.com/p/diehard-red-battery-group-size-26r-510-cca-26r-2/2070111-P?navigationPath=L1*14920%7CL2*15000%7CL3*15597%7CL4*13646,,26R,510 A,635 A,>500AMP,7.75,8.187000000000001,6.812,201-500sq.inch,Top Left,Top Right,60 min,Top Mount,12.0 VDC,28.41,20.1-40pound,,"Battery, Group Size 26R, 510 CCA",(320 reviews),1 YR FREE REPLACEMENT,99.99,2070111,1 YR FREE REPLACEMENT,https://shop.advanceautoparts.com/c4/battery/13646?term=batteries?,Battery,27,99.99,51-100$,2699.73,0.005017138
DieHard Platinum AGM,DieHard,https://shop.advanceautoparts.com/p/diehard-platinum-agm-battery-group-size-h8-900-cca-h8-agm/10210828-P?navigationPath=L1*14920%7CL2*15000%7CL3*15597%7CL4*13646,,,900 A,1000 A,>500AMP,7.5,13.937000000000001,6.937,501-1000sq.inch,Top Left,Top Right,160 min,Top Mount,12.0 VDC,58.7,>40pound,95.0 Ah,"Battery, Group Size H8, 900 CCA",(191 reviews),3 YR FREE REPLACEMENT,209.99,10210828,3 YR FREE REPLACEMENT,https://shop.advanceautoparts.com/c4/battery/13646?term=batteries?,Battery,45,209.99,201-400$,9449.55,0.017560902
DieHard Silver,DieHard,https://shop.advanceautoparts.com/p/diehard-silver-battery-group-size-65-750-cca-65-1/2040115-P?navigationPath=L1*14920%7CL2*15000%7CL3*15597%7CL4*13646,,65,750 A,935 A,>500AMP,7.562,12.06,7.562,501-1000sq.inch,Top Right,Top Left,140 min,Top Mount,12.0 VDC,44.55,>40pound,,"Battery, Group Size 65, 750 CCA",(433 reviews),2 YR FREE REPLACEMENT,159.99,2040115,2 YR FREE REPLACEMENT,https://shop.advanceautoparts.com/c4/battery/13646?term=batteries?,Battery,42,159.99,101-200$,6719.58,0.012487567
DieHard Silver,DieHard,https://shop.advanceautoparts.com/p/diehard-silver-battery-group-size-24f-650-cca-24f-3/12181196-P?navigationPath=L1*14920%7CL2*15000%7CL3*15597%7CL4*13646,,24F,650 A,812 A,>500AMP,,,,,Top Left,Top Right,130 min,Top Mount,12.0 VDC,,,,"Battery, Group Size 24F, 650 CCA",(0 reviews),2 YR REPLACEMENT IF DEFECTIVE,159.99,12181196,2 YR REPLACEMENT IF DEFECTIVE,https://shop.advanceautoparts.com/c4/battery/13646?term=batteries?,Battery,94,159.99,101-200$,15039.06,0.027948364
DieHard Gold,DieHard,https://shop.advanceautoparts.com/p/diehard-gold-battery-group-size-78-800-cca-78ft-2/11018021-P?navigationPath=L1*14920%7CL2*15000%7CL3*15597%7CL4*13646,,78,800 A,1000 A,>500AMP,7.312,10.25,7.062,501-1000sq.inch,Side Right,Side Left,110 min,Side Mount,12.0 VDC,37.87,20.1-40pound,,"Battery, Group Size 78, 800 CCA",(315 reviews),3 YR REPLACEMENT IF DEFECTIVE,179.99,11018021,3 YR REPLACEMENT IF DEFECTIVE,https://shop.advanceautoparts.com/c4/battery/13646?term=batteries?,Battery,50,179.99,101-200$,8999.5,0.016724536
DieHard Platinum AGM,DieHard,https://shop.advanceautoparts.com/p/diehard-platinum-agm-battery-group-size-24f-710-cca-24f-agm/10310750-P?navigationPath=L1*14920%7CL2*15000%7CL3*15597%7CL4*13646,,24F,710 A,885 A,>500AMP,8.68,10.937000000000001,6.812,501-1000sq.inch,Top Left,Top Right,120 min,Top Mount,12.0 VDC,45.9,>40pound,70.0 Ah,"Battery, Group Size 24F, 710 CCA",(63 reviews),3 YR FREE REPLACEMENT,209.99,10310750,3 YR FREE REPLACEMENT,https://shop.advanceautoparts.com/c4/battery/13646?term=batteries?,Battery,44,209.99,201-400$,9239.56,0.01717066
DieHard Silver,DieHard,https://shop.advanceautoparts.com/p/diehard-silver-battery-group-size-51r-425-cca-51r-1/2040107-P?navigationPath=L1*14920%7CL2*15000%7CL3*15597%7CL4*13646,,51R,425 A,530 A,>500AMP,8.75,9.375,5.062,201-500sq.inch,Top Left,Top Right,75 min,Top Mount,12.0 VDC,26.81,20.1-40pound,,"Battery, Group Size 51R, 425 CCA",(218 reviews),2 YR FREE REPLACEMENT,159.99,2040107,2 YR FREE REPLACEMENT,https://shop.advanceautoparts.com/c4/battery/13646?term=batteries?,Battery,45,159.99,101-200$,7199.55,0.013379536000000001
DieHard Platinum,DieHard,https://shop.advanceautoparts.com/p/diehard-platinum-battery-bci-group-size-h7-800-cca-1000-ca-140-rc-94rh7-rp/12277123-P?navigationPath=L1*14920%7CL2*15000%7CL3*15597%7CL4*13646,,,800 A,1000 A,>500AMP,,,,,Top Left,Top Right,140 min,Top Mount,12.0 VDC,,,,"Battery, BCI Group Size H7, 800 CCA, 1000 CA, 140 RC",(0 reviews),4 YR REPLACEMENT IF DEFECTIVE,199.99,12277123,4 YR REPLACEMENT IF DEFECTIVE,https://shop.advanceautoparts.com/c4/battery/13646?term=batteries?,Battery,18,199.99,101-200$,3599.82,0.006689852
DieHard Powersports,DieHard,https://shop.advanceautoparts.com/p/diehard-powersports-powersports-battery-group-size-btx20hl-bs-310-cca-tx20hl/16940007-P?navigationPath=L1*14920%7CL2*15000%7CL3*15597%7CL4*13646,,,310 A,,,6.125,6.875,3.437,101-200sq.inch,Top Left,Top Right,,Top Mount,12.0 VDC,13.67,10.1-20pound,18.0 Ah,"Powersports Battery, Group Size BTX20HL-BS, 310 CCA",(149 reviews),90 DAY REPLACEMENT IF DEFECTIVE,115.99,16940007,90 DAY REPLACEMENT IF DEFECTIVE,https://shop.advanceautoparts.com/c4/battery/13646?term=batteries?,Battery,55,115.99,101-200$,6379.45,0.011855474
DieHard Gold,DieHard,https://shop.advanceautoparts.com/p/diehard-gold-battery-group-size-34-800-cca-34ft-2/11017956-P?navigationPath=L1*14920%7CL2*15000%7CL3*15597%7CL4*13646,,34,800 A,1000 A,>500AMP,7.875,10.25,6.812,501-1000sq.inch,Top Right,Top Left,110 min,Top Mount,12.0 VDC,38.1,20.1-40pound,,"Battery, Group Size 34, 800 CCA",(237 reviews),3 YR FREE REPLACEMENT,179.99,11017956,3 YR FREE REPLACEMENT,https://shop.advanceautoparts.com/c4/battery/13646?term=batteries?,Battery,44,179.99,101-200$,7919.56,0.014717592
DieHard Silver,DieHard,https://shop.advanceautoparts.com/p/diehard-silver-battery-group-size-h6-615-cca-91-1/2040007-P?navigationPath=L1*14920%7CL2*15000%7CL3*15597%7CL4*13646,,,615 A,765 A,>500AMP,7.5,11.0,6.937,501-1000sq.inch,Top Left,Top Right,95 min,Top Mount,12.0 VDC,35.91,20.1-40pound,,"Battery, Group Size H6, 615 CCA",(198 reviews),2 YR FREE REPLACEMENT,159.99,2040007,2 YR FREE REPLACEMENT,https://shop.advanceautoparts.com/c4/battery/13646?term=batteries?,Battery,43,159.99,101-200$,6879.57,0.01278489
DieHard Gold,DieHard,https://shop.advanceautoparts.com/p/diehard-gold-battery-group-size-124r-700-cca-124r-2/11498859-P?navigationPath=L1*14920%7CL2*15000%7CL3*15597%7CL4*13646,,124R,700 A,875 A,>500AMP,8.625,10.32,7.0,501-1000sq.inch,Top Left,Top Right,120 min,Top Mount,12.0 VDC,39.6,20.1-40pound,,"Battery, Group Size 124R, 700 CCA",(137 reviews),3 YR FREE REPLACEMENT,179.99,11498859,3 YR FREE REPLACEMENT,https://shop.advanceautoparts.com/c4/battery/13646?term=batteries?,Battery,40,179.99,101-200$,7199.6,0.013379628999999999
DieHard Silver,DieHard,https://shop.advanceautoparts.com/p/diehard-silver-battery-group-size-124r-600-cca-124r-1/2040182-P?navigationPath=L1*14920%7CL2*15000%7CL3*15597%7CL4*13646,,124R,600 A,750 A,>500AMP,8.625,10.32,7.0,501-1000sq.inch,Top Left,Top Right,120 min,Top Mount,12.0 VDC,44.4,>40pound,,"Battery, Group Size 124R, 600 CCA",(653 reviews),2 YR FREE REPLACEMENT,159.99,2040182,2 YR FREE REPLACEMENT,https://shop.advanceautoparts.com/c4/battery/13646?term=batteries?,Battery,37,159.99,101-200$,5919.63,0.011000952
DieHard Platinum AGM,DieHard,https://shop.advanceautoparts.com/p/diehard-platinum-agm-battery-group-size-35-650-cca-35-agm/11920814-P?navigationPath=L1*14920%7CL2*15000%7CL3*15597%7CL4*13646,,35,650 A,800 A,>500AMP,8.875,9.06,6.937,501-1000sq.inch,Top Left,Top Right,100 min,Top Mount,12.0 VDC,40.4,>40pound,55.0 Ah,"Battery, Group Size 35, 650 CCA",(0 reviews),3 YR REPLACEMENT IF DEFECTIVE,209.99,11920814,3 YR REPLACEMENT IF DEFECTIVE,https://shop.advanceautoparts.com/c4/battery/13646?term=batteries?,Battery,38,209.99,201-400$,7979.62,0.014829206000000001
DieHard Red,DieHard,https://shop.advanceautoparts.com/p/diehard-red-battery-group-size-24f-550-cca-24f-2/2070073-P?navigationPath=L1*14920%7CL2*15000%7CL3*15597%7CL4*13646,,24F,550 A,685 A,>500AMP,9.0,10.75,6.812,501-1000sq.inch,Top Left,Top Right,85 min,Top Mount,12.0 VDC,37.5,20.1-40pound,,"Battery, Group Size 24F, 550 CCA",(48 reviews),1 YR FREE REPLACEMENT,99.99,2070073,1 YR FREE REPLACEMENT,https://shop.advanceautoparts.com/c4/battery/13646?term=batteries?,Battery,29,99.99,51-100$,2899.71,0.005388778
DieHard Platinum,DieHard,https://shop.advanceautoparts.com/p/diehard-platinum-battery-din-group-size-h6-730-cca-910-ca-120-rc-48h6-rp/12257814-P?navigationPath=L1*14920%7CL2*15000%7CL3*15597%7CL4*13646,,,730 A,910 A,>500AMP,,,,,Top Left,Top Right,120 min,Top Mount,12.0 VDC,,,,"Battery, DIN Group Size H6, 730 CCA, 910 CA, 120 RC",(0 reviews),4 YR REPLACEMENT IF DEFECTIVE,199.99,12257814,4 YR REPLACEMENT IF DEFECTIVE,https://shop.advanceautoparts.com/c4/battery/13646?term=batteries?,Battery,29,199.99,101-200$,5799.71,0.010778093999999998
DieHard Silver,DieHard,https://shop.advanceautoparts.com/p/diehard-silver-battery-group-size-35-500-cca-35-1/2040050-P?navigationPath=L1*14920%7CL2*15000%7CL3*15597%7CL4*13646,,35,500 A,625 A,>500AMP,8.875,9.06,6.937,501-1000sq.inch,Top Left,Top Right,80 min,Top Mount,12.0 VDC,33.95,20.1-40pound,,"Battery, Group Size 35, 500 CCA",(133 reviews),2 YR FREE REPLACEMENT,159.99,2040050,2 YR FREE REPLACEMENT,https://shop.advanceautoparts.com/c4/battery/13646?term=batteries?,Battery,48,159.99,101-200$,7679.52,0.014271505
DieHard Silver,DieHard,https://shop.advanceautoparts.com/p/diehard-silver-battery-group-size-86-525-cca-86-1/2040180-P?navigationPath=L1*14920%7CL2*15000%7CL3*15597%7CL4*13646,,86,525 A,625 A,>500AMP,8.0,9.06,6.812,201-500sq.inch,Top Right,Top Left,90 min,Top Mount,12.0 VDC,31.11,20.1-40pound,,"Battery, Group Size 86, 525 CCA",(130 reviews),2 YR FREE REPLACEMENT,159.99,2040180,2 YR FREE REPLACEMENT,https://shop.advanceautoparts.com/c4/battery/13646?term=batteries?,Battery,34,159.99,101-200$,5439.66,0.010108983
DieHard Platinum AGM,DieHard,https://shop.advanceautoparts.com/p/diehard-platinum-agm-battery-group-size-h5-680-cca-h5-agm/10700670-P?navigationPath=L1*14920%7CL2*15000%7CL3*15597%7CL4*13646,,,680 A,850 A,>500AMP,7.5,9.562000000000001,6.937,201-500sq.inch,Top Left,Top Right,100 min,Top Mount,12.0 VDC,39.6,20.1-40pound,60.0 Ah,"Battery, Group Size H5, 680 CCA",(24 reviews),3 YR FREE REPLACEMENT,209.99,10700670,3 YR FREE REPLACEMENT,https://shop.advanceautoparts.com/c4/battery/13646?term=batteries?,Battery,25,209.99,201-400$,5249.75,0.009756057
Value Battery,Value Battery,https://shop.advanceautoparts.com/p/value-battery-battery-group-size-75-86-650-cca-7586dt-v/11410642-P?navigationPath=L1*14920%7CL2*15000%7CL3*15597%7CL4*13646,,,650 A,810 A,>500AMP,7.312,9.06,7.06,201-500sq.inch,,,93 min,Dual Terminal,12.0 VDC,32.55,20.1-40pound,,"Battery, Group Size 75/86, 650 CCA",(65 reviews),90 DAY REPLACEMENT IF DEFECTIVE,84.99,11410642,90 DAY REPLACEMENT IF DEFECTIVE,https://shop.advanceautoparts.com/c4/battery/13646?term=batteries?,Battery,0,84.99,51-100$,0.0,0.0
DieHard HD Battery,DieHard,https://shop.advanceautoparts.com/p/diehard-hd-battery-heavy-duty-commercial-farm-battery-group-size-31t-950-cca-31s30/2100096-P?navigationPath=L1*14920%7CL2*15000%7CL3*15597%7CL4*13646,,31T,950 A,1140 A,>500AMP,9.5,13.0,6.75,501-1000sq.inch,Top Right,Top Left,175 min,Top Mount,12.0 VDC,59.6,>40pound,,"Heavy Duty Commercial & Farm Battery, Group Size 31T, 950 CCA",(34 reviews),1 YR REPLACEMENT IF DEFECTIVE,132.99,2100096,1 YR REPLACEMENT IF DEFECTIVE,https://shop.advanceautoparts.com/c4/battery/13646?term=batteries?,Battery,39,132.99,101-200$,5186.61,0.009638718000000001
DieHard Red,DieHard,https://shop.advanceautoparts.com/p/diehard-red-battery-group-size-34-600-cca-34-0/12184483-P?navigationPath=L1*14920%7CL2*15000%7CL3*15597%7CL4*13646,,34,600 A,750 A,>500AMP,,,,,Top Right,Top Left,100 min,Top Mount,12.0 VDC,,,,"Battery, Group Size 34, 600 CCA",(0 reviews),12 MO.FREE REPL 0 MO.PRORATED,99.99,12184483,12 MO.FREE REPL 0 MO.PRORATED,https://shop.advanceautoparts.com/c4/battery/13646?term=batteries?,Battery,16,99.99,51-100$,1599.84,0.002973119
DieHard Platinum AGM,DieHard,https://shop.advanceautoparts.com/p/diehard-platinum-agm-battery-group-size-65-750-cca-65-agm/10310830-P?navigationPath=L1*14920%7CL2*15000%7CL3*15597%7CL4*13646,,65,750 A,935 A,>500AMP,7.437,12.06,7.562,501-1000sq.inch,Top Right,Top Left,120 min,Top Mount,12.0 VDC,42.5,>40pound,68.0 Ah,"Battery, Group Size 65, 750 CCA",(74 reviews),3 YR FREE REPLACEMENT,209.99,10310830,3 YR FREE REPLACEMENT,https://shop.advanceautoparts.com/c4/battery/13646?term=batteries?,Battery,22,209.99,201-400$,4619.78,0.00858533
DieHard Silver,DieHard,https://shop.advanceautoparts.com/p/diehard-silver-battery-group-size-121r-600-cca-121r-2/2130017-P?navigationPath=L1*14920%7CL2*15000%7CL3*15597%7CL4*13646,,121R,600 A,750 A,>500AMP,8.5,8.25,6.888999999999999,201-500sq.inch,Top Left,Top Right,100 min,Top Mount,12.0 VDC,30.54,20.1-40pound,,"Battery, Group Size 121R, 600 CCA",(203 reviews),2 YR FREE REPLACEMENT,159.99,2130017,2 YR FREE REPLACEMENT,https://shop.advanceautoparts.com/c4/battery/13646?term=batteries?,Battery,28,159.99,101-200$,4479.72,0.008325044
DieHard Gold,DieHard,https://shop.advanceautoparts.com/p/diehard-gold-battery-group-size-t5-650-cca-90-t5/2130019-P?navigationPath=L1*14920%7CL2*15000%7CL3*15597%7CL4*13646,,,650 A,810 A,>500AMP,6.937,9.562000000000001,6.937,201-500sq.inch,Top Left,Top Right,90 min,Top Mount,12.0 VDC,31.6,20.1-40pound,,"Battery, Group Size T5, 650 CCA",(242 reviews),3 YR FREE REPLACEMENT,179.99,2130019,3 YR FREE REPLACEMENT,https://shop.advanceautoparts.com/c4/battery/13646?term=batteries?,Battery,23,179.99,101-200$,4139.77,0.007693286
DieHard Platinum,DieHard,https://shop.advanceautoparts.com/p/diehard-platinum-battery-bci-group-size-35-585-cca-730-ca-100-rc-35-rp/12257813-P?navigationPath=L1*14920%7CL2*15000%7CL3*15597%7CL4*13646,,35,585 A,730 A,>500AMP,,,,,Top Left,Top Right,100 min,Top Mount,12.0 VDC,,,,"Battery, BCI Group Size 35, 585 CCA, 730 CA, 100 RC",(0 reviews),4 YR REPLACEMENT IF DEFECTIVE,199.99,12257813,4 YR REPLACEMENT IF DEFECTIVE,https://shop.advanceautoparts.com/c4/battery/13646?term=batteries?,Battery,24,199.99,101-200$,4799.76,0.008919802
Optima,Optima,https://shop.advanceautoparts.com/p/optima-red-top-battery-group-size-35-720-cca-35/16940003-P?navigationPath=L1*14920%7CL2*15000%7CL3*15597%7CL4*13646,,35,720 A,910 A,>500AMP,7.687,9.375,6.75,201-500sq.inch,Top Left,Top Right,90 min,Top Mount,12.0 VDC,31.7,20.1-40pound,44.0 Ah,"Red Top Battery, Group Size 35, 720 CCA",(206 reviews),3 YR FREE REPLACEMENT,244.99,16940003,3 YR FREE REPLACEMENT,https://shop.advanceautoparts.com/c4/battery/13646?term=batteries?,Battery,13,244.99,201-400$,3184.87,0.005918715
DieHard Gold,DieHard,https://shop.advanceautoparts.com/p/diehard-gold-battery-group-size-24-700-cca-24-6/2130000-P?navigationPath=L1*14920%7CL2*15000%7CL3*15597%7CL4*13646,,24,700 A,875 A,>500AMP,8.875,10.25,6.812,501-1000sq.inch,Top Right,Top Left,130 min,Top Mount,12.0 VDC,41.6,>40pound,,"Battery, Group Size 24, 700 CCA",(352 reviews),3 YR FREE REPLACEMENT,179.99,2130000,3 YR FREE REPLACEMENT,https://shop.advanceautoparts.com/c4/battery/13646?term=batteries?,Battery,36,179.99,101-200$,6479.64,0.012041666000000001
DieHard Silver,DieHard,https://shop.advanceautoparts.com/p/diehard-silver-battery-group-size-96r-550-cca-96r-2/12184482-P?navigationPath=L1*14920%7CL2*15000%7CL3*15597%7CL4*13646,,96R,550 A,685 A,>500AMP,,,,,Top Left,Top Right,85 min,Top Mount,12.0 VDC,,,,"Battery, Group Size 96R, 550 CCA",(0 reviews),2 YR FREE REPLACEMENT,159.99,12184482,2 YR FREE REPLACEMENT,https://shop.advanceautoparts.com/c4/battery/13646?term=batteries?,Battery,23,159.99,101-200$,3679.77,0.006838429
DieHard Red,DieHard,https://shop.advanceautoparts.com/p/diehard-red-battery-group-size-78-650-cca-78-0/12101237-P?navigationPath=L1*14920%7CL2*15000%7CL3*15597%7CL4*13646,,78,650 A,810 A,>500AMP,,,,,Side Right,Side Left,120 min,Side Mount,12.0 VDC,,,,"Battery, Group Size 78, 650 CCA",(0 reviews),1 YR REPLACEMENT IF DEFECTIVE,99.99,12101237,1 YR REPLACEMENT IF DEFECTIVE,https://shop.advanceautoparts.com/c4/battery/13646?term=batteries?,Battery,16,99.99,51-100$,1599.84,0.002973119
DieHard Gold,DieHard,https://shop.advanceautoparts.com/p/diehard-gold-battery-group-size-75-700-cca-75ft-3/11017958-P?navigationPath=L1*14920%7CL2*15000%7CL3*15597%7CL4*13646,,75,700 A,875 A,>500AMP,7.312,9.062000000000001,7.062,201-500sq.inch,Side Right,Side Left,95 min,Side Mount,12.0 VDC,32.41,20.1-40pound,,"Battery, Group Size 75, 700 CCA",(220 reviews),3 YR FREE REPLACEMENT,179.99,11017958,3 YR FREE REPLACEMENT,https://shop.advanceautoparts.com/c4/battery/13646?term=batteries?,Battery,18,179.99,101-200$,3239.82,0.006020833000000001
Value Battery,Value Battery,https://shop.advanceautoparts.com/p/value-battery-battery-group-size-65-650-cca-65-v/11410583-P?navigationPath=L1*14920%7CL2*15000%7CL3*15597%7CL4*13646,,65,650 A,810 A,>500AMP,7.562,12.06,7.562,501-1000sq.inch,Top Right,Top Left,80 min,Top Mount,12.0 VDC,38.61,20.1-40pound,,"Battery, Group Size 65, 650 CCA",(38 reviews),90 DAY REPLACEMENT IF DEFECTIVE,84.99,11410583,90 DAY REPLACEMENT IF DEFECTIVE,https://shop.advanceautoparts.com/c4/battery/13646?term=batteries?,Battery,0,84.99,51-100$,0.0,0.0
Value Battery,Value Battery,https://shop.advanceautoparts.com/p/value-battery-battery-group-size-h6-615-cca-48h6-v/11942678-P?navigationPath=L1*14920%7CL2*15000%7CL3*15597%7CL4*13646,,,615 A,765 A,>500AMP,7.5,11.0,6.937,501-1000sq.inch,Top Left,Top Right,95 min,Top Mount,12.0 VDC,38.81,20.1-40pound,,"Battery, Group Size H6, 615 CCA",(0 reviews),90 DAY REPLACEMENT IF DEFECTIVE,94.99,11942678,90 DAY REPLACEMENT IF DEFECTIVE,https://shop.advanceautoparts.com/c4/battery/13646?term=batteries?,Battery,3,94.99,51-100$,284.97,0.000529584
DieHard Silver,DieHard,https://shop.advanceautoparts.com/p/diehard-silver-battery-group-size-59-590-cca-59-3/99996785-P?navigationPath=L1*14920%7CL2*15000%7CL3*15597%7CL4*13646,,59,590 A,735 A,>500AMP,7.75,10.06,7.62,501-1000sq.inch,Top Right,Top Left,100 min,Top Mount,12.0 VDC,32.61,20.1-40pound,,"Battery, Group Size 59, 590 CCA",(142 reviews),2 YR FREE REPLACEMENT,159.99,99996785,2 YR FREE REPLACEMENT,https://shop.advanceautoparts.com/c4/battery/13646?term=batteries?,Battery,12,159.99,101-200$,1919.88,0.0035678759999999998
DieHard Platinum,DieHard,https://shop.advanceautoparts.com/p/diehard-platinum-battery-bci-group-size-24f-750-cca-935-ca-130-rc-24f-rp/12257749-P?navigationPath=L1*14920%7CL2*15000%7CL3*15597%7CL4*13646,,24F,750 A,935 A,>500AMP,,,,,Top Left,Top Right,130 min,Top Mount,12.0 VDC,,,,"Battery, BCI Group Size 24F, 750 CCA, 935 CA, 130 RC",(0 reviews),4 YR REPLACEMENT IF DEFECTIVE,199.99,12257749,4 YR REPLACEMENT IF DEFECTIVE,https://shop.advanceautoparts.com/c4/battery/13646?term=batteries?,Battery,26,199.99,101-200$,5199.74,0.009663119
Optima,Optima,https://shop.advanceautoparts.com/p/optima-red-top-battery-group-size-34-78-800-cca-34-78-980/16080024-P?navigationPath=L1*14920%7CL2*15000%7CL3*15597%7CL4*13646,,,800 A,1000 A,>500AMP,7.875,10.06,6.94,501-1000sq.inch,,,100 min,Dual Terminal,12.0 VDC,38.8,20.1-40pound,,"Red Top Battery, Group Size 34/78, 800 CCA",(251 reviews),3 YR FREE REPLACEMENT,254.99,16080024,3 YR FREE REPLACEMENT,https://shop.advanceautoparts.com/c4/battery/13646?term=batteries?,Battery,16,254.99,201-400$,4079.84,0.007581913000000001
DieHard Silver,DieHard,https://shop.advanceautoparts.com/p/diehard-silver-battery-group-size-t5-590-cca-90-t5-1/10450551-P?navigationPath=L1*14920%7CL2*15000%7CL3*15597%7CL4*13646,,,590 A,735 A,>500AMP,6.937,9.562000000000001,6.937,201-500sq.inch,Top Left,Top Right,90 min,Top Mount,12.0 VDC,31.6,20.1-40pound,,"Battery, Group Size T5, 590 CCA",(81 reviews),2 YR FREE REPLACEMENT,159.99,10450551,2 YR FREE REPLACEMENT,https://shop.advanceautoparts.com/c4/battery/13646?term=batteries?,Battery,21,159.99,101-200$,3359.79,0.006243783
DieHard Red,DieHard,https://shop.advanceautoparts.com/p/diehard-red-battery-group-size-75-550-cca-75-1/2040123-P?navigationPath=L1*14920%7CL2*15000%7CL3*15597%7CL4*13646,,75,550 A,685 A,>500AMP,7.312,9.062000000000001,7.062,201-500sq.inch,Side Right,Side Left,70 min,Side Mount,12.0 VDC,29.91,20.1-40pound,,"Battery, Group Size 75, 550 CCA",(170 reviews),1 YR FREE REPLACEMENT,99.99,2040123,1 YR FREE REPLACEMENT,https://shop.advanceautoparts.com/c4/battery/13646?term=batteries?,Battery,19,99.99,51-100$,1899.81,0.003530578
DieHard Powersports,DieHard,https://shop.advanceautoparts.com/p/diehard-powersports-powersports-battery-group-size-btx30l-385-cca-tx30la/16940019-P?navigationPath=L1*14920%7CL2*15000%7CL3*15597%7CL4*13646,,,385 A,,,6.812,6.562,4.937,201-500sq.inch,Top Left,Top Right,,Top Mount,12.0 VDC,21.58,20.1-40pound,30.0 Ah,"Powersports Battery, Group Size BTX30L, 385 CCA",(170 reviews),90 DAY REPLACEMENT IF DEFECTIVE,146.99,16940019,90 DAY REPLACEMENT IF DEFECTIVE,https://shop.advanceautoparts.com/c4/battery/13646?term=batteries?,Battery,24,146.99,101-200$,3527.76,0.006555936
DieHard Platinum AGM,DieHard,https://shop.advanceautoparts.com/p/diehard-platinum-agm-battery-bci-group-size-400-200-cca-aux14-1/12268738-P?navigationPath=L1*14920%7CL2*15000%7CL3*15597%7CL4*13646,,,200 A,,,6.13,6.13,3.75,101-200sq.inch,Top Right,Top Left,,Top Mount,12.0 VDC,9.81,5.1-10pound,,"Battery, BCI Group Size 400, 200 CCA",(0 reviews),1 YR FREE REPLACEMENT,109.99,12268738,1 YR FREE REPLACEMENT,https://shop.advanceautoparts.com/c4/battery/13646?term=batteries?,Battery,6,109.99,101-200$,659.94,0.001226423
DieHard Silver,DieHard,https://shop.advanceautoparts.com/p/diehard-silver-battery-group-size-78-700-cca-78-1/2040057-P?navigationPath=L1*14920%7CL2*15000%7CL3*15597%7CL4*13646,,78,700 A,875 A,>500AMP,7.312,10.25,7.062,501-1000sq.inch,Side Right,Side Left,120 min,Side Mount,12.0 VDC,36.4,20.1-40pound,,"Battery, Group Size 78, 700 CCA",(194 reviews),2 YR FREE REPLACEMENT,159.99,2040057,2 YR FREE REPLACEMENT,https://shop.advanceautoparts.com/c4/battery/13646?term=batteries?,Battery,21,159.99,101-200$,3359.79,0.006243783
DieHard Gold,DieHard,https://shop.advanceautoparts.com/p/diehard-gold-battery-group-size-h8-900-cca-49h8/2130012-P?navigationPath=L1*14920%7CL2*15000%7CL3*15597%7CL4*13646,,,900 A,1000 A,>500AMP,7.5,13.937000000000001,6.937,501-1000sq.inch,Top Left,Top Right,150 min,Top Mount,12.0 VDC,48.01,>40pound,,"Battery, Group Size H8, 900 CCA",(354 reviews),3 YR FREE REPLACEMENT,179.99,2130012,3 YR FREE REPLACEMENT,https://shop.advanceautoparts.com/c4/battery/13646?term=batteries?,Battery,20,179.99,101-200$,3599.8,0.0066898140000000005
DieHard Silver,DieHard,https://shop.advanceautoparts.com/p/diehard-silver-battery-group-size-25-550-cca-25-1/2040042-P?navigationPath=L1*14920%7CL2*15000%7CL3*15597%7CL4*13646,,25,550 A,685 A,>500AMP,8.86,9.06,6.89,501-1000sq.inch,Top Right,Top Left,100 min,Top Mount,12.0 VDC,34.46,20.1-40pound,,"Battery, Group Size 25, 550 CCA",(37 reviews),2 YR FREE REPLACEMENT,159.99,2040042,2 YR FREE REPLACEMENT,https://shop.advanceautoparts.com/c4/battery/13646?term=batteries?,Battery,22,159.99,101-200$,3519.78,0.006541106
DieHard Silver,DieHard,https://shop.advanceautoparts.com/p/diehard-silver-battery-group-size-51-500-cca-51-2/2130010-P?navigationPath=L1*14920%7CL2*15000%7CL3*15597%7CL4*13646,,51,500 A,625 A,>500AMP,8.75,9.375,5.062,201-500sq.inch,Top Right,Top Left,85 min,Top Mount,12.0 VDC,27.81,20.1-40pound,,"Battery, Group Size 51, 500 CCA",(117 reviews),2 YR FREE REPLACEMENT,159.99,2130010,2 YR FREE REPLACEMENT,https://shop.advanceautoparts.com/c4/battery/13646?term=batteries?,Battery,20,159.99,101-200$,3199.8,0.00594646
Optima,Optima,https://shop.advanceautoparts.com/p/optima-yellow-top-deep-cycle-battery-group-size-h7-880-cca-1000-ca-154-rc-dh7/12256996-P?navigationPath=L1*14920%7CL2*15000%7CL3*15597%7CL4*13646,,,880 A,,,7.48,12.4,6.89,501-1000sq.inch,Top Left,Top Right,154 min,,12.0 VDC,60.5,>40pound,80.0 Ah,"Yellow Top Deep Cycle Battery, Group Size H7, 880 CCA, 1000 CA, 154 RC",(0 reviews),3 YR REPLACEMENT IF DEFECTIVE,319.99,12256996,3 YR REPLACEMENT IF DEFECTIVE,https://shop.advanceautoparts.com/c4/battery/13646?term=batteries?,Battery,3,319.99,201-400$,959.97,0.001783994
DieHard Gold,DieHard,https://shop.advanceautoparts.com/p/diehard-gold-battery-group-size-86-650-cca-86-2/2130013-P?navigationPath=L1*14920%7CL2*15000%7CL3*15597%7CL4*13646,,86,650 A,812 A,>500AMP,8.0,9.06,6.812,201-500sq.inch,Top Right,Top Left,95 min,Top Mount,12.0 VDC,32.24,20.1-40pound,,"Battery, Group Size 86, 650 CCA",(235 reviews),3 YR FREE REPLACEMENT,179.99,2130013,3 YR FREE REPLACEMENT,https://shop.advanceautoparts.com/c4/battery/13646?term=batteries?,Battery,20,179.99,101-200$,3599.8,0.0066898140000000005
DieHard Silver,DieHard,https://shop.advanceautoparts.com/p/diehard-silver-battery-group-size-36r-650-cca-36r-1/2040000-P?navigationPath=L1*14920%7CL2*15000%7CL3*15597%7CL4*13646,,36R,650 A,813 A,>500AMP,8.125,10.375,7.187,501-1000sq.inch,Top Left,Top Right,130 min,Top Mount,12.0 VDC,38.73,20.1-40pound,,"Battery, Group Size 36R, 650 CCA",(340 reviews),2 YR FREE REPLACEMENT,159.99,2040000,2 YR FREE REPLACEMENT,https://shop.advanceautoparts.com/c4/battery/13646?term=batteries?,Battery,15,159.99,101-200$,2399.85,0.004459845
DieHard Platinum,DieHard,https://shop.advanceautoparts.com/p/diehard-platinum-battery-bci-group-size-78-800-cca-1000-ca-115-rc-78ft-rp/12277122-P?navigationPath=L1*14920%7CL2*15000%7CL3*15597%7CL4*13646,,78,800 A,1000 A,>500AMP,,,,,Side Right,Side Left,115 min,Side Mount,12.0 VDC,,,,"Battery, BCI Group Size 78, 800 CCA, 1000 CA, 115 RC",(0 reviews),4 YR REPLACEMENT IF DEFECTIVE,199.99,12277122,4 YR REPLACEMENT IF DEFECTIVE,https://shop.advanceautoparts.com/c4/battery/13646?term=batteries?,Battery,12,199.99,101-200$,2399.88,0.004459901
Optima,Optima,https://shop.advanceautoparts.com/p/optima-yellow-top-deep-cycle-battery-group-size-h6-800-cca-925-ca-140-rc-dh6/12023820-P?navigationPath=L1*14920%7CL2*15000%7CL3*15597%7CL4*13646,,,800 A,925 A,>500AMP,7.5,11.0,6.937,501-1000sq.inch,Top Left,Top Right,140 min,Top Mount,12.0 VDC,54.0,>40pound,72.0 Ah,"Yellow Top Deep Cycle Battery, Group Size H6, 800 CCA, 925 CA, 140 RC",(0 reviews),3 YR REPLACEMENT IF DEFECTIVE,309.99,12023820,3 YR REPLACEMENT IF DEFECTIVE,https://shop.advanceautoparts.com/c4/battery/13646?term=batteries?,Battery,6,309.99,201-400$,1859.94,0.003456485
Optima,Optima,https://shop.advanceautoparts.com/p/optima-yellow-top-deep-cycle-battery-group-size-35-620-cca-d35/16940021-P?navigationPath=L1*14920%7CL2*15000%7CL3*15597%7CL4*13646,,35,620 A,770 A,>500AMP,6.687,9.375,6.75,201-500sq.inch,Top Left,Top Right,100 min,Top Mount,12.0 VDC,36.4,20.1-40pound,,"Yellow Top Deep Cycle Battery, Group Size 35, 620 CCA",(105 reviews),3 YR FREE REPLACEMENT,264.99,16940021,3 YR FREE REPLACEMENT,https://shop.advanceautoparts.com/c4/battery/13646?term=batteries?,Battery,4,264.99,201-400$,1059.96,0.001969814
DieHard Silver,DieHard,https://shop.advanceautoparts.com/p/diehard-silver-battery-group-size-h8-825-cca-93-1/2040034-P?navigationPath=L1*14920%7CL2*15000%7CL3*15597%7CL4*13646,,,825 A,1000 A,>500AMP,7.5,13.937000000000001,6.937,501-1000sq.inch,Top Left,Top Right,135 min,Top Mount,12.0 VDC,47.41,>40pound,,"Battery, Group Size H8, 825 CCA",(93 reviews),2 YR FREE REPLACEMENT,159.99,2040034,2 YR FREE REPLACEMENT,https://shop.advanceautoparts.com/c4/battery/13646?term=batteries?,Battery,10,159.99,101-200$,1599.9,0.00297323
DieHard Marine,DieHard,https://shop.advanceautoparts.com/p/diehard-marine-marine-battery-group-size-27m-800-cca-m27-1/10890045-P?navigationPath=L1*14920%7CL2*15000%7CL3*15597%7CL4*13646,,,800 A,,,8.812000000000001,12.06,6.812,501-1000sq.inch,Top Left,Top Right,182 min,Top Mount,12.0 VDC,56.21,>40pound,,"Marine Battery, Group Size 27M, 800 CCA",(1 reviews),12 MO FREE REPLACMENT,104.99,10890045,12 MO FREE REPLACMENT,https://shop.advanceautoparts.com/c4/battery/13646?term=batteries?,Battery,3,104.99,101-200$,314.97,0.000585336
DieHard Gold,DieHard,https://shop.advanceautoparts.com/p/diehard-gold-battery-group-size-151r-370-cca-151r/10081210-P?navigationPath=L1*14920%7CL2*15000%7CL3*15597%7CL4*13646,,151R,370 A,425 A,201-500AMP,8.875,7.437,4.937,201-500sq.inch,Top Left,Top Right,57 min,Top Mount,12.0 VDC,22.5,20.1-40pound,,"Battery, Group Size 151R, 370 CCA",(76 reviews),3 YR FREE REPLACEMENT,179.99,10081210,3 YR FREE REPLACEMENT,https://shop.advanceautoparts.com/c4/battery/13646?term=batteries?,Battery,12,179.99,101-200$,2159.88,0.0040138890000000005
DieHard Silver,DieHard,https://shop.advanceautoparts.com/p/diehard-silver-battery-group-size-27f-710-cca-27f-3/2040183-P?navigationPath=L1*14920%7CL2*15000%7CL3*15597%7CL4*13646,,27F,710 A,885 A,>500AMP,8.937000000000001,12.5,6.812,501-1000sq.inch,Top Left,Top Right,165 min,Top Mount,12.0 VDC,49.94,>40pound,,"Battery, Group Size 27F, 710 CCA",(169 reviews),2 YR FREE REPLACEMENT,159.99,2040183,2 YR FREE REPLACEMENT,https://shop.advanceautoparts.com/c4/battery/13646?term=batteries?,Battery,18,159.99,101-200$,2879.82,0.005351814
Optima,Optima,https://shop.advanceautoparts.com/p/optima-red-top-battery-group-size-25-720-cca-25/16940002-P?navigationPath=L1*14920%7CL2*15000%7CL3*15597%7CL4*13646,,25,720 A,910 A,>500AMP,7.69,9.38,6.75,201-500sq.inch,Top Right,Top Left,90 min,Top Mount,12.0 VDC,31.7,20.1-40pound,,"Red Top Battery, Group Size 25, 720 CCA",(85 reviews),3 YR FREE REPLACEMENT,224.99,16940002,3 YR FREE REPLACEMENT,https://shop.advanceautoparts.com/c4/battery/13646?term=batteries?,Battery,4,224.99,201-400$,899.96,0.0016724720000000002
DieHard Platinum AGM,DieHard,https://shop.advanceautoparts.com/p/diehard-platinum-agm-battery-group-size-51r-435-cca-51r-agm/11920918-P?navigationPath=L1*14920%7CL2*15000%7CL3*15597%7CL4*13646,,51R,435 A,540 A,>500AMP,8.75,9.375,5.06,201-500sq.inch,Top Left,Top Right,75 min,Top Mount,12.0 VDC,27.0,20.1-40pound,41.0 Ah,"Battery, Group Size 51R, 435 CCA",(0 reviews),3 YR REPLACEMENT IF DEFECTIVE,209.99,11920918,3 YR REPLACEMENT IF DEFECTIVE,https://shop.advanceautoparts.com/c4/battery/13646?term=batteries?,Battery,17,209.99,201-400$,3569.83,0.006634119
DieHard Silver,DieHard,https://shop.advanceautoparts.com/p/diehard-silver-battery-group-size-24-600-cca-24ft-5/11018022-P?navigationPath=L1*14920%7CL2*15000%7CL3*15597%7CL4*13646,,24,600 A,750 A,>500AMP,8.875,10.25,6.812,501-1000sq.inch,Top Right,Top Left,110 min,Top Mount,12.0 VDC,37.5,20.1-40pound,,"Battery, Group Size 24, 600 CCA",(42 reviews),2 YR FREE REPLACEMENT,159.99,11018022,2 YR FREE REPLACEMENT,https://shop.advanceautoparts.com/c4/battery/13646?term=batteries?,Battery,23,159.99,101-200$,3679.77,0.006838429
DieHard Silver,DieHard,https://shop.advanceautoparts.com/p/diehard-silver-battery-group-size-58-550-cca-58-2/2040360-P?navigationPath=L1*14920%7CL2*15000%7CL3*15597%7CL4*13646,,58,550 A,665 A,>500AMP,6.937,10.06,7.187,501-1000sq.inch,Top Right,Top Left,80 min,Top Mount,12.0 VDC,28.09,20.1-40pound,,"Battery, Group Size 58, 550 CCA",(118 reviews),2 YR FREE REPLACEMENT,159.99,2040360,2 YR FREE REPLACEMENT,https://shop.advanceautoparts.com/c4/battery/13646?term=batteries?,Battery,24,159.99,101-200$,3839.76,0.0071357519999999995
DieHard Silver,DieHard,https://shop.advanceautoparts.com/p/diehard-silver-battery-group-size-27-810-cca-27-3/2040131-P?navigationPath=L1*14920%7CL2*15000%7CL3*15597%7CL4*13646,,27,810 A,1000 A,>500AMP,8.875,12.06,6.812,501-1000sq.inch,Top Right,Top Left,140 min,Top Mount,12.0 VDC,48.6,>40pound,,"Battery, Group Size 27, 810 CCA",(138 reviews),2 YR FREE REPLACEMENT,159.99,2040131,2 YR FREE REPLACEMENT,https://shop.advanceautoparts.com/c4/battery/13646?term=batteries?,Battery,7,159.99,101-200$,1119.93,0.002081261
DieHard Silver,DieHard,https://shop.advanceautoparts.com/p/diehard-silver-battery-group-size-26-525-cca-26-3/2040328-P?navigationPath=L1*14920%7CL2*15000%7CL3*15597%7CL4*13646,,26,525 A,655 A,>500AMP,7.75,8.187000000000001,6.812,201-500sq.inch,Top Right,Top Left,60 min,Top Mount,12.0 VDC,27.9,20.1-40pound,,"Battery, Group Size 26, 525 CCA",(114 reviews),2 YR FREE REPLACEMENT,159.99,2040328,2 YR FREE REPLACEMENT,https://shop.advanceautoparts.com/c4/battery/13646?term=batteries?,Battery,24,159.99,101-200$,3839.76,0.0071357519999999995
DieHard Platinum AGM,DieHard,https://shop.advanceautoparts.com/p/diehard-platinum-agm-battery-group-size-96r-590-cca-96r-agm/12102917-P?navigationPath=L1*14920%7CL2*15000%7CL3*15597%7CL4*13646,,96R,590 A,735 A,>500AMP,7.0,7.0,9.5,201-500sq.inch,Top Left,Top Right,80 min,Top Mount,12.0 VDC,31.0,20.1-40pound,45.0 Ah,"Battery, Group Size 96R, 590 CCA",(0 reviews),3 YR REPLACEMENT IF DEFECTIVE,209.99,12102917,3 YR REPLACEMENT IF DEFECTIVE,https://shop.advanceautoparts.com/c4/battery/13646?term=batteries?,Battery,9,209.99,201-400$,1889.91,0.00351218
DieHard Platinum,DieHard,https://shop.advanceautoparts.com/p/diehard-platinum-battery-group-size-h5-650-cca-810-ca-100-rc-47h5-rp/12495887-P?navigationPath=L1*14920%7CL2*15000%7CL3*15597%7CL4*13646,,H5,650 A,810 A,>500AMP,7.4,9.5,6.9,201-500sq.inch,Top Left,Top Right,100 min,Top Mount,12 VDC,35.0,20.1-40pound,,"Battery, Group Size H5, 650 CCA, 810 CA, 100 RC",(0 reviews),4 YR REPLACEMENT IF DEFECTIVE,199.99,12495887,4 YR REPLACEMENT IF DEFECTIVE,https://shop.advanceautoparts.com/c4/battery/13646?term=batteries?,Battery,7,199.99,101-200$,1399.93,0.002601609
DieHard Platinum AGM,DieHard,https://shop.advanceautoparts.com/p/diehard-platinum-agm-battery-group-size-s46b24r-410-cca-s46b24r/10700314-P?navigationPath=L1*14920%7CL2*15000%7CL3*15597%7CL4*13646,,,410 A,510 A,>500AMP,8.937000000000001,9.312000000000001,5.06,201-500sq.inch,Top Right,Top Left,75 min,Top Mount,12.0 VDC,26.0,20.1-40pound,41.0 Ah,"Battery, Group Size S46B24R, 410 CCA",(20 reviews),3 YR FREE REPLACEMENT,209.99,10700314,3 YR FREE REPLACEMENT,https://shop.advanceautoparts.com/c4/battery/13646?term=batteries?,Battery,9,209.99,201-400$,1889.91,0.00351218
DieHard Platinum AGM,DieHard,https://shop.advanceautoparts.com/p/diehard-platinum-agm-battery-group-size-h9-950-cca-h9-agm/10866724-P?navigationPath=L1*14920%7CL2*15000%7CL3*15597%7CL4*13646,,,950 A,1000 A,>500AMP,7.5,15.562000000000001,6.937,501-1000sq.inch,Top Left,Top Right,190 min,Top Mount,12.0 VDC,65.4,>40pound,100 Ah,"Battery, Group Size H9, 950 CCA",(3 reviews),3 YR FREE REPLACEMENT,209.99,10866724,3 YR FREE REPLACEMENT,https://shop.advanceautoparts.com/c4/battery/13646?term=batteries?,Battery,1,209.99,201-400$,209.99,0.00039024199999999995
DieHard Powersports,DieHard,https://shop.advanceautoparts.com/p/diehard-powersports-powersports-battery-group-size-btx14ah-bs-210-cca-tx14ah/16940012-P?navigationPath=L1*14920%7CL2*15000%7CL3*15597%7CL4*13646,,,210 A,,,6.437,5.25,3.562,101-200sq.inch,Top Right,Top Left,,Top Mount,12.0 VDC,10.69,10.1-20pound,12.0 Ah,"Powersports Battery, Group Size BTX14AH-BS, 210 CCA",(50 reviews),90 DAY REPLACEMENT IF DEFECTIVE,89.99,16940012,90 DAY REPLACEMENT IF DEFECTIVE,https://shop.advanceautoparts.com/c4/battery/13646?term=batteries?,Battery,50,89.99,51-100$,4499.5,0.008361803000000001
DieHard Platinum,DieHard,https://shop.advanceautoparts.com/p/diehard-platinum-battery-bci-group-size-65-750-cca-935-ca-150-rc-65-rp/12257750-P?navigationPath=L1*14920%7CL2*15000%7CL3*15597%7CL4*13646,,65,750 A,935 A,>500AMP,,,,,Top Right,Top Left,150 min,Top Mount,12.0 VDC,,,,"Battery, BCI Group Size 65, 750 CCA, 935 CA, 150 RC",(0 reviews),4 YR REPLACEMENT IF DEFECTIVE,199.99,12257750,4 YR REPLACEMENT IF DEFECTIVE,https://shop.advanceautoparts.com/c4/battery/13646?term=batteries?,Battery,25,199.99,101-200$,4999.75,0.00929146
DieHard Silver,DieHard,https://shop.advanceautoparts.com/p/diehard-silver-battery-group-size-34-660-cca-34-1/2040271-P?navigationPath=L1*14920%7CL2*15000%7CL3*15597%7CL4*13646,,34,660 A,885 A,>500AMP,7.875,10.25,6.812,501-1000sq.inch,Top Right,Top Left,115 min,Top Mount,12.0 VDC,37.51,20.1-40pound,,"Battery, Group Size 34, 660 CCA",(215 reviews),2 YR FREE REPLACEMENT,159.99,2040271,2 YR FREE REPLACEMENT,https://shop.advanceautoparts.com/c4/battery/13646?term=batteries?,Battery,23,159.99,101-200$,3679.77,0.006838429
Optima,Optima,https://shop.advanceautoparts.com/p/optima-red-top-battery-group-size-75-86-720-cca-75-25-925/2040004-P?navigationPath=L1*14920%7CL2*15000%7CL3*15597%7CL4*13646,,,720 A,910 A,>500AMP,7.75,9.375,6.812,201-500sq.inch,,,90 min,Dual Terminal,12.0 VDC,33.1,20.1-40pound,,"Red Top Battery, Group Size 75/86, 720 CCA",(133 reviews),3 YR FREE REPLACEMENT,224.99,2040004,3 YR FREE REPLACEMENT,https://shop.advanceautoparts.com/c4/battery/13646?term=batteries?,Battery,1,224.99,201-400$,224.99,0.00041811800000000004
DieHard Silver,DieHard,https://shop.advanceautoparts.com/p/diehard-silver-battery-group-size-75-650-cca-75-2/2040026-P?navigationPath=L1*14920%7CL2*15000%7CL3*15597%7CL4*13646,,75,650 A,810 A,>500AMP,7.312,9.062000000000001,7.062,201-500sq.inch,Side Right,Side Left,95 min,Side Mount,12.0 VDC,32.11,20.1-40pound,,"Battery, Group Size 75, 650 CCA",(434 reviews),2 YR REPLACEMENT IF DEFECTIVE,159.99,2040026,2 YR REPLACEMENT IF DEFECTIVE,https://shop.advanceautoparts.com/c4/battery/13646?term=batteries?,Battery,21,159.99,101-200$,3359.79,0.006243783
DieHard Red,DieHard,https://shop.advanceautoparts.com/p/diehard-red-battery-group-size-58-500-cca-58-1/2070138-P?navigationPath=L1*14920%7CL2*15000%7CL3*15597%7CL4*13646,,58,500 A,625 A,>500AMP,6.937,10.06,7.187,501-1000sq.inch,Top Right,Top Left,75 min,Top Mount,12.0 VDC,28.09,20.1-40pound,,"Battery, Group Size 58, 500 CCA",(36 reviews),1 YR FREE REPLACEMENT,99.99,2070138,1 YR FREE REPLACEMENT,https://shop.advanceautoparts.com/c4/battery/13646?term=batteries?,Battery,3,99.99,51-100$,299.97,0.00055746
Optima,Optima,https://shop.advanceautoparts.com/p/optima-yellow-top-deep-cycle-battery-group-size-34-78-750-cca-d34-78-950/16210015-P?navigationPath=L1*14920%7CL2*15000%7CL3*15597%7CL4*13646,,,750 A,870 A,>500AMP,7.875,10.06,6.937,501-1000sq.inch,,,120 min,Dual Terminal,12.0 VDC,43.5,>40pound,,"Yellow Top Deep Cycle Battery, Group Size 34/78, 750 CCA",(250 reviews),3 YR FREE REPLACEMENT,294.99,16210015,3 YR FREE REPLACEMENT,https://shop.advanceautoparts.com/c4/battery/13646?term=batteries?,Battery,5,294.99,201-400$,1474.95,0.002741025
DieHard Powersports,DieHard,https://shop.advanceautoparts.com/p/diehard-powersports-powersports-battery-group-size-btx14-bs-200-cca-tx14/16940011-P?navigationPath=L1*14920%7CL2*15000%7CL3*15597%7CL4*13646,,,200 A,,,5.687,5.875,3.437,101-200sq.inch,Top Right,Top Left,,Top Mount,12.0 VDC,9.81,5.1-10pound,12.0 Ah,"Powersports Battery, Group Size BTX14-BS, 200 CCA",(87 reviews),90 DAY REPLACEMENT IF DEFECTIVE,115.99,16940011,90 DAY REPLACEMENT IF DEFECTIVE,https://shop.advanceautoparts.com/c4/battery/13646?term=batteries?,Battery,28,115.99,101-200$,3247.72,0.0060355140000000005
DieHard Powersports,DieHard,https://shop.advanceautoparts.com/p/diehard-powersports-powersports-battery-group-size-btx12-bs-180-cca-tx12/16940010-P?navigationPath=L1*14920%7CL2*15000%7CL3*15597%7CL4*13646,,,180 A,,,5.125,5.875,3.437,101-200sq.inch,Top Right,Top Left,,Top Mount,12.0 VDC,8.71,5.1-10pound,10.0 Ah,"Powersports Battery, Group Size BTX12-BS, 180 CCA",(32 reviews),90 DAY REPLACEMENT IF DEFECTIVE,94.99,16940010,90 DAY REPLACEMENT IF DEFECTIVE,https://shop.advanceautoparts.com/c4/battery/13646?term=batteries?,Battery,17,94.99,51-100$,1614.83,0.003000976
Optima,Optima,https://shop.advanceautoparts.com/p/optima-yellow-top-deep-cycle-battery-group-size-51r-450-cca-d51r/16940001-P?navigationPath=L1*14920%7CL2*15000%7CL3*15597%7CL4*13646,,51R,450 A,575 A,>500AMP,8.937000000000001,9.312000000000001,5.06,201-500sq.inch,Top Left,Top Right,66 min,Top Mount,12.0 VDC,26.0,20.1-40pound,,"Yellow Top Deep Cycle Battery, Group Size 51R, 450 CCA",(105 reviews),3 YR FREE REPLACEMENT,264.99,16940001,3 YR FREE REPLACEMENT,https://shop.advanceautoparts.com/c4/battery/13646?term=batteries?,Battery,2,264.99,201-400$,529.98,0.000984907
DieHard Golf Cart,DieHard,https://shop.advanceautoparts.com/p/diehard-golf-cart-6-volt-deep-cycle-service-battery-reserve-capacity-115-min-gc2/2100013-P?navigationPath=L1*14920%7CL2*15000%7CL3*15597%7CL4*13646,,GC2,,,,10.7,10.3,7.1,501-1000sq.inch,Top Left,Top Right,115 min,Top Mount,6.0 VDC,62.1,>40pound,225.0 Ah,"6-Volt Deep-Cycle Service Battery, Reserve Capacity 115 min.",(78 reviews),1 YR FREE REPLACEMENT,136.99,2100013,1 YR FREE REPLACEMENT,https://shop.advanceautoparts.com/c4/battery/13646?term=batteries?,Battery,16,136.99,101-200$,2191.84,0.004073283
DieHard Silver,DieHard,https://shop.advanceautoparts.com/p/diehard-silver-battery-group-size-u1r-370-cca-u1rt/2040179-P?navigationPath=L1*14920%7CL2*15000%7CL3*15597%7CL4*13646,,U1R,370 A,460 A,201-500AMP,7.312,8.25,5.189,201-500sq.inch,Top Left,Top Right,45 min,Top Mount,12.0 VDC,20.5,20.1-40pound,,"Battery, Group Size U1R, 370 CCA",(107 reviews),2 YR FREE REPLACEMENT,159.99,2040179,2 YR FREE REPLACEMENT,https://shop.advanceautoparts.com/c4/battery/13646?term=batteries?,Battery,2,159.99,101-200$,319.98,0.000594646
DieHard HD Battery,DieHard,https://shop.advanceautoparts.com/p/diehard-hd-battery-heavy-duty-commercial-farm-battery-group-size-31t-1000-cca-31hds30/10548168-P?navigationPath=L1*14920%7CL2*15000%7CL3*15597%7CL4*13646,,31T,1000 A,1250 A,>500AMP,9.437000000000001,13.0,6.812,501-1000sq.inch,Top Left,Top Right,185 min,Top Mount,12.0 VDC,61.01,>40pound,,"Heavy Duty Commercial & Farm Battery, Group Size 31T, 1000 CCA",(1 reviews),1 YR FREE REPLACEMENT,139.99,10548168,1 YR FREE REPLACEMENT,https://shop.advanceautoparts.com/c4/battery/13646?term=batteries?,Battery,2,139.99,101-200$,279.98,0.000520311
Value Battery,Value Battery,https://shop.advanceautoparts.com/p/value-battery-battery-group-size-24f-550-cca-24f-v/11410643-P?navigationPath=L1*14920%7CL2*15000%7CL3*15597%7CL4*13646,,24F,550 A,685 A,>500AMP,9.0,10.75,6.812,501-1000sq.inch,Top Left,Top Right,85 min,Top Mount,12.0 VDC,37.5,20.1-40pound,,"Battery, Group Size 24F, 550 CCA",(3 reviews),90 DAY REPLACEMENT IF DEFECTIVE,84.99,11410643,90 DAY REPLACEMENT IF DEFECTIVE,https://shop.advanceautoparts.com/c4/battery/13646?term=batteries?,Battery,1,84.99,51-100$,84.99,0.000157944
DieHard Platinum AGM,DieHard,https://shop.advanceautoparts.com/p/diehard-platinum-agm-battery-group-size-78-740-cca-78-agm/10310751-P?navigationPath=L1*14920%7CL2*15000%7CL3*15597%7CL4*13646,,78,740 A,925 A,>500AMP,7.25,10.937000000000001,7.312,501-1000sq.inch,Side Right,Side Left,115 min,Side Mount,12.0 VDC,38.7,20.1-40pound,60.0 Ah,"Battery, Group Size 78, 740 CCA",(35 reviews),3 YR FREE REPLACEMENT,209.99,10310751,3 YR FREE REPLACEMENT,https://shop.advanceautoparts.com/c4/battery/13646?term=batteries?,Battery,6,209.99,201-400$,1259.94,0.0023414539999999998
DieHard Silver,DieHard,https://shop.advanceautoparts.com/p/diehard-silver-battery-group-size-79-840-cca-79-2/2130007-P?navigationPath=L1*14920%7CL2*15000%7CL3*15597%7CL4*13646,,79,840 A,1000 A,>500AMP,7.375,12.06,7.06,501-1000sq.inch,Side Right,Side Left,140 min,Side Mount,12.0 VDC,41.94,>40pound,,"Battery, Group Size 79, 840 CCA",(108 reviews),2 YR FREE REPLACEMENT,164.99,2130007,2 YR FREE REPLACEMENT,https://shop.advanceautoparts.com/c4/battery/13646?term=batteries?,Battery,5,164.99,101-200$,824.95,0.001533075
Value Battery,Value Battery,https://shop.advanceautoparts.com/p/value-battery-battery-group-size-26r-450-cca-26r-v/11410584-P?navigationPath=L1*14920%7CL2*15000%7CL3*15597%7CL4*13646,,26R,450 A,560 A,>500AMP,7.75,8.187000000000001,6.812,201-500sq.inch,Top Left,Top Right,85 min,Top Mount,12.0 VDC,27.45,20.1-40pound,,"Battery, Group Size 26R, 450 CCA",(31 reviews),90 DAY REPLACEMENT IF DEFECTIVE,84.99,11410584,90 DAY REPLACEMENT IF DEFECTIVE,https://shop.advanceautoparts.com/c4/battery/13646?term=batteries?,Battery,0,84.99,51-100$,0.0,0.0
DieHard Gold,DieHard,https://shop.advanceautoparts.com/p/diehard-gold-battery-group-size-h9-950-cca-95r-h9/2130016-P?navigationPath=L1*14920%7CL2*15000%7CL3*15597%7CL4*13646,,,950 A,,,7.5,15.562000000000001,6.937,501-1000sq.inch,Top Left,Top Right,,Top Mount,12.0 VDC,63.91,>40pound,110 Ah,"Battery, Group Size H9, 950 CCA",(66 reviews),3 YR FREE REPLACEMENT,179.99,2130016,3 YR FREE REPLACEMENT,https://shop.advanceautoparts.com/c4/battery/13646?term=batteries?,Battery,6,179.99,101-200$,1079.94,0.002006944
DieHard Powersports,DieHard,https://shop.advanceautoparts.com/p/diehard-powersports-powersports-battery-group-size-btz10s-190-cca-tz10s/10890043-P?navigationPath=L1*14920%7CL2*15000%7CL3*15597%7CL4*13646,,,190 A,,,3.687,5.875,3.437,51-100sq.inch,Top Right,Top Left,,Top Mount,12.0 VDC,7.39,5.1-10pound,8.6 Ah,"Powersports Battery, Group Size BTZ10S, 190 CCA",(3 reviews),3 MO FREE REPLACEMENT,99.99,10890043,3 MO FREE REPLACEMENT,https://shop.advanceautoparts.com/c4/battery/13646?term=batteries?,Battery,3,99.99,51-100$,299.97,0.00055746
DieHard Powersports,DieHard,https://shop.advanceautoparts.com/p/diehard-powersports-powersports-battery-group-size-btx9-bs-120-cca-tx9/16940009-P?navigationPath=L1*14920%7CL2*15000%7CL3*15597%7CL4*13646,,,120 A,,,4.125,5.875,4.437,101-200sq.inch,Top Right,Top Left,,Top Mount,12.0 VDC,6.75,5.1-10pound,8.0 Ah,"Powersports Battery, Group Size BTX9-BS, 120 CCA",(21 reviews),90 DAY REPLACEMENT IF DEFECTIVE,94.99,16940009,90 DAY REPLACEMENT IF DEFECTIVE,https://shop.advanceautoparts.com/c4/battery/13646?term=batteries?,Battery,20,94.99,51-100$,1899.8,0.00353056
DieHard Gold,DieHard,https://shop.advanceautoparts.com/p/diehard-gold-battery-group-size-h4-480-cca-h4/11348065-P?navigationPath=L1*14920%7CL2*15000%7CL3*15597%7CL4*13646,,,480 A,600 A,>500AMP,7.5,8.125,6.937,201-500sq.inch,Top Left,Top Right,100 min,Top Mount,12.0 VDC,29.8,20.1-40pound,50.0 Ah,"Battery, Group Size H4, 480 CCA",(2 reviews),3 YR REPLACEMENT IF DEFECTIVE,179.99,11348065,3 YR REPLACEMENT IF DEFECTIVE,https://shop.advanceautoparts.com/c4/battery/13646?term=batteries?,Battery,2,179.99,101-200$,359.98,0.000668981
Optima,Optima,https://shop.advanceautoparts.com/p/optima-red-top-battery-group-size-34r-800-cca-r34-980/16080023-P?navigationPath=L1*14920%7CL2*15000%7CL3*15597%7CL4*13646,,34R,800 A,1000 A,>500AMP,7.875,10.06,6.875,501-1000sq.inch,Top Left,Top Right,100 min,Top Mount,12.0 VDC,37.9,20.1-40pound,,"Red Top Battery, Group Size 34R, 800 CCA",(99 reviews),3 YR FREE REPLACEMENT,274.99,16080023,3 YR FREE REPLACEMENT,https://shop.advanceautoparts.com/c4/battery/13646?term=batteries?,Battery,0,274.99,201-400$,0.0,0.0
DieHard Gold,DieHard,https://shop.advanceautoparts.com/p/diehard-gold-battery-group-size-t4-470-cca-t4/10653462-P?navigationPath=L1*14920%7CL2*15000%7CL3*15597%7CL4*13646,,,470 A,585 A,>500AMP,6.937,8.312000000000001,6.937,201-500sq.inch,Top Left,Top Right,70 min,Top Mount,12.0 VDC,27.1,20.1-40pound,,"Battery, Group Size T4, 470 CCA",(3 reviews),3 YR FREE REPLACEMENT,179.99,10653462,3 YR FREE REPLACEMENT,https://shop.advanceautoparts.com/c4/battery/13646?term=batteries?,Battery,5,179.99,101-200$,899.95,0.0016724539999999999
DieHard Gold,DieHard,https://shop.advanceautoparts.com/p/diehard-gold-battery-group-size-101-650-cca-101-1/2130018-P?navigationPath=L1*14920%7CL2*15000%7CL3*15597%7CL4*13646,,101,650 A,813 A,>500AMP,6.89,10.25,7.06,201-500sq.inch,Side Right,Side Left,110 min,Side Mount,12.0 VDC,39.1,20.1-40pound,,"Battery, Group Size 101, 650 CCA",(109 reviews),3 YR FREE REPLACEMENT,179.99,2130018,3 YR FREE REPLACEMENT,https://shop.advanceautoparts.com/c4/battery/13646?term=batteries?,Battery,5,179.99,101-200$,899.95,0.0016724539999999999
DieHard Red,DieHard,https://shop.advanceautoparts.com/p/diehard-red-battery-group-size-24-530-cca-24-2/2070006-P?navigationPath=L1*14920%7CL2*15000%7CL3*15597%7CL4*13646,,24,530 A,660 A,>500AMP,8.875,10.25,6.812,501-1000sq.inch,Top Right,Top Left,95 min,Top Mount,12.0 VDC,37.5,20.1-40pound,,"Battery, Group Size 24, 530 CCA",(32 reviews),1 YR FREE REPLACEMENT,99.99,2070006,1 YR FREE REPLACEMENT,https://shop.advanceautoparts.com/c4/battery/13646?term=batteries?,Battery,2,99.99,51-100$,199.98,0.00037164
DieHard HD Battery,DieHard,https://shop.advanceautoparts.com/p/diehard-hd-battery-heavy-duty-commercial-farm-battery-group-size-31a-950-cca-31p30/2100010-P?navigationPath=L1*14920%7CL2*15000%7CL3*15597%7CL4*13646,,31A,950 A,1140 A,>500AMP,9.5,13.0,6.75,501-1000sq.inch,Top Right,Top Left,175 min,Top Mount,12.0 VDC,59.6,>40pound,,"Heavy Duty Commercial & Farm Battery, Group Size 31A, 950 CCA",(24 reviews),1 YR FREE REPLACEMENT,132.99,2100010,1 YR FREE REPLACEMENT,https://shop.advanceautoparts.com/c4/battery/13646?term=batteries?,Battery,11,132.99,101-200$,1462.89,0.002718613
DieHard Platinum AGM,DieHard,https://shop.advanceautoparts.com/p/diehard-platinum-agm-battery-group-size-34-740-cca-34-agm/10310829-P?navigationPath=L1*14920%7CL2*15000%7CL3*15597%7CL4*13646,,34,740 A,925 A,>500AMP,7.75,10.25,6.812,501-1000sq.inch,Top Right,Top Left,115 min,Top Mount,12.0 VDC,38.7,20.1-40pound,60.0 Ah,"Battery, Group Size 34, 740 CCA",(41 reviews),3 YR FREE REPLACEMENT,209.99,10310829,3 YR FREE REPLACEMENT,https://shop.advanceautoparts.com/c4/battery/13646?term=batteries?,Battery,3,209.99,201-400$,629.97,0.0011707269999999999
Value Battery,Value Battery,https://shop.advanceautoparts.com/p/value-battery-battery-group-size-58r-580-cca-58r-v/11942679-P?navigationPath=L1*14920%7CL2*15000%7CL3*15597%7CL4*13646,,58R,580 A,725 A,>500AMP,6.937,10.06,7.187,501-1000sq.inch,Top Left,Top Right,100 min,Top Mount,12.0 VDC,31.0,20.1-40pound,,"Battery, Group Size 58R, 580 CCA",(0 reviews),90 DAY REPLACEMENT IF DEFECTIVE,84.99,11942679,90 DAY REPLACEMENT IF DEFECTIVE,https://shop.advanceautoparts.com/c4/battery/13646?term=batteries?,Battery,0,84.99,51-100$,0.0,0.0
DieHard Powersports,DieHard,https://shop.advanceautoparts.com/p/diehard-powersports-power-sport-battery-14l-a2/2090120-P?navigationPath=L1*14920%7CL2*15000%7CL3*15597%7CL4*13646,,,190 A,,,6.54,5.28,3.5,101-200sq.inch,,,,,12 v,9.2,5.1-10pound,,Power Sport Battery,(42 reviews),3 MO FREE REPLACEMENT,54.99,2090120,3 MO FREE REPLACEMENT,https://shop.advanceautoparts.com/c4/battery/13646?term=batteries?,Battery,1,54.99,51-100$,54.99,0.00010219299999999999
DieHard Platinum AGM,DieHard,https://shop.advanceautoparts.com/p/diehard-platinum-agm-battery-group-size-124r-700-cca-124r-agm/12102916-P?navigationPath=L1*14920%7CL2*15000%7CL3*15597%7CL4*13646,,124R,700 A,875 A,>500AMP,8.5,7.0,10.5,501-1000sq.inch,Top Left,Top Right,110 min,Top Mount,12.0 VDC,46.0,>40pound,60.0 Ah,"Battery, Group Size 124R, 700 CCA",(0 reviews),3 YR REPLACEMENT IF DEFECTIVE,209.99,12102916,3 YR REPLACEMENT IF DEFECTIVE,https://shop.advanceautoparts.com/c4/battery/13646?term=batteries?,Battery,5,209.99,201-400$,1049.95,0.001951211
DieHard Silver,DieHard,https://shop.advanceautoparts.com/p/diehard-silver-battery-group-size-56-550-cca-56-1/2040255-P?navigationPath=L1*14920%7CL2*15000%7CL3*15597%7CL4*13646,,56,550 A,688 A,>500AMP,8.375,10.015,6.06,501-1000sq.inch,Top Left,Top Right,86 min,Top Mount,12.0 VDC,33.81,20.1-40pound,,"Battery, Group Size 56, 550 CCA",(48 reviews),2 YR FREE REPLACEMENT,159.99,2040255,2 YR FREE REPLACEMENT,https://shop.advanceautoparts.com/c4/battery/13646?term=batteries?,Battery,9,159.99,101-200$,1439.91,0.002675907
DieHard Powersports,DieHard,https://shop.advanceautoparts.com/p/diehard-powersports-power-sports-agm-battery-12-volt-120-cca-battery-not-activated-requires-installer-to-add-included-acid-and-charge-before-use-9-bs/2090317-P?navigationPath=L1*14920%7CL2*15000%7CL3*15597%7CL4*13646,,,120 A,,,4.17,5.91,3.43,51-100sq.inch,,,,,12 v,6.3,5.1-10pound,,"Power Sport Battery, AGM",(26 reviews),3 MO FREE REPLACEMENT,64.99,2090317,3 MO FREE REPLACEMENT,https://shop.advanceautoparts.com/c4/battery/13646?term=batteries?,Battery,8,64.99,51-100$,519.92,0.0009662119999999999
DieHard Silver,DieHard,https://shop.advanceautoparts.com/p/diehard-silver-battery-group-size-42-495-cca-42-1/2040336-P?navigationPath=L1*14920%7CL2*15000%7CL3*15597%7CL4*13646,,42,495 A,615 A,>500AMP,6.937,9.06,6.937,201-500sq.inch,Top Left,Top Right,75 min,Top Mount,12.0 VDC,27.85,20.1-40pound,,"Battery, Group Size 42, 495 CCA",(36 reviews),2 YR FREE REPLACEMENT,159.99,2040336,2 YR FREE REPLACEMENT,https://shop.advanceautoparts.com/c4/battery/13646?term=batteries?,Battery,3,159.99,101-200$,479.97,0.0008919689999999999
DieHard Powersports,DieHard,https://shop.advanceautoparts.com/p/diehard-powersports-powersports-battery-group-size-b16l-b-260-cca-t16l/16940005-P?navigationPath=L1*14920%7CL2*15000%7CL3*15597%7CL4*13646,,,260 A,,,6.125,6.875,3.937,101-200sq.inch,Top Left,Top Right,,Top Mount,12.0 VDC,14.37,10.1-20pound,19.0 Ah,"Powersports Battery, Group Size B16L-B, 260 CCA",(24 reviews),90 DAY REPLACEMENT IF DEFECTIVE,99.99,16940005,90 DAY REPLACEMENT IF DEFECTIVE,https://shop.advanceautoparts.com/c4/battery/13646?term=batteries?,Battery,4,99.99,51-100$,399.96,0.00074328
DieHard Powersports,DieHard,https://shop.advanceautoparts.com/p/diehard-powersports-power-sport-battery-50-n18l-a2/2090112-P?navigationPath=L1*14920%7CL2*15000%7CL3*15597%7CL4*13646,,,260 A,,,6.3,8.07,3.54,101-200sq.inch,,,,,12 v,13.4,10.1-20pound,,Power Sport Battery,(64 reviews),3 MO FREE REPLACEMENT,65.99,2090112,3 MO FREE REPLACEMENT,https://shop.advanceautoparts.com/c4/battery/13646?term=batteries?,Battery,2,65.99,51-100$,131.98,0.00024527
Optima,Optima,https://shop.advanceautoparts.com/p/optima-blue-top-marine-battery-group-size-d34m-750-cca-d34m-950/16080019-P?navigationPath=L1*14920%7CL2*15000%7CL3*15597%7CL4*13646,,,750 A,870 A,>500AMP,7.937,10.06,6.875,501-1000sq.inch,Top Right,Top Left,120 min,Top Mount,12.0 VDC,43.5,>40pound,,"Blue Top Marine Battery, Group Size D34M, 750 CCA",(41 reviews),2 YR FREE REPLACEMENT,299.99,16080019,2 YR FREE REPLACEMENT,https://shop.advanceautoparts.com/c4/battery/13646?term=batteries?,Battery,2,299.99,201-400$,599.98,0.001114994
DieHard Marine,DieHard,https://shop.advanceautoparts.com/p/diehard-marine-marine-battery-group-size-24m-700-cca-24m-agm/10866721-P?navigationPath=L1*14920%7CL2*15000%7CL3*15597%7CL4*13646,,,700 A,,,8.875,10.25,6.812,501-1000sq.inch,Top Left,Top Right,120 min,Top Mount,12.0 VDC,45.0,>40pound,70.0 Ah,"Marine Battery, Group Size 24M, 700 CCA",(0 reviews),1 YR REPLACEMENT IF DEFECTIVE,178.99,10866721,1 YR REPLACEMENT IF DEFECTIVE,https://shop.advanceautoparts.com/c4/battery/13646?term=batteries?,Battery,2,178.99,101-200$,357.98,0.000665265
DieHard Gold,DieHard,https://shop.advanceautoparts.com/p/diehard-gold-battery-group-size-h6r-600-cca-h6r/11764085-P?navigationPath=L1*14920%7CL2*15000%7CL3*15597%7CL4*13646,,,600 A,750 A,>500AMP,7.5,11.0,6.937,501-1000sq.inch,Top Right,Top Left,110 min,Top Mount,12.0 VDC,35.91,20.1-40pound,,"Battery, Group Size H6R, 600 CCA",(0 reviews),3 YR REPLACEMENT IF DEFECTIVE,179.99,11764085,3 YR REPLACEMENT IF DEFECTIVE,https://shop.advanceautoparts.com/c4/battery/13646?term=batteries?,Battery,2,179.99,101-200$,359.98,0.000668981
DieHard Gold,DieHard,https://shop.advanceautoparts.com/p/diehard-gold-battery-group-size-t6-720-cca-t6/10450549-P?navigationPath=L1*14920%7CL2*15000%7CL3*15597%7CL4*13646,,,,,,6.937,11.0,6.937,501-1000sq.inch,Top Left,Top Right,,Top Mount,12.0 VDC,36.61,20.1-40pound,60.0 Ah,"Battery, Group Size T6, 720 CCA",(13 reviews),3 YR FREE REPLACEMENT,179.99,10450549,3 YR FREE REPLACEMENT,https://shop.advanceautoparts.com/c4/battery/13646?term=batteries?,Battery,1,179.99,101-200$,179.99,0.00033449099999999997
DieHard Powersports,DieHard,https://shop.advanceautoparts.com/p/diehard-powersports-powersports-battery-group-size-btx14ahl-bs-210-cca-tx14ahl/16940004-P?navigationPath=L1*14920%7CL2*15000%7CL3*15597%7CL4*13646,,,210 A,,,6.437,5.25,3.562,101-200sq.inch,Top Left,Top Right,,Top Mount,12.0 VDC,10.69,10.1-20pound,12.0 Ah,"Powersports Battery, Group Size BTX14AHL-BS, 210 CCA",(47 reviews),90 DAY REPLACEMENT IF DEFECTIVE,89.99,16940004,90 DAY REPLACEMENT IF DEFECTIVE,https://shop.advanceautoparts.com/c4/battery/13646?term=batteries?,Battery,10,89.99,51-100$,899.9,0.001672361
DieHard Silver,DieHard,https://shop.advanceautoparts.com/p/diehard-silver-battery-group-size-124-700-cca-124-1/10629647-P?navigationPath=L1*14920%7CL2*15000%7CL3*15597%7CL4*13646,,124,700 A,875 A,>500AMP,8.437000000000001,10.43,6.888999999999999,501-1000sq.inch,Top Right,Top Left,100 min,Top Mount,12.0 VDC,39.1,20.1-40pound,,"Battery, Group Size 124, 700 CCA",(16 reviews),2 YR FREE REPLACEMENT,159.99,10629647,2 YR FREE REPLACEMENT,https://shop.advanceautoparts.com/c4/battery/13646?term=batteries?,Battery,3,159.99,101-200$,479.97,0.0008919689999999999
DieHard Gold,DieHard,https://shop.advanceautoparts.com/p/diehard-gold-battery-group-size-t7-800-cca-92-t7-2/10043626-P?navigationPath=L1*14920%7CL2*15000%7CL3*15597%7CL4*13646,,,,,,6.937,12.437000000000001,6.937,501-1000sq.inch,Top Left,Top Right,,Top Mount,12.0 VDC,44.71,>40pound,80.0 Ah,"Battery, Group Size T7, 800 CCA",(39 reviews),3 YR FREE REPLACEMENT,179.99,10043626,3 YR FREE REPLACEMENT,https://shop.advanceautoparts.com/c4/battery/13646?term=batteries?,Battery,1,179.99,101-200$,179.99,0.00033449099999999997
DieHard Gold,DieHard,https://shop.advanceautoparts.com/p/diehard-gold-battery-group-size-85-625-cca-85-2/99996789-P?navigationPath=L1*14920%7CL2*15000%7CL3*15597%7CL4*13646,,85,625 A,780 A,>500AMP,8.0,9.06,6.812,201-500sq.inch,Top Left,Top Right,95 min,Top Mount,12.0 VDC,32.24,20.1-40pound,,"Battery, Group Size 85, 625 CCA",(70 reviews),3 YR FREE REPLACEMENT,179.99,99996789,3 YR FREE REPLACEMENT,https://shop.advanceautoparts.com/c4/battery/13646?term=batteries?,Battery,9,179.99,101-200$,1619.91,0.0030104159999999997
Energizer,,https://shop.advanceautoparts.com/p/energizer-2032-batteries-4-pack-3v-lithium-coin-batteries-2032bp-4/12219203-P?navigationPath=L1*14920%7CL2*15000%7CL3*15597%7CL4*13646,,,,,,,,,,,,,,,,,,"2032 Batteries (4 Pack), 3V Lithium Coin Batteries",(0 reviews),30 DAY REPLACEMENT IF DEFECTIVE,9.99,12219203,30 DAY REPLACEMENT IF DEFECTIVE,https://shop.advanceautoparts.com/c4/battery/13646?term=batteries?,Battery,18,9.99,0-50$,179.82,0.000334175
DieHard Powersports,DieHard,https://shop.advanceautoparts.com/p/diehard-powersports-powersports-battery-group-size-btx14l-bs-200-cca-tx14l/12042812-P?navigationPath=L1*14920%7CL2*15000%7CL3*15597%7CL4*13646,,,200 A,,,5.687,5.875,3.437,101-200sq.inch,Top Left,Top Right,,Top Mount,12.0 VDC,9.81,5.1-10pound,12.0 Ah,"Powersports Battery, Group Size BTX14L-BS, 200 CCA",(15 reviews),90 DAY REPLACEMENT IF DEFECTIVE,115.99,12042812,90 DAY REPLACEMENT IF DEFECTIVE,https://shop.advanceautoparts.com/c4/battery/13646?term=batteries?,Battery,3,115.99,101-200$,347.97,0.000646662
DieHard Powersports,DieHard,https://shop.advanceautoparts.com/p/diehard-powersports-power-sports-agm-battery-12-volt-200-cca-battery-not-activated-requires-installer-to-add-included-acid-and-charge-before-use-14-bs/2090236-P?navigationPath=L1*14920%7CL2*15000%7CL3*15597%7CL4*13646,,,200 A,,,5.75,5.91,3.43,101-200sq.inch,,,,,12 v,9.9,5.1-10pound,,"Power Sport Battery, AGM",(37 reviews),3 MO FREE REPLACEMENT,107.99,2090236,3 MO FREE REPLACEMENT,https://shop.advanceautoparts.com/c4/battery/13646?term=batteries?,Battery,3,107.99,101-200$,323.97,0.000602061
DieHard Gold,DieHard,https://shop.advanceautoparts.com/p/diehard-gold-battery-group-size-67r-400-cca-67r/11229824-P?navigationPath=L1*14920%7CL2*15000%7CL3*15597%7CL4*13646,,67R,400 A,500 A,201-500AMP,6.937,9.125,6.937,201-500sq.inch,Top Left,Top Right,65 min,Top Mount,12.0 VDC,24.48,20.1-40pound,,"Battery, Group Size 67R, 400 CCA",(1 reviews),3 YR REPLACEMENT IF DEFECTIVE,179.99,11229824,3 YR REPLACEMENT IF DEFECTIVE,https://shop.advanceautoparts.com/c4/battery/13646?term=batteries?,Battery,3,179.99,101-200$,539.97,0.001003472
DieHard Powersports,DieHard,https://shop.advanceautoparts.com/p/diehard-powersports-power-sport-battery-14a-a2/2090147-P?navigationPath=L1*14920%7CL2*15000%7CL3*15597%7CL4*13646,,,190 A,,,6.93,5.28,3.5,101-200sq.inch,,,,,12 v,9.4,5.1-10pound,,Power Sport Battery,(54 reviews),3 MO FREE REPLACEMENT,72.99,2090147,3 MO FREE REPLACEMENT,https://shop.advanceautoparts.com/c4/battery/13646?term=batteries?,Battery,5,72.99,51-100$,364.95,0.0006782180000000001
Optima,Optima,https://shop.advanceautoparts.com/p/optima-yellow-top-deep-cycle-battery-group-size-34-750-cca-d34/16080025-P?navigationPath=L1*14920%7CL2*15000%7CL3*15597%7CL4*13646,,34,750 A,870 A,>500AMP,7.875,10.06,6.875,501-1000sq.inch,Top Right,Top Left,120 min,Top Mount,12.0 VDC,42.9,>40pound,,"Yellow Top Deep Cycle Battery, Group Size 34, 750 CCA",(16 reviews),3 YR FREE REPLACEMENT,294.99,16080025,3 YR FREE REPLACEMENT,https://shop.advanceautoparts.com/c4/battery/13646?term=batteries?,Battery,4,294.99,201-400$,1179.96,0.00219282
DieHard Powersports,DieHard,https://shop.advanceautoparts.com/p/diehard-powersports-powersports-battery-group-size-b16-b-260-cca-t16/16940013-P?navigationPath=L1*14920%7CL2*15000%7CL3*15597%7CL4*13646,,,260 A,,,6.125,6.875,3.937,101-200sq.inch,Top Right,Top Left,,Top Mount,12.0 VDC,14.37,10.1-20pound,19.0 Ah,"Powersports Battery, Group Size B16-B, 260 CCA",(17 reviews),90 DAY REPLACEMENT IF DEFECTIVE,99.99,16940013,90 DAY REPLACEMENT IF DEFECTIVE,https://shop.advanceautoparts.com/c4/battery/13646?term=batteries?,Battery,2,99.99,51-100$,199.98,0.00037164
DieHard Platinum AGM,DieHard,https://shop.advanceautoparts.com/p/diehard-platinum-agm-battery-bci-group-size-401-180-cca-aux12-1/12268843-P?navigationPath=L1*14920%7CL2*15000%7CL3*15597%7CL4*13646,,401,180 A,,,5.69,6.25,3.75,101-200sq.inch,Top Right,Top Left,,Top Mount,12.0 VDC,8.71,5.1-10pound,,"Battery, BCI Group Size 401, 180 CCA",(0 reviews),1 YR FREE REPLACEMENT,109.99,12268843,1 YR FREE REPLACEMENT,https://shop.advanceautoparts.com/c4/battery/13646?term=batteries?,Battery,0,109.99,101-200$,0.0,0.0
DieHard Powersports,DieHard,https://shop.advanceautoparts.com/p/diehard-powersports-power-sports-agm-battery-12-volt-180-cca-battery-not-activated-requires-installer-to-add-included-acid-and-charge-before-use-12-bs/2090031-P?navigationPath=L1*14920%7CL2*15000%7CL3*15597%7CL4*13646,,,180 A,,,5.16,5.91,3.43,101-200sq.inch,,,,,12 v,7.7,5.1-10pound,,"Power Sport Battery, AGM",(29 reviews),3 MO FREE REPLACEMENT,86.99,2090031,3 MO FREE REPLACEMENT,https://shop.advanceautoparts.com/c4/battery/13646?term=batteries?,Battery,0,86.99,51-100$,0.0,0.0
DieHard Powersports,DieHard,https://shop.advanceautoparts.com/p/diehard-powersports-power-sports-agm-battery-12-volt-270-cca-battery-not-activated-requires-installer-to-add-included-acid-and-charge-before-use-20l-bs/2090430-P?navigationPath=L1*14920%7CL2*15000%7CL3*15597%7CL4*13646,,,270 A,,,6.1,6.89,3.43,101-200sq.inch,,,,,12 v,13.0,10.1-20pound,,"Power Sport Battery, AGM",(72 reviews),3 MO FREE REPLACEMENT,108.99,2090430,3 MO FREE REPLACEMENT,https://shop.advanceautoparts.com/c4/battery/13646?term=batteries?,Battery,3,108.99,101-200$,326.97,0.0006076359999999999
DieHard Powersports,DieHard,https://shop.advanceautoparts.com/p/diehard-powersports-powersports-battery-group-size-btz7s-130-cca-tz7s/10890044-P?navigationPath=L1*14920%7CL2*15000%7CL3*15597%7CL4*13646,,,130 A,,,4.125,4.437,2.75,51-100sq.inch,Top Left,Top Right,,Top Mount,12.0 VDC,4.81,2.1-5pound,6.0 Ah,"Powersports Battery, Group Size BTZ7S, 130 CCA",(1 reviews),3 MO FREE REPLACEMENT,105.99,10890044,3 MO FREE REPLACEMENT,https://shop.advanceautoparts.com/c4/battery/13646?term=batteries?,Battery,2,105.99,101-200$,211.98,0.00039394
DieHard HD Battery,DieHard,https://shop.advanceautoparts.com/p/diehard-hd-battery-heavy-duty-commercial-farm-battery-group-size-4d-1000-cca-4d30/2100118-P?navigationPath=L1*14920%7CL2*15000%7CL3*15597%7CL4*13646,,4D,1000 A,1250 A,>500AMP,9.812000000000001,20.75,8.75,>1000sq.inch,Top Left,Top Right,295 min,Top Mount,12.0 VDC,100.8,>40pound,,"Heavy Duty Commercial & Farm Battery, Group Size 4D, 1000 CCA",(5 reviews),12 MO FREE REPLACMENT,194.99,2100118,12 MO FREE REPLACMENT,https://shop.advanceautoparts.com/c4/battery/13646?term=batteries?,Battery,0,194.99,101-200$,0.0,0.0
DieHard Powersports,DieHard,https://shop.advanceautoparts.com/p/diehard-powersports-powersports-battery-group-size-bt12b-4-175-cca-bt12b-4/12018876-P?navigationPath=L1*14920%7CL2*15000%7CL3*15597%7CL4*13646,,,175 A,,,,,,,Top Right,Top Left,,Top Mount,12.0 VDC,,,10.0 Ah,"Powersports Battery, Group Size BT12B-4, 175 CCA",(0 reviews),90 DAY REPLACEMENT IF DEFECTIVE,115.99,12018876,90 DAY REPLACEMENT IF DEFECTIVE,https://shop.advanceautoparts.com/c4/battery/13646?term=batteries?,Battery,1,115.99,101-200$,115.99,0.00021555400000000002
DieHard Platinum AGM,DieHard,https://shop.advanceautoparts.com/p/diehard-platinum-agm-battery-group-size-s34b20r-340-cca-s34b20r/12023819-P?navigationPath=L1*14920%7CL2*15000%7CL3*15597%7CL4*13646,,,340 A,425 A,201-500AMP,8.75,7.625,5.0,201-500sq.inch,Top Right,Top Left,57 min,Top Mount,12.0 VDC,24.0,20.1-40pound,,"Battery, Group Size S34B20R, 340 CCA",(0 reviews),3 YR REPLACEMENT IF DEFECTIVE,209.99,12023819,3 YR REPLACEMENT IF DEFECTIVE,https://shop.advanceautoparts.com/c4/battery/13646?term=batteries?,Battery,0,209.99,201-400$,0.0,0.0
DieHard Gold,DieHard,https://shop.advanceautoparts.com/p/diehard-gold-battery-group-size-v4-520-cca-v4/10653330-P?navigationPath=L1*14920%7CL2*15000%7CL3*15597%7CL4*13646,,,,,,5.437,8.125,6.875,201-500sq.inch,Top Left,Top Right,,Top Mount,12.0 VDC,23.7,20.1-40pound,35.0 Ah,"Battery, Group Size V4, 520 CCA",(4 reviews),3 YR FREE REPLACEMENT,179.99,10653330,3 YR FREE REPLACEMENT,https://shop.advanceautoparts.com/c4/battery/13646?term=batteries?,Battery,3,179.99,101-200$,539.97,0.001003472
DieHard Powersports,DieHard,https://shop.advanceautoparts.com/p/diehard-powersports-powersports-battery-group-size-btx24hl-350-cca-tx24hl/16940006-P?navigationPath=L1*14920%7CL2*15000%7CL3*15597%7CL4*13646,,,350 A,,,6.375,8.06,3.437,101-200sq.inch,Top Left,Top Right,,Top Mount,12.0 VDC,16.01,10.1-20pound,21.0 Ah,"Powersports Battery, Group Size BTX24HL, 350 CCA",(33 reviews),90 DAY REPLACEMENT IF DEFECTIVE,115.99,16940006,90 DAY REPLACEMENT IF DEFECTIVE,https://shop.advanceautoparts.com/c4/battery/13646?term=batteries?,Battery,3,115.99,101-200$,347.97,0.000646662
Optima,Optima,https://shop.advanceautoparts.com/p/optima-blue-top-marine-battery-group-size-27m-800-cca-d27m/16940024-P?navigationPath=L1*14920%7CL2*15000%7CL3*15597%7CL4*13646,,,800 A,1000 A,>500AMP,8.75,12.187000000000001,6.812,501-1000sq.inch,Top Left,Top Right,140 min,Top Mount,12.0 VDC,53.8,>40pound,,"Blue Top Marine Battery, Group Size 27M, 800 CCA",(21 reviews),2 YR FREE REPLACEMENT,344.99,16940024,2 YR FREE REPLACEMENT,https://shop.advanceautoparts.com/c4/battery/13646?term=batteries?,Battery,1,344.99,201-400$,344.99,0.000641124
Optima,Optima,https://shop.advanceautoparts.com/p/optima-red-top-battery-group-size-34-800-cca-34-980/16080022-P?navigationPath=L1*14920%7CL2*15000%7CL3*15597%7CL4*13646,,34,800 A,1000 A,>500AMP,7.875,10.06,6.875,501-1000sq.inch,Top Right,Top Left,100 min,Top Mount,12.0 VDC,37.9,20.1-40pound,,"Red Top Battery, Group Size 34, 800 CCA",(39 reviews),3 YR FREE REPLACEMENT,254.99,16080022,3 YR FREE REPLACEMENT,https://shop.advanceautoparts.com/c4/battery/13646?term=batteries?,Battery,2,254.99,201-400$,509.98,0.000947739
DieHard Powersports,DieHard,https://shop.advanceautoparts.com/p/diehard-powersports-power-sport-battery-12a-a/2090155-P?navigationPath=L1*14920%7CL2*15000%7CL3*15597%7CL4*13646,,,165 A,,,6.3,5.28,3.15,101-200sq.inch,,,,,12 v,8.3,5.1-10pound,,Power Sport Battery,(29 reviews),3 MO FREE REPLACEMENT,54.99,2090155,3 MO FREE REPLACEMENT,https://shop.advanceautoparts.com/c4/battery/13646?term=batteries?,Battery,1,54.99,51-100$,54.99,0.00010219299999999999
Value Battery,Value Battery,https://shop.advanceautoparts.com/p/value-battery-battery-group-size-26-450-cca-26-v/11928950-P?navigationPath=L1*14920%7CL2*15000%7CL3*15597%7CL4*13646,,26,450 A,560 A,>500AMP,7.75,8.187000000000001,6.812,201-500sq.inch,Top Right,Top Left,85 min,Top Mount,12.0 VDC,27.45,20.1-40pound,,"Battery, Group Size 26, 450 CCA",(0 reviews),90 DAY REPLACEMENT IF DEFECTIVE,84.99,11928950,90 DAY REPLACEMENT IF DEFECTIVE,https://shop.advanceautoparts.com/c4/battery/13646?term=batteries?,Battery,0,84.99,51-100$,0.0,0.0
DieHard Silver,DieHard,https://shop.advanceautoparts.com/p/diehard-silver-battery-group-size-58r-590-cca-58r-2/2040069-P?navigationPath=L1*14920%7CL2*15000%7CL3*15597%7CL4*13646,,58R,590 A,719 A,>500AMP,6.937,10.06,7.187,501-1000sq.inch,Top Left,Top Right,90 min,Top Mount,12.0 VDC,31.0,20.1-40pound,,"Battery, Group Size 58R, 590 CCA",(20 reviews),2 YR FREE REPLACEMENT,159.99,2040069,2 YR FREE REPLACEMENT,https://shop.advanceautoparts.com/c4/battery/13646?term=batteries?,Battery,4,159.99,101-200$,639.96,0.001189292
Optima,Optima,https://shop.advanceautoparts.com/p/optima-yellow-top-deep-cycle-battery-group-size-31t-900-cca-d31t-1125/16080020-P?navigationPath=L1*14920%7CL2*15000%7CL3*15597%7CL4*13646,,31T,900 A,1125 A,>500AMP,9.375,12.812000000000001,6.562,501-1000sq.inch,Top Right,Top Left,155 min,Top Mount,12.0 VDC,59.8,>40pound,,"Yellow Top Deep Cycle Battery, Group Size 31T, 900 CCA",(4 reviews),2 YR FREE REPLACEMENT,364.99,16080020,2 YR FREE REPLACEMENT,https://shop.advanceautoparts.com/c4/battery/13646?term=batteries?,Battery,0,364.99,201-400$,0.0,0.0
Duracell,Duracell,https://shop.advanceautoparts.com/p/duracell-coppertop-aaa-alkaline-batteries-16-pack-durmn2400b16z/12257313-P?navigationPath=L1*14920%7CL2*15000%7CL3*15597%7CL4*13646,,,,,,,,,,,,,,,,,,CopperTop AAA Alkaline Batteries - 16 Pack,(0 reviews),30 DAY REPLACEMENT IF DEFECTIVE,15.79,12257313,30 DAY REPLACEMENT IF DEFECTIVE,https://shop.advanceautoparts.com/c4/battery/13646?term=batteries?,Battery,4,15.79,0-50$,63.16,0.00011737600000000001
Duracell,Duracell,https://shop.advanceautoparts.com/p/duracell-coppertop-aa-alkaline-batteries-16-pack-durmn1500b16z/12257416-P?navigationPath=L1*14920%7CL2*15000%7CL3*15597%7CL4*13646,,,,,,,,,,,,,,,,,,CopperTop AA Alkaline Batteries - 16 Pack,(0 reviews),30 DAY REPLACEMENT IF DEFECTIVE,15.79,12257416,30 DAY REPLACEMENT IF DEFECTIVE,https://shop.advanceautoparts.com/c4/battery/13646?term=batteries?,Battery,5,15.79,0-50$,78.95,0.000146719
Duracell,Duracell,https://shop.advanceautoparts.com/p/duracell-coppertop-aaa-alkaline-batteries-4-pack-durmn2400b4z/12257564-P?navigationPath=L1*14920%7CL2*15000%7CL3*15597%7CL4*13646,,,,,,,,,,,,,,,,,,CopperTop AAA Alkaline Batteries - 4 Pack,(0 reviews),30 DAY REPLACEMENT IF DEFECTIVE,6.79,12257564,30 DAY REPLACEMENT IF DEFECTIVE,https://shop.advanceautoparts.com/c4/battery/13646?term=batteries?,Battery,10,6.79,0-50$,67.9,0.000126184
Energizer,,https://shop.advanceautoparts.com/p/energizer-2450-lithium-coin-battery-2-pack-2450bp-2n/12219202-P?navigationPath=L1*14920%7CL2*15000%7CL3*15597%7CL4*13646,,,,,,,,,,,,,,,,,,"2450 Lithium Coin Battery, 2 Pack",(0 reviews),30 DAY REPLACEMENT IF DEFECTIVE,8.29,12219202,30 DAY REPLACEMENT IF DEFECTIVE,https://shop.advanceautoparts.com/c4/battery/13646?term=batteries?,Battery,5,8.29,0-50$,41.45,7.70301e-05
DieHard Powersports,DieHard,https://shop.advanceautoparts.com/p/diehard-powersports-power-sport-battery-12n9-4b-1/2090090-P?navigationPath=L1*14920%7CL2*15000%7CL3*15597%7CL4*13646,,,85 A,,,5.47,5.31,2.95,51-100sq.inch,,,,,12 v,6.6,5.1-10pound,,Power Sport Battery,(10 reviews),3 MO FREE REPLACEMENT,50.99,2090090,3 MO FREE REPLACEMENT,https://shop.advanceautoparts.com/c4/battery/13646?term=batteries?,Battery,1,50.99,51-100$,50.99,9.47591e-05
DieHard Powersports,DieHard,https://shop.advanceautoparts.com/p/diehard-powersports-power-sport-battery-16a-a/2090244-P?navigationPath=L1*14920%7CL2*15000%7CL3*15597%7CL4*13646,,,150 A,,,7.05,5.91,3.54,101-200sq.inch,,,,,12 v,11.2,10.1-20pound,,Power Sport Battery,(27 reviews),3 MO FREE REPLACEMENT,65.99,2090244,3 MO FREE REPLACEMENT,https://shop.advanceautoparts.com/c4/battery/13646?term=batteries?,Battery,1,65.99,51-100$,65.99,0.000122635
Optima,Optima,https://shop.advanceautoparts.com/p/optima-red-top-battery-group-size-78-800-cca-78/16940022-P?navigationPath=L1*14920%7CL2*15000%7CL3*15597%7CL4*13646,,78,800 A,1000 A,>500AMP,7.25,10.06,7.312,501-1000sq.inch,Side Right,Side Left,100 min,Side Mount,12.0 VDC,39.54,20.1-40pound,,"Red Top Battery, Group Size 78, 800 CCA",(33 reviews),3 YR FREE REPLACEMENT,274.99,16940022,3 YR FREE REPLACEMENT,https://shop.advanceautoparts.com/c4/battery/13646?term=batteries?,Battery,2,274.99,201-400$,549.98,0.001022075
DieHard Silver,DieHard,https://shop.advanceautoparts.com/p/diehard-silver-battery-group-size-41-650-cca-41-2/2040352-P?navigationPath=L1*14920%7CL2*15000%7CL3*15597%7CL4*13646,,41,650 A,813 A,>500AMP,6.937,11.562000000000001,6.937,501-1000sq.inch,Top Left,Top Right,110 min,Top Mount,12.0 VDC,34.51,20.1-40pound,,"Battery, Group Size 41, 650 CCA",(20 reviews),2 YR FREE REPLACEMENT,159.99,2040352,2 YR FREE REPLACEMENT,https://shop.advanceautoparts.com/c4/battery/13646?term=batteries?,Battery,2,159.99,101-200$,319.98,0.000594646
DieHard Powersports,DieHard,https://shop.advanceautoparts.com/p/diehard-powersports-power-sport-battery-16al-a2/2090252-P?navigationPath=L1*14920%7CL2*15000%7CL3*15597%7CL4*13646,,,175 A,,,6.42,8.03,2.76,101-200sq.inch,,,,,12 v,11.2,10.1-20pound,,Power Sport Battery,(8 reviews),3 MO FREE REPLACEMENT,71.99,2090252,3 MO FREE REPLACEMENT,https://shop.advanceautoparts.com/c4/battery/13646?term=batteries?,Battery,3,71.99,51-100$,215.97,0.000401355
DieHard HD Battery,DieHard,https://shop.advanceautoparts.com/p/diehard-hd-battery-heavy-duty-commercial-farm-battery-group-size-8d-1100-cca-8dx24/2100088-P?navigationPath=L1*14920%7CL2*15000%7CL3*15597%7CL4*13646,,8D,1100 A,1355 A,>500AMP,9.812000000000001,20.75,11.125,>1000sq.inch,Top Left,Top Right,325 min,Top Mount,12.0 VDC,123.74,>40pound,,"Heavy Duty Commercial & Farm Battery, Group Size 8D, 1100 CCA",(7 reviews),12 MO FREE REPLACMENT,225.99,2100088,12 MO FREE REPLACMENT,https://shop.advanceautoparts.com/c4/battery/13646?term=batteries?,Battery,3,225.99,201-400$,677.97,0.001259929
DieHard Powersports,DieHard,https://shop.advanceautoparts.com/p/diehard-powersports-power-sport-battery-30l-b/16940008-P?navigationPath=L1*14920%7CL2*15000%7CL3*15597%7CL4*13646,,,300 A,,,6.93,6.61,5.2,201-500sq.inch,,,,,12 v,18.7,10.1-20pound,,Power Sport Battery,(31 reviews),90 DAY REPLACEMENT IF DEFECTIVE,109.99,16940008,90 DAY REPLACEMENT IF DEFECTIVE,https://shop.advanceautoparts.com/c4/battery/13646?term=batteries?,Battery,2,109.99,101-200$,219.98,0.00040880800000000003
DieHard HD Battery,DieHard,https://shop.advanceautoparts.com/p/diehard-hd-battery-heavy-duty-commercial-farm-battery-group-size-1-700-cca-1-30/11968151-P?navigationPath=L1*14920%7CL2*15000%7CL3*15597%7CL4*13646,,1,700 A,875 A,>500AMP,9.375,9.125,7.125,501-1000sq.inch,Top Left,Top Right,150 min,Top Mount,6.0 VDC,31.01,20.1-40pound,,"Heavy Duty Commercial & Farm Battery, Group Size 1, 700 CCA",(0 reviews),1 YR FREE REPLACEMENT,101.99,11968151,1 YR FREE REPLACEMENT,https://shop.advanceautoparts.com/c4/battery/13646?term=batteries?,Battery,7,101.99,101-200$,713.93,0.001326757
Optima,Optima,https://shop.advanceautoparts.com/p/optima-red-top-battery-group-size-1-800-cca-6v/16940018-P?navigationPath=L1*14920%7CL2*15000%7CL3*15597%7CL4*13646,,1,800 A,1000 A,>500AMP,9.375,9.125,7.125,501-1000sq.inch,Top Left,Top Right,100 min,Top Mount,6.0 VDC,31.01,20.1-40pound,,"Red Top Battery, Group Size 1, 800 CCA",(4 reviews),3 YR FREE REPLACEMENT,224.99,16940018,3 YR FREE REPLACEMENT,https://shop.advanceautoparts.com/c4/battery/13646?term=batteries?,Battery,0,224.99,201-400$,0.0,0.0
DieHard Powersports,DieHard,https://shop.advanceautoparts.com/p/diehard-powersports-power-sport-battery-4l-b/2090198-P?navigationPath=L1*14920%7CL2*15000%7CL3*15597%7CL4*13646,,,50 A,,,3.62,4.72,2.76,1-50sq.inch,,,,,12 v,3.3,2.1-5pound,,Power Sport Battery,(1 reviews),90 DAY REPLACEMENT IF DEFECTIVE,32.99,2090198,90 DAY REPLACEMENT IF DEFECTIVE,https://shop.advanceautoparts.com/c4/battery/13646?term=batteries?,Battery,0,32.99,0-50$,0.0,0.0
DieHard Powersports,DieHard,https://shop.advanceautoparts.com/p/diehard-powersports-power-sport-battery-16-b/2090007-P?navigationPath=L1*14920%7CL2*15000%7CL3*15597%7CL4*13646,,,240 A,,,6.1,6.89,3.94,101-200sq.inch,,,,,12 v,11.9,10.1-20pound,,Power Sport Battery,(17 reviews),90 DAY REPLACEMENT IF DEFECTIVE,67.99,2090007,90 DAY REPLACEMENT IF DEFECTIVE,https://shop.advanceautoparts.com/c4/battery/13646?term=batteries?,Battery,0,67.99,51-100$,0.0,0.0
DieHard Powersports,DieHard,https://shop.advanceautoparts.com/p/diehard-powersports-power-sport-battery-16cl-b/2090201-P?navigationPath=L1*14920%7CL2*15000%7CL3*15597%7CL4*13646,,,240 A,,,6.89,6.89,3.94,101-200sq.inch,,,,,12 v,12.0,10.1-20pound,,Power Sport Battery,(31 reviews),90 DAY REPLACEMENT IF DEFECTIVE,83.99,2090201,90 DAY REPLACEMENT IF DEFECTIVE,https://shop.advanceautoparts.com/c4/battery/13646?term=batteries?,Battery,2,83.99,51-100$,167.98,0.000312172
DieHard HD Battery,DieHard,https://shop.advanceautoparts.com/p/diehard-hd-battery-heavy-duty-commercial-farm-battery-group-size-31a-1000-cca-31hdp30/11968148-P?navigationPath=L1*14920%7CL2*15000%7CL3*15597%7CL4*13646,,31A,1000 A,1190 A,>500AMP,9.437000000000001,13.0,6.812,501-1000sq.inch,Top Right,Top Left,185 min,Top Mount,12.0 VDC,63.0,>40pound,,"Heavy Duty Commercial & Farm Battery, Group Size 31A, 1000 CCA",(0 reviews),1 YR FREE REPLACEMENT,132.99,11968148,1 YR FREE REPLACEMENT,https://shop.advanceautoparts.com/c4/battery/13646?term=batteries?,Battery,1,132.99,101-200$,132.99,0.000247147
Optima,Optima,https://shop.advanceautoparts.com/p/optima-yellow-top-deep-cycle-battery-group-size-75-86-620-cca-d75-25/16940020-P?navigationPath=L1*14920%7CL2*15000%7CL3*15597%7CL4*13646,,,620 A,770 A,>500AMP,7.75,9.375,6.812,201-500sq.inch,,,100 min,Dual Terminal,12.0 VDC,37.8,20.1-40pound,,"Yellow Top Deep Cycle Battery, Group Size 75/86, 620 CCA",(26 reviews),3 YR FREE REPLACEMENT,284.99,16940020,3 YR FREE REPLACEMENT,https://shop.advanceautoparts.com/c4/battery/13646?term=batteries?,Battery,0,284.99,201-400$,0.0,0.0
DieHard Powersports,DieHard,https://shop.advanceautoparts.com/p/diehard-powersports-power-sport-battery-12n12a-4a-1/2090017-P?navigationPath=L1*14920%7CL2*15000%7CL3*15597%7CL4*13646,,,113 A,,,6.3,5.28,3.15,101-200sq.inch,,,,,12 v,7.7,5.1-10pound,,Power Sport Battery,(4 reviews),3 MO FREE REPLACEMENT,49.99,2090017,3 MO FREE REPLACEMENT,https://shop.advanceautoparts.com/c4/battery/13646?term=batteries?,Battery,2,49.99,0-50$,99.98,0.00018580099999999998
DieHard Powersports,DieHard,https://shop.advanceautoparts.com/p/diehard-powersports-power-sport-battery-9l-b/2090325-P?navigationPath=L1*14920%7CL2*15000%7CL3*15597%7CL4*13646,,,130 A,,,5.47,5.31,2.95,51-100sq.inch,,,,,12 v,6.8,5.1-10pound,,Power Sport Battery,(1 reviews),3 MO FREE REPLACEMENT,49.99,2090325,3 MO FREE REPLACEMENT,https://shop.advanceautoparts.com/c4/battery/13646?term=batteries?,Battery,0,49.99,0-50$,0.0,0.0
DieHard Powersports,DieHard,https://shop.advanceautoparts.com/p/diehard-powersports-power-sport-battery-14-a2/2090406-P?navigationPath=L1*14920%7CL2*15000%7CL3*15597%7CL4*13646,,,190 A,,,6.54,5.28,3.5,101-200sq.inch,,,,,12 v,9.2,5.1-10pound,,Power Sport Battery,(10 reviews),90 DAY REPLACEMENT IF DEFECTIVE,68.99,2090406,90 DAY REPLACEMENT IF DEFECTIVE,https://shop.advanceautoparts.com/c4/battery/13646?term=batteries?,Battery,1,68.99,51-100$,68.99,0.00012821
DieHard Gold,DieHard,https://shop.advanceautoparts.com/p/diehard-gold-battery-group-size-66-750-cca-66-2/99996787-P?navigationPath=L1*14920%7CL2*15000%7CL3*15597%7CL4*13646,,66,750 A,935 A,>500AMP,7.64,12.06,7.562,501-1000sq.inch,Top Right,Top Left,140 min,Top Mount,12.0 VDC,45.81,>40pound,,"Battery, Group Size 66, 750 CCA",(43 reviews),3 YR FREE REPLACEMENT,179.99,99996787,3 YR FREE REPLACEMENT,https://shop.advanceautoparts.com/c4/battery/13646?term=batteries?,Battery,0,179.99,101-200$,0.0,0.0
Duracell,Duracell,https://shop.advanceautoparts.com/p/duracell-coppertop-aaa-alkaline-batteries-8-pack-durmn24b8ptpz99/12257482-P?navigationPath=L1*14920%7CL2*15000%7CL3*15597%7CL4*13646,,,,,,,,,,,,,,,,,,CopperTop AAA Alkaline Batteries - 8 Pack,(0 reviews),30 DAY REPLACEMENT IF DEFECTIVE,9.99,12257482,30 DAY REPLACEMENT IF DEFECTIVE,https://shop.advanceautoparts.com/c4/battery/13646?term=batteries?,Battery,7,9.99,0-50$,69.93,0.00012995700000000002
DieHard Gold,DieHard,https://shop.advanceautoparts.com/p/diehard-gold-battery-group-size-t8-800-cca-t8/10450413-P?navigationPath=L1*14920%7CL2*15000%7CL3*15597%7CL4*13646,,,,,,6.937,13.937000000000001,6.937,501-1000sq.inch,Top Left,Top Right,,Top Mount,12.0 VDC,51.3,>40pound,90.0 Ah,"Battery, Group Size T8, 800 CCA",(2 reviews),3 YR FREE REPLACEMENT,179.99,10450413,3 YR FREE REPLACEMENT,https://shop.advanceautoparts.com/c4/battery/13646?term=batteries?,Battery,0,179.99,101-200$,0.0,0.0
DieHard Powersports,DieHard,https://shop.advanceautoparts.com/p/diehard-powersports-power-sport-battery-10l-a2/2090139-P?navigationPath=L1*14920%7CL2*15000%7CL3*15597%7CL4*13646,,,160 A,,,5.71,5.31,3.54,101-200sq.inch,,,,,12 v,7.2,5.1-10pound,,Power Sport Battery,(4 reviews),3 MO FREE REPLACEMENT,54.99,2090139,3 MO FREE REPLACEMENT,https://shop.advanceautoparts.com/c4/battery/13646?term=batteries?,Battery,4,54.99,51-100$,219.96,0.00040877
Duracell,Duracell,https://shop.advanceautoparts.com/p/duracell-coppertop-aa-alkaline-batteries-8-pack-durmn15b8ptpz99/12257418-P?navigationPath=L1*14920%7CL2*15000%7CL3*15597%7CL4*13646,,,,,,,,,,,,,,,,,,CopperTop AA Alkaline Batteries - 8 Pack,(0 reviews),30 DAY REPLACEMENT IF DEFECTIVE,9.99,12257418,30 DAY REPLACEMENT IF DEFECTIVE,https://shop.advanceautoparts.com/c4/battery/13646?term=batteries?,Battery,14,9.99,0-50$,139.86,0.00025991400000000003
Duracell,Duracell,https://shop.advanceautoparts.com/p/duracell-coppertop-aa-alkaline-batteries-4-pack-durmn1500b4z/12257484-P?navigationPath=L1*14920%7CL2*15000%7CL3*15597%7CL4*13646,,,,,,,,,,,,,,,,,,CopperTop AA Alkaline Batteries - 4 Pack,(0 reviews),30 DAY REPLACEMENT IF DEFECTIVE,6.29,12257484,30 DAY REPLACEMENT IF DEFECTIVE,https://shop.advanceautoparts.com/c4/battery/13646?term=batteries?,Battery,8,6.29,0-50$,50.32,9.351389999999999e-05
DieHard HD Battery,DieHard,https://shop.advanceautoparts.com/p/diehard-hd-battery-heavy-duty-commercial-farm-battery-group-size-8d-1400-cca-8dvt/12102972-P?navigationPath=L1*14920%7CL2*15000%7CL3*15597%7CL4*13646,,8D,1400 A,1750 A,>500AMP,,,,,Top Left,Top Right,450 min,Top Mount,12.0 VDC,,,,"Heavy Duty Commercial & Farm Battery, Group Size 8D, 1400 CCA",(0 reviews),1 YR REPLACEMENT IF DEFECTIVE,259.99,12102972,1 YR REPLACEMENT IF DEFECTIVE,https://shop.advanceautoparts.com/c4/battery/13646?term=batteries?,Battery,0,259.99,201-400$,0.0,0.0
Optima,Optima,https://shop.advanceautoparts.com/p/optima-yellow-top-deep-cycle-battery-group-size-51-450-cca-d51/16940000-P?navigationPath=L1*14920%7CL2*15000%7CL3*15597%7CL4*13646,,51,450 A,575 A,>500AMP,8.937000000000001,9.312000000000001,5.06,201-500sq.inch,Top Right,Top Left,66 min,Top Mount,12.0 VDC,26.0,20.1-40pound,,"Yellow Top Deep Cycle Battery, Group Size 51, 450 CCA",(22 reviews),3 YR FREE REPLACEMENT,264.99,16940000,3 YR FREE REPLACEMENT,https://shop.advanceautoparts.com/c4/battery/13646?term=batteries?,Battery,1,264.99,201-400$,264.99,0.000492453
DieHard HD Battery,DieHard,https://shop.advanceautoparts.com/p/diehard-hd-battery-agm-premium-battery-group-size-31t-825-cca-ng31cs/10227749-P?navigationPath=L1*14920%7CL2*15000%7CL3*15597%7CL4*13646,,31T,825 A,1000 A,>500AMP,9.437000000000001,13.0,6.812,501-1000sq.inch,Top Right,Top Left,200 min,Top Mount,12.0 VDC,70.6,>40pound,100.0 Ah,"AGM Premium Battery, Group Size 31T, 825 CCA",(1 reviews),12 MO FREE REPLACMENT,243.99,10227749,12 MO FREE REPLACMENT,https://shop.advanceautoparts.com/c4/battery/13646?term=batteries?,Battery,0,243.99,201-400$,0.0,0.0
AutoCraft,AutoCraft,https://shop.advanceautoparts.com/p/autocraft-power-sport-battery-12al-a/2090376-P?navigationPath=L1*14920%7CL2*15000%7CL3*15597%7CL4*13646,,,165 A,,,6.3,5.28,3.15,101-200sq.inch,,,,,12 v,8.3,5.1-10pound,,Power Sport Battery,(1 reviews),3 MO FREE REPLACEMENT,52.99,2090376,3 MO FREE REPLACEMENT,https://shop.advanceautoparts.com/c4/battery/13646?term=batteries?,Battery,0,52.99,51-100$,0.0,0.0
DieHard Powersports,DieHard,https://shop.advanceautoparts.com/p/diehard-powersports-power-sport-battery-12n14-3a/6590335-P?navigationPath=L1*14920%7CL2*15000%7CL3*15597%7CL4*13646,,,128 A,,,6.54,5.28,3.5,101-200sq.inch,,,,,12 v,9.0,5.1-10pound,,Power Sport Battery,(13 reviews),90 DAY REPLACEMENT IF DEFECTIVE,72.99,6590335,90 DAY REPLACEMENT IF DEFECTIVE,https://shop.advanceautoparts.com/c4/battery/13646?term=batteries?,Battery,0,72.99,51-100$,0.0,0.0
DieHard HD Battery,DieHard,https://shop.advanceautoparts.com/p/diehard-hd-battery-heavy-duty-commercial-farm-battery-group-size-31t-750-cca-31xs-30/11968230-P?navigationPath=L1*14920%7CL2*15000%7CL3*15597%7CL4*13646,,31T,750 A,935 A,>500AMP,9.5,13.0,6.75,501-1000sq.inch,Top Left,Top Right,180 min,Top Mount,12.0 VDC,57.11,>40pound,,"Heavy Duty Commercial & Farm Battery, Group Size 31T, 750 CCA",(0 reviews),1 YR FREE REPLACEMENT,125.99,11968230,1 YR FREE REPLACEMENT,https://shop.advanceautoparts.com/c4/battery/13646?term=batteries?,Battery,2,125.99,101-200$,251.98,0.000468276
DieHard Powersports,DieHard,https://shop.advanceautoparts.com/p/diehard-powersports-powersports-battery-group-size-bt14b-4-210-cca-bt14b-4/12018857-P?navigationPath=L1*14920%7CL2*15000%7CL3*15597%7CL4*13646,,,210 A,,,,,,,Top Right,Top Left,,Top Mount,12.0 VDC,,,12.0 Ah,"Powersports Battery, Group Size BT14B-4, 210 CCA",(0 reviews),90 DAY REPLACEMENT IF DEFECTIVE,120.99,12018857,90 DAY REPLACEMENT IF DEFECTIVE,https://shop.advanceautoparts.com/c4/battery/13646?term=batteries?,Battery,1,120.99,101-200$,120.99,0.00022484599999999998
DieHard HD Battery,DieHard,https://shop.advanceautoparts.com/p/diehard-hd-battery-heavy-duty-commercial-farm-battery-group-size-29nf-420-cca-29nf40/11968146-P?navigationPath=L1*14920%7CL2*15000%7CL3*15597%7CL4*13646,,29NF,420 A,525 A,>500AMP,9.0,12.875,5.5,501-1000sq.inch,Top Left,Top Right,77 min,Top Mount,12.0 VDC,38.1,20.1-40pound,,"Heavy Duty Commercial & Farm Battery, Group Size 29NF, 420 CCA",(0 reviews),1 YR FREE REPLACEMENT,139.99,11968146,1 YR FREE REPLACEMENT,https://shop.advanceautoparts.com/c4/battery/13646?term=batteries?,Battery,0,139.99,101-200$,0.0,0.0
Duracell,Duracell,https://shop.advanceautoparts.com/p/duracell-optimum-aa-batteries-4-pack-duropt1500b4/12257417-P?navigationPath=L1*14920%7CL2*15000%7CL3*15597%7CL4*13646,,,,,,,,,,,,,,,,,,Optimum AA Batteries - 4 Pack,(0 reviews),30 DAY REPLACEMENT IF DEFECTIVE,8.99,12257417,30 DAY REPLACEMENT IF DEFECTIVE,https://shop.advanceautoparts.com/c4/battery/13646?term=batteries?,Battery,14,8.99,0-50$,125.86,0.00023389599999999998
DieHard HD Battery,DieHard,https://shop.advanceautoparts.com/p/diehard-hd-battery-heavy-duty-commercial-farm-battery-group-size-4-1000-cca-4-30/11968232-P?navigationPath=L1*14920%7CL2*15000%7CL3*15597%7CL4*13646,,4,1000 A,1250 A,>500AMP,9.5,12.5,6.875,501-1000sq.inch,Top Left,Top Right,295 min,Top Mount,6.0 VDC,50.11,>40pound,,"Heavy Duty Commercial & Farm Battery, Group Size 4, 1000 CCA",(0 reviews),1 YR FREE REPLACEMENT,113.99,11968232,1 YR FREE REPLACEMENT,https://shop.advanceautoparts.com/c4/battery/13646?term=batteries?,Battery,0,113.99,101-200$,0.0,0.0
