product_name,product_url,skuid,brand,category,price,price_tier,mo_sales,mo_revenue,market_share,model,oem_part_number,item_weight,weight_tier,product_dimensions,product_size_tier,amperage,amperage_tier,voltage,country_of_origin,vehicle_service_type,Type
chargepoint home flex electric vehicle (ev) charger 16 to 50 amp 240v level 2 wifi enabled evse ul listed energy star nema 14-50 plug or hardwired indoor / outdoor 23-foot cable,https://www.amazon.com/ChargePoint-Home-Electric-Vehicle-Charger/dp/B07WXZDHGV/ref=sr_1_1?dchild=1&qid=1633496171&s=automotive&sr=1-1,B07WXZDHGV,chargepoint,EV chargers,1023,>400$,1223,1251129,15.916179360790217,Home Flex,NA,17.6,10.1-20pound,NA,NA,50 amp,21-50AMP,240,NA,NA,manual
pulsar plus level 2 electric vehicle smart charger - 40 amp nema ultra compact wifi bluetooth alexa and google home - 25 foot cable - ul certified - indoor/outdoor - by wallbox,https://www.amazon.com/Pulsar-Level-Electric-Vehicle-Charger/dp/B08H2LYFHX/ref=sr_1_7?dchild=1&qid=1633496171&s=automotive&sr=1-7,B08H2LYFHX,W Wallbox,EV chargers,599,>400$,626,374974,4.7702142941558785,NA,NA,18.61,10.1-20pound,4 x 7.8 x 7.9 inches,2011-500sq.inch,40 Amps,21-50AMP,240 Volts,NA,NA,manual
juicebox 32 electric vehicle (ev) charging station with wifi - 32 amp level 2 evse 25-foot cable ul and energy star certified indoor/outdoor use (nema 14-50 plug gray),https://www.amazon.com/JuiceBox-32-Next-Generation-Electric-Charging/dp/B07ZL4MK8T/ref=sr_1_11?dchild=1&qid=1633496171&s=automotive&sr=1-11,B07ZL4MK8T,JuiceBox,EV chargers,619,>400$,1218,753942,9.591238073478351,NA,NA,20.7,20.1-40pound,NA,NA,32 amp,21-50AMP,NA,NA,NA,manual
lectron 240v 32 amp level 2 ev charger with 21ft long j1772 cable & nema 14-50 plug,https://www.amazon.com/LECTRON-Electric-Vehicle-Charger-Extension/dp/B07HKLCXPJ/ref=sr_1_12?dchild=1&qid=1633496171&s=automotive&sr=1-12,B07HKLCXPJ,Lectron,EV chargers,299.99,201-400$,322,96597,1.228854241020912,NA,NA,10.94,10.1-20pound,NA,NA,32 amp,21-50AMP,240,NA,NA,manual
bougerv level 2 ev charger cable (240v 16a 25ft) portable evse electric vehicle charging station (nema6-20 with adapter for nema5-15) compatible with level 1,https://www.amazon.com/BougeRV-Portable-Electric-Charging-Compatible/dp/B08KNWPRWJ/ref=sr_1_13?dchild=1&qid=1633496171&s=automotive&sr=1-13,B08KNWPRWJ,BougeRV,EV chargers,199.99,101-200$,167,33398,0.42487110305305975,NA,NA,8.14,5.1-10pound,NA,NA,16,0-20AMP,240,NA,NA,manual
mustart level 2 portable ev charger (240 volt 25ft cable 40 amp) electric vehicle charger plug-in ev charging station with nema 14-50p (update version),https://www.amazon.com/MUSTART-Portable-Charger-Electric-Charging/dp/B07THBGGMG/ref=sr_1_14?dchild=1&qid=1633496171&s=automotive&sr=1-14,B07THBGGMG,MUSTART,EV chargers,358,201-400$,305,109190,1.3890555045919994,NA,NA,13.66,10.1-20pound,NA,NA,40 amp,21-50AMP,NA,NA,NA,manual
lectron 110v 16 amp level 1 ev charger with 21ft extension cord j1772 cable & nema 5-15 plug,https://www.amazon.com/Lectron-Level-Charger-Extension-UL-Certified/dp/B08HHBDQ88/ref=sr_1_15?dchild=1&qid=1633496171&s=automotive&sr=1-15,B08HHBDQ88,Lectron,EV chargers,199.99,101-200$,288,57597,0.7327175556185126,NA,NA,6.58,5.1-10pound,9.45 x 3.5 x 2.4 inches,51-100sq.inch,16 Amps,0-20AMP,110 Volts,China,Car,manual
grizzl-e level 2 ev charger 16/24/32/40 amp indoor/outdoor car charging station (nema 14-50 plug 24 feet premium cable),https://www.amazon.com/Grizzl-Level-EV-Charger-GR1-14-24-Premium/dp/B082LMVSLY/ref=sr_1_17?dchild=1&qid=1633496171&s=automotive&sr=1-17,B082LMVSLY,Grizzl-E,EV chargers,459,>400$,508,233172,2.966286748939699,NA,NA,19.84,10.1-20pound,NA,NA,40 amps,21-50AMP,NA,NA,NA,manual
lectron 240v 16a level 2 ev charger with 21ft extension cord j1772 cable & nema 6-20 plug,https://www.amazon.com/LECTRON-Level-Charger-Extension-J1772/dp/B079NTXNK7/ref=sr_1_19?dchild=1&qid=1633496171&s=automotive&sr=1-19,B079NTXNK7,Lectron,EV chargers,199.99,101-200$,229,45798,0.582617126104079,NA,NA,6.71,5.1-10pound,NA,NA,NA,NA,240,NA,NA,manual
book engine level 1+2 ev charger(120-240v16a25ft) portable evse home electric vehicle charging station universal,https://www.amazon.com/120-240V-Portable-Electric-Charging-Universal/dp/B07Y7HPKB6/ref=sr_1_20?dchild=1&qid=1633496171&s=automotive&sr=1-20,B07Y7HPKB6,Generic,EV chargers,199.99,101-200$,180,35998,0.45794688207988643,NA,NA,8.31,5.1-10pound,NA,NA,NA,NA,240,NA,NA,manual
bougerv level 2 ev charger (240v 32a 25ft) portable ev charging cable evse electric vehicle charger with nema 14-50p,https://www.amazon.com/BougeRV-Charger-Portable-Charging-Electric/dp/B07P9C963L/ref=sr_1_22?dchild=1&qid=1633496171&s=automotive&sr=1-22,B07P9C963L,BougeRV,EV chargers,299.99,201-400$,143,42899,0.5457376324891673,NA,NA,11.4,10.1-20pound,NA,NA,NA,NA,240,NA,NA,manual
emporia smart electric vehicle (ev) charger | up to 48 amp | level 2 wifi enabled evse | nema 14-50 or hardwired | indoor/outdoor charging station | 24-ft cable,https://www.amazon.com/Emporia-Electric-Vehicle-Hardwired-Charging/dp/B09BG18LVS/ref=sr_1_25?dchild=1&qid=1633496195&s=automotive&sr=1-25,B09BG18LVS,EMPORIA ENERGY,EV chargers,499,>400$,153,76347,0.9712448082158199,NA,NA,26,20.1-40pound,NA,NA,48 amp,21-50AMP,NA,NA,NA,manual
lectron level 2 ev charger (240v16 amp) with 21ft extension cord j1772 cable & nema 10-30 plug,https://www.amazon.com/LECTRON-Level-Charger-Extension-J1772/dp/B079NTNJ5C/ref=sr_1_26?dchild=1&qid=1633496195&s=automotive&sr=1-26,B079NTNJ5C,Lectron,EV chargers,199.99,101-200$,176,35198,0.4477697193024013,NA,NA,6.93,5.1-10pound,NA,NA,16 amp,0-20AMP,240,NA,NA,manual
lectron 240v 40 amp level 2 ev charger with 18ft extension cord j1772 cable & nema 14-50 plug,https://www.amazon.com/Lectron-Level-Charger-Extension-J1772/dp/B07YXT3HDR/ref=sr_1_29?dchild=1&qid=1633496195&s=automotive&sr=1-29,B07YXT3HDR,Lectron,EV chargers,327.99,201-400$,110,36079,0.4589773198111068,NA,NA,9.85,5.1-10pound,NA,NA,40 amp,21-50AMP,NA,NA,NA,manual
morec ev charger 16a 3.68kw nema6-20 plug with adapter for nema 5-15 100v-240v 21ft (6.5m) level 1 level 2 electric vehicle charging cable compatible with all ev cars,https://www.amazon.com/Morec-Portable-220V-240V-Electric-Compatible/dp/B07HH4LJD2/ref=sr_1_32?dchild=1&qid=1633496195&s=automotive&sr=1-32,B07HH4LJD2,Morec,EV chargers,184,101-200$,107,19688,0.2504599759539086,NA,NA,6.29,5.1-10pound,NA,NA,16 Amps,0-20AMP,220 Volts,NA,NA,manual
megear level 1-2 ev charger(100-240v16a) portable evse home electric vehicle charging station(nema6-20 with adapter for nema5-15),https://www.amazon.com/MEGEAR-100-240V-Portable-Electric-Charging/dp/B097DX8BZF/ref=sr_1_36?dchild=1&qid=1633496195&s=automotive&sr=1-36,B097DX8BZF,MEGEAR,EV chargers,199,101-200$,390,77610,0.9873120039507746,NA,NA,8.2,5.1-10pound,NA,NA,NA,NA,NA,NA,NA,manual
shell electric vehicle charger level 2 40 amp fast charging ev charger 240v ev home charge station with 30ft cable electric car charging adapter with nema 14-50r plug compatible with sae j1772 evs,https://www.amazon.com/SHELL-Electric-Vehicle-Charging-Compatible/dp/B08ZHMLP8B/ref=sr_1_38?dchild=1&qid=1633496195&s=automotive&sr=1-38,B08ZHMLP8B,SHELL,EV chargers,499.99,>400$,82,40999,0.5215668708926402,NA,NA,21,20.1-40pound,NA,NA,40 amp,21-50AMP,NA,NA,NA,manual
splitvolt 24a nema 10-30 ev charger portable level 2 240v 16.4 ft cord fastest nec-safe 30 amp circuit charging evse compatible with evs via j1772 plug including tesla ford chevy audi nissan,https://www.amazon.com/Splitvolt-Portable-Compatible-Electric-Including/dp/B08GP81NY1/ref=sr_1_39?dchild=1&qid=1633496195&s=automotive&sr=1-39,B08GP81NY1,Splitvolt,EV chargers,279.99,201-400$,167,46758,0.5948297214370611,NA,NA,7.7,5.1-10pound,NA,NA,24 Amps,21-50AMP,240 Volts,China,NA,manual
evocharge evse level 2 electric vehicle charging station with 18 ft cable 240v 32a ul listed ev charger nema 6-50 plug indoor/outdoor rated charge up to 8x faster than level 1,https://www.amazon.com/EVoCharge-EVoInnovate-Electric-Charging-Adjustable/dp/B07BKMX3NL/ref=sr_1_40?dchild=1&qid=1633496195&s=automotive&sr=1-40,B07BKMX3NL,EVoCharge,EV chargers,584,>400$,107,62488,0.7949381845493622,EvoCharge EVSE,NA,13.55,10.1-20pound,11 x 7.5 x 3.2 inches,2011-500sq.inch,32 Amps,21-50AMP,240 Volts,NA,NA,manual
morec 40amp ev charger level 2 nema14-50 220v-240v portable ev charging cable faster ev charging station electric vehicle charger compatible with all ev cars 26ft,https://www.amazon.com/Morec-Portable-Electric-220V-240V-Compatible/dp/B07G93GXGW/ref=sr_1_41?dchild=1&qid=1633496195&s=automotive&sr=1-41,B07G93GXGW,Morec,EV chargers,349.99,201-400$,52,18199,0.23151773173431447,NA,NA,8.8,5.1-10pound,NA,NA,40 amp,21-50AMP,NA,NA,NA,manual
grizzl-e level 2 smart ev charger 16/24/32/40 amp nema 6-50/14-50 plug 24 feet premium indoor/outdoor car charging station (14-50 plug),https://www.amazon.com/Grizzl-Charger-Premium-Outdoor-Charging/dp/B08ZJSKP87/ref=sr_1_43?dchild=1&qid=1633496195&s=automotive&sr=1-43,B08ZJSKP87,Grizzl-E,EV chargers,539,>400$,81,43659,0.5554059371277782,NA,NA,20.1,20.1-40pound,NA,NA,40 amp,21-50AMP,NA,NA,NA,manual
mustart level 2 portable ev charger (240 volt 25ft cable 40 amp) electric vehicle charger plug-in ev charging station with nema 14-50p update version,https://www.amazon.com/MUSTART-Extension-Electric-Charging-Stations/dp/B07H58ZD7S/ref=sr_1_44?dchild=1&qid=1633496195&s=automotive&sr=1-44,B07H58ZD7S,MUSTART,EV chargers,359,201-400$,169,60671,0.7718233035909992,NA,NA,13.77,10.1-20pound,NA,NA,40 amp,21-50AMP,NA,NA,NA,manual
morec 16a ev charger level 1-2 nema6-20p with adapterfor nema 5-15 100v-240v portable evse sae j1772 plug 8m (26 feet) home electric vehicle charging station compatible with all ev cars,https://www.amazon.com/Morec-NEMA6-20P-Adapterfor-100V-240V-Compatible/dp/B07Q5RD5TL/ref=sr_1_46?dchild=1&qid=1633496195&s=automotive&sr=1-46,B07Q5RD5TL,Morec,EV chargers,214,201-400$,53,11342,0.1442867252777952,NA,NA,6.14,5.1-10pound,NA,NA,NA,NA,NA,NA,NA,manual
level 2 ev charger by ev gear | 30 ft portable plug-in charger 110v - 240v | includes level 1 adapter | works with all electric & hybrid cars such as chevy volt/bolt nissan leaf prius prime tesla,https://www.amazon.com/Level-EV-Charger-Gear-Portable/dp/B074VP6Y2D/ref=sr_1_50?dchild=1&qid=1633496223&s=automotive&sr=1-50,B074VP6Y2D,EV Gear,EV chargers,299.99,201-400$,50,15000,0.19082180207784588,NA,NA,6.9,5.1-10pound,12.2 x 12 x 5.8 inches,501-1000sq.inch,NA,NA,NA,China,NA,manual
mustart level 2 portable ev charger (240 volt 25ft cable 32 amp) electric vehicle charger plug-in ev charging station with nema 14-50p (upgrade version),https://www.amazon.com/MUSTART-Portable-Charger-Electric-Charging/dp/B083DYWT36/ref=sr_1_57?dchild=1&qid=1633496223&s=automotive&sr=1-57,B083DYWT36,MUSTART,EV chargers,329,201-400$,71,23359,0.29716043164909345,NA,NA,11.59,10.1-20pound,NA,NA,32 amp,21-50AMP,NA,NA,NA,manual
megear 2021 gen2 updated version level 1 ev charger (110v 16a 25ft) portable evse home electric vehicle charging station (nema5-15 plug),https://www.amazon.com/Megear-Portable-Electric-Charging-NEMA5-15/dp/B08RXZX8NB/ref=sr_1_59?dchild=1&qid=1633496223&s=automotive&sr=1-59,B08RXZX8NB,MEGEAR,EV chargers,205,201-400$,124,25420,0.3233793472545895,NA,NA,8,5.1-10pound,NA,NA,NA,NA,NA,NA,NA,manual
electrify america - homestation level 2 wifi enabled electric vehicle (ev) home charger up to 40 amps 240v ul and energy star certified indoor/outdoor use with 24 ft. cable,https://www.amazon.com/Electrify-America-HomeStation-Electric-Certified/dp/B0948844XD/ref=sr_1_60?dchild=1&qid=1633496223&s=automotive&sr=1-60,B0948844XD,Electrify America,EV chargers,649,>400$,34,22066,0.28071159230998316,NA,NA,NA,NA,NA,NA,40 amp,21-50AMP,NA,NA,NA,manual
mustart 40 amp level 2 portable ev charger charging cable station electric vehicle charger plug-in ev charging station with all j1772 ev cars (240 volt 25ft cable nema 14-50),https://www.amazon.com/MUSTART-Portable-Charger-Charging-Electric/dp/B08L76J1WB/ref=sr_1_61?dchild=1&qid=1633496223&s=automotive&sr=1-61,B08L76J1WB,MUSTART,EV chargers,349,201-400$,41,14309,0.18203127772879313,NA,NA,13.22,10.1-20pound,NA,NA,40 amp,21-50AMP,NA,NA,NA,manual
max green upgraded version level 2 ev charger(240v 16a 25ft) portable evse home electric vehicle charging station(nema 14-50 plug),https://www.amazon.com/MAX-GREEN-Upgraded-Portable-Electric/dp/B08TH4Y154/ref=sr_1_62?dchild=1&qid=1633496223&s=automotive&sr=1-62,B08TH4Y154,MAX GREEN,EV chargers,199,101-200$,66,13134,0.16708356989936185,NA,NA,8.62,5.1-10pound,NA,NA,NA,NA,NA,NA,NA,manual
lectron 240v 40 amp level 2 electric vehicle (ev) charging station with 20ft/6m j1772 cable & nema 14-50 plug - evse 9.6kw compatible with all sae j1772 electric vehicles,https://www.amazon.com/Lectron-Electric-Vehicle-Charging-Station/dp/B08RJ7WYPD/ref=sr_1_63?dchild=1&qid=1633496223&s=automotive&sr=1-63,B08RJ7WYPD,Lectron,EV chargers,429.99,>400$,34,14620,0.18598764975854046,NA,NA,13.82,10.1-20pound,NA,NA,40 amp,21-50AMP,NA,NA,NA,manual
morec 15a ev charger level 1-2 nema5-15p ev charging cable 100v-120v portable evse sae j1772 plug home electric vehicle charging station compatible with all ev cars 7.5m (24 feet),https://www.amazon.com/Morec-NEMA5-15P-Charging-100V-120V-Compatible/dp/B089GNZ4R5/ref=sr_1_67?dchild=1&qid=1633496223&s=automotive&sr=1-67,B089GNZ4R5,Morec,EV chargers,171,101-200$,23,3933,0.05003347650481119,NA,NA,6.64,5.1-10pound,NA,NA,NA,NA,NA,NA,NA,manual
lefanev 32 amp ev charger level 2(nema 14-50 32a/25ft220v-240v7.68kw) portable evse electric vehicle charging station for sae j1772 electric cars,https://www.amazon.com/Charger-220V-240V-Portable-Electric-Charging/dp/B07VLFV715/ref=sr_1_68?dchild=1&qid=1633496223&s=automotive&sr=1-68,B07VLFV715,LEFANEV,EV chargers,329,201-400$,21,6909,0.0878925220370558,BS-PCD041,NA,10.43,10.1-20pound,NA,NA,32 Amps,21-50AMP,240 Volts,China,NA,manual
mustart level 2 portable ev charger (240 volt 25ft cable 40 amp) electric vehicle charger plug-in ev charging station with nema 6-50p (update version),https://www.amazon.com/MUSTART-Portable-Charger-Electric-Charging/dp/B07Q2S86F5/ref=sr_1_69?dchild=1&qid=1633496223&s=automotive&sr=1-69,B07Q2S86F5,MUSTART,EV chargers,359,201-400$,97,34823,0.4429991742504551,NA,NA,8.16,5.1-10pound,NA,NA,40 amp,21-50AMP,NA,NA,NA,manual
orion motor tech level 1 ev charger (110v 16a 30ft) portable evse home electric vehicle charging station compatible with chevy volt nissan leaf fiat ford fusion (sae j1772-evse ul recognized),https://www.amazon.com/Orion-Motor-Tech-Compatible-J1772-EVSE/dp/B08YYTJJ3P/ref=sr_1_75?dchild=1&qid=1633496259&s=automotive&sr=1-75,B08YYTJJ3P,Orion Motor Tech,EV chargers,189.99,101-200$,25,4750,0.06042690399131786,NA,NA,8.4,5.1-10pound,NA,NA,NA,NA,NA,NA,NA,manual
lefanev 40a ev charger level 2 station wall electric vehicle (ev) charging station (nema14-5020ft220v -240v sae j1772) for all electric vehicles,https://www.amazon.com/LEFANEV-Electric-Charging-NEMA14-50-Vehicles/dp/B08CXZ9MX3/ref=sr_1_76?dchild=1&qid=1633496259&s=automotive&sr=1-76,B08CXZ9MX3,LEFANEV,EV chargers,529,>400$,44,23276,0.2961045510109294,NA,NA,13.97,10.1-20pound,NA,NA,NA,NA,NA,NA,NA,manual
lectron 240v 32 amp level 2 electric vehicle (ev) charging station with 20ft/6m j1772 cable & nema 14-50 plug - evse 7.68kw compatible with all sae j1772 electric vehicles,https://www.amazon.com/Lectron-Electric-Vehicle-Charging-Station/dp/B08RHGLR2D/ref=sr_1_77?dchild=1&qid=1633496259&s=automotive&sr=1-77,B08RHGLR2D,Lectron,EV chargers,389.99,201-400$,55,21449,0.27286245551784777,NA,NA,14.17,10.1-20pound,NA,NA,32 amp,21-50AMP,NA,NA,NA,manual
grizzl-e level 2 smart ev charger 16/24/32/40 amp nema 14-50 plug 24 feet premium indoor/outdoor car charging station (avalanche edition),https://www.amazon.com/Grizzl-Charger-Premium-Charging-Avalanche/dp/B09GG9M4VW/ref=sr_1_78?dchild=1&qid=1633496259&s=automotive&sr=1-78,B09GG9M4VW,Grizzl-E,EV chargers,539,>400$,30,16170,0.20570590263991784,NA,NA,19.93,10.1-20pound,NA,NA,40 amp,21-50AMP,NA,NA,NA,manual
elecvlife level 2 ev charger nema 6-20 electric vehicle 16a 3.68kw j1772 extension cable 25ft electric cars charging station100-240vnema 5-15 to nema 6-20 adapter,https://www.amazon.com/Charger-Electric-Vehicle-Charging-100-240V/dp/B08Q3YBFJP/ref=sr_1_79?dchild=1&qid=1633496259&s=automotive&sr=1-79,B08Q3YBFJP,Elecvlife,EV chargers,184,101-200$,30,5520,0.07022242316464729,NA,NA,6.39,5.1-10pound,NA,NA,NA,NA,NA,China,NA,manual
lefanev ev charger level 2 cable (2.2/3.6kw10/16a100-250v nema 6-20 25ft) portable home electric vehicle charging station with nema 5-15 to nema 6-20 adapter,https://www.amazon.com/LEFANEV-100-250V-Portable-Electric-Charging/dp/B08CX6YFPB/ref=sr_1_80?dchild=1&qid=1633496259&s=automotive&sr=1-80,B08CX6YFPB,LEFANEV,EV chargers,171,101-200$,30,5130,0.06526105631062329,NA,NA,5.29,5.1-10pound,NA,NA,NA,NA,NA,NA,NA,manual
lefanev 32a ev charger level 2 station wall electric vehicle (ev) charging station (nema14-5020ft220v -240v sae j1772) for all electric vehicles,https://www.amazon.com/LEFANEV-Charging-Station-Electric-Vehicles/dp/B07VVGX4MF/ref=sr_1_83?dchild=1&qid=1633496259&s=automotive&sr=1-83,B07VVGX4MF,LEFANEV,EV chargers,449,>400$,59,26491,0.3370040239229477,NA,NA,6.6,5.1-10pound,9.84 x 10.24 x 16.14 inches,>1000sq.inch,NA,NA,NA,China,NA,manual
potato ev charger level 2 electric vehicle charging station nema6-20 plug with adapter level 1 nema5-15(100-240v 3.84kw) compatible with all ev cars,https://www.amazon.com/POTATO-Electric-Charging-NEMA6-20-Compatible/dp/B07MHK9YF9/ref=sr_1_88?dchild=1&qid=1633496259&s=automotive&sr=1-88,B07MHK9YF9,POTATO,EV chargers,199,101-200$,35,6965,0.08860492343147977,NA,NA,7.81,5.1-10pound,NA,NA,NA,NA,NA,NA,NA,manual
potato ev charger level 1 electric vehicle charging station nema5-15 plug(100-120v 1.92kw 25ft cord)compatible with all j1772 standard ev,https://www.amazon.com/POTATO-Charger-Electric-Portable-Adapters/dp/B07DWVNLCZ/ref=sr_1_90?dchild=1&qid=1633496259&s=automotive&sr=1-90,B07DWVNLCZ,POTATO,EV chargers,195,101-200$,61,11895,0.1513216890477318,NA,NA,7.63,5.1-10pound,NA,NA,NA,NA,NA,NA,NA,manual
megear level 1 ev charger(100-120v25ft6/8/10/12/16 amp adjustable) portable evse home electric vehicle charging station with timer and lcd screen (nema5-15 plug),https://www.amazon.com/Megear-100-120V-Adjustable-Portable-Electric/dp/B08LMX4TJR/ref=sr_1_97?dchild=1&qid=1633496356&s=automotive&sr=1-97,B08LMX4TJR,MEGEAR,EV chargers,219,201-400$,54,11826,0.1504439087581737,NA,NA,8.58,5.1-10pound,NA,NA,16 amp,0-20AMP,NA,NA,NA,manual
dasanrao ev charger car cover rain sun uv protectionwaterproof charging car cover for tesla model ymodel 3 outdoor car charging accessories compatible with most electric cars,https://www.amazon.com/DASANRAO-Protection-Waterproof-Accessories-Compatible/dp/B093RJ58TH/ref=sr_1_99?dchild=1&qid=1633496356&s=automotive&sr=1-99,B093RJ58TH,DASANRAO,EV chargers,24.89,0-50$,36,896,0.011398422310783328,NA,NA,0.55,0-1pound,NA,NA,NA,NA,NA,NA,NA,manual
fit 2019-2021 chevrolet silverado gmc sierra wireless charger 15w super fast phone wireless charging tray pad for chevy silverado gmc sierra 1500 2500/3500hd accessories,https://www.amazon.com/2019-2021-Chevrolet-Silverado-Wireless-Accessories/dp/B09B3F9X7Z/ref=sr_1_100?dchild=1&qid=1633496356&s=automotive&sr=1-100,B09B3F9X7Z,xipex,EV chargers,189.99,101-200$,23,4370,0.055592751672012435,NA,NA,1.5,1.1-2pound,144 x 104.4 x 33.6 inches,>1000sq.inch,NA,NA,NA,NA,NA,manual
carqiwireless wireless charger for ford explorer 2020-2021 u625 accessories phone wireless charging pad mat fit for ford explorer base/xlt/limited/st/platinum/explorer limited hybrid,https://www.amazon.com/CarQiWireless-Wireless-Explorer-2020-2021-Accessories/dp/B08Q7B4DLJ/ref=sr_1_101?dchild=1&qid=1633496356&s=automotive&sr=1-101,B08Q7B4DLJ,CarQiWireless,EV chargers,59.98,51-100$,25,1500,0.01908218020778459,NA,NA,0.55,0-1pound,9.65 x 5.83 x 1.18 inches,51-100sq.inch,NA,NA,NA,NA,NA,manual
book engine level 2 ev charger(240v16a25ft) portable evse home electric vehicle charging station universal,https://www.amazon.com/Charger-Portable-Electric-Charging-Universal/dp/B096GBJW14/ref=sr_1_112?dchild=1&qid=1633496356&s=automotive&sr=1-112,B096GBJW14,Generic,EV chargers,139.99,101-200$,27,3780,0.04808709412361716,NA,NA,5.64,5.1-10pound,NA,NA,NA,NA,NA,NA,NA,manual
morec 32 amp ev charger level 2 nema14-50 26ft 220v-240v upgraded portable ev charging cable station electric vehicle charger compatible with all ev cars.,https://www.amazon.com/Morec-NEMA14-50-220V-240V-Upgraded-Compatible/dp/B07FNZBR5W/ref=sr_1_113?dchild=1&qid=1633496356&s=automotive&sr=1-113,B07FNZBR5W,Morec,EV chargers,329.99,201-400$,51,16829,0.21408934047787123,NA,NA,10.38,10.1-20pound,NA,NA,32 amp,21-50AMP,240 Volts,NA,NA,manual
doothun ev charger level 1/2 16 amp universal electric vehicle home charging station with level 1 adapter and lcd screen (j1772 nema 6-20 for 5-15 25ft 90-250v),https://www.amazon.com/DOOTHUN-Charger-Universal-Electric-Charging/dp/B097R74R9X/ref=sr_1_115?dchild=1&qid=1633496356&s=automotive&sr=1-115,B097R74R9X,DOOTHUN,EV chargers,169.99,101-200$,30,5100,0.0648794127064676,NA,NA,8.93,5.1-10pound,NA,NA,16 amp,0-20AMP,NA,NA,NA,manual
ev gear level 2 electric vehicle wall charger station 40 amp/240v 25ft cable nema 14-50 wall plug replacement of/compatible with electric vehicles using sae j1772 plug,https://www.amazon.com/EV-Gear-Charging-Electric-Compatible/dp/B07YF41Q6X/ref=sr_1_128?dchild=1&qid=1633496427&s=automotive&sr=1-128,B07YF41Q6X,EV Gear,EV chargers,599.99,>400$,24,14400,0.18318892999473205,NA,NA,16.42,10.1-20pound,NA,NA,40 Amps,21-50AMP,240 Volts,NA,NA,manual
lefanev 40 amp ev charger level 2(nema 14-50 40a/25ft220v-240v9.6kw) portable evse electric vehicle charging station for sae j1772 electric cars,https://www.amazon.com/LEFANEV-220V-240V-Portable-Electric-Charging/dp/B08B7WQHPZ/ref=sr_1_129?dchild=1&qid=1633496427&s=automotive&sr=1-129,B08B7WQHPZ,LEFANEV,EV chargers,315.72,201-400$,34,10734,0.1365520815669065,NA,NA,11.03,10.1-20pound,314.96 x 1.97 x 1.97 inches,>1000sq.inch,40 Amps,21-50AMP,240 Volts,NA,SAE J1772 Charging protocol standard,manual
morec ev charger level 2 32 amp upgraded portable electric vehicle charger nema 6-50 220v-240v 26ft (7.9m) ev charging cable sae j1772 compatible with most electric cars,https://www.amazon.com/Morec-Upgraded-Portable-220V-240V-Compatible/dp/B07W5XSN1S/ref=sr_1_142?dchild=1&qid=1633496427&s=automotive&sr=1-142,B07W5XSN1S,Morec,EV chargers,329.99,201-400$,25,8250,0.10495199114281524,NA,NA,10.23,10.1-20pound,NA,NA,32 Amps,21-50AMP,240 Volts,NA,NA,manual
couplago duosida new j1772 plug 50 amp level 2 208v - 240v sae type 1 usa standard,https://www.amazon.com/Duosida-J1772-Plug-Level-208V/dp/B01LK7J1GK/ref=sr_1_155?dchild=1&qid=1633496484&s=automotive&sr=1-155,B01LK7J1GK,Couplago,EV chargers,109.95,101-200$,30,3299,0.04196807500365424,NA,NA,0.85,0-1pound,NA,NA,50 amp,21-50AMP,NA,NA,NA,manual
primecom level 2 ev charger 220/240v 16a 30ft & 50ft portable evse electric vehicle charging cable compatible with bolt volt leaf bmw i3 fiat 500e clarity niro prius (50 feet 10-30p),https://www.amazon.com/PRIMECOM-Portable-Electric-Charging-Compatible/dp/B07NCTRLWY/ref=sr_1_160?dchild=1&qid=1633496484&s=automotive&sr=1-160,B07NCTRLWY,PRIMECOM,EV chargers,379,201-400$,38,14402,0.18321437290167575,NA,NA,11.82,10.1-20pound,12 x 12 x 4 inches,501-1000sq.inch,NA,NA,240 Volts,NA,NA,manual
zencar ev charger level 2 32 amp portable evse home electric vehicle charging station with ev charger plug holder and cable holder timing delay (sae j1722 230v 10a-32a nema 14-50),https://www.amazon.com/Charger-Electric-Vehicle-Charging-Station/dp/B08FM825WX/ref=sr_1_167?dchild=1&qid=1633496484&s=automotive&sr=1-167,B08FM825WX,EVCARS,EV chargers,309.99,201-400$,27,8370,0.106478565559438,NA,NA,12.27,10.1-20pound,NA,NA,32 amp,21-50AMP,NA,NA,NA,manual
morec ev charger 32 amp nema14-50 sae j1772 ev charging cable level 2 portable electric vehicle charger 220v-240v 26ft (7.9m) compatible with most electric vehicle cars,https://www.amazon.com/Morec-NEMA14-50-Charging-220V-240V-Compatible/dp/B08G85C78Q/ref=sr_1_181?dchild=1&qid=1633496542&s=automotive&sr=1-181,B08G85C78Q,Morec,EV chargers,170,101-200$,30,5100,0.0648794127064676,NA,NA,8.8,5.1-10pound,NA,NA,32 Amps,21-50AMP,240 Volts,NA,NA,manual
flo home g5 - level 2 electric vehicle (ev) charging station - 240 volt 30 amp - safety certified - 25 ft cable - indoor or outdoor - 5-yrs warranty - energy star certified,https://www.amazon.com/FLO-Home-G5-Electric-Certified/dp/B01MSJI6T4/ref=sr_1_188?dchild=1&qid=1633496542&s=automotive&sr=1-188,B01MSJI6T4,FLO,EV chargers,795,>400$,30,23850,0.30340666530377497,NA,FH-1-STA-G5-HY5G-FL1,24.6,20.1-40pound,6.9 x 7.6 x 17 inches,501-1000sq.inch,30 Amps,21-50AMP,240 Volts,Canada,All of the above,manual
primecom level 2 electric vehicle (ev) charger (220v / 240volt 16amp) portable evse smart electric car charger 30' 40' and 50 feet lengths (nema 14-30p 50 feet),https://www.amazon.com/PRIMECOM-Level-2-Electric-Vehicle-Charger/dp/B07B8W1FYL/ref=sr_1_198?dchild=1&qid=1633496594&s=automotive&sr=1-198,B07B8W1FYL,PRIMECOM,EV chargers,NA,NA,30,0,0,NA,NA,6,5.1-10pound,10 x 5 x 2 inches,51-100sq.inch,16 Amps,0-20AMP,220 Volts,NA,"Works with all brand EVs & PHEVs : Plug-in Hybrid Vehicles. ie: TESLA, BOLT, VOLT, LEAF, FIAT, BMW, FOCUS, PRIUS, e-Golf, RAV4, Mercedes, HONDA and many more",manual
besenergy ev charger level 2 j1772 home 220v-240v ip65 10/16a portable charge station compatible with all ev cars,https://www.amazon.com/BESENERGY-Charger-220V-240V-Portable-Compatible/dp/B09GLSJGVN/ref=sr_1_200?dchild=1&qid=1633496594&s=automotive&sr=1-200,B09GLSJGVN,BESENERGY,EV chargers,100,51-100$,30,3000,0.03816436041556918,NA,NA,NA,NA,NA,NA,NA,NA,NA,NA,NA,manual
flo home x5 carbon - level 2 electric vehicle (ev) smart charging station - 240 volt 30 amp - safety certified - 25 ft cable - indoor or outdoor - energy-star certified - 5-yrs warranty,https://www.amazon.com/FLO-Home-X5-Carbon-Certified/dp/B07HFCGY93/ref=sr_1_216?dchild=1&qid=1633496594&s=automotive&sr=1-216,B07HFCGY93,FLO,EV chargers,995,>400$,30,29850,0.3797353861349133,FLO Home X5 Carbon,NA,26,20.1-40pound,6.89 x 7.6 x 16.73 inches,501-1000sq.inch,30 Amps,21-50AMP,240 Volts,Canada,All of the above,manual
noco genius10 10-amp fully-automatic smart charger 6v and 12v battery charger battery maintainer trickle charger and battery desulfator with temperature compensation,https://www.amazon.com/NOCO-GENIUS10-Fully-Automatic-Temperature-Compensation/dp/B07W3QT226/ref=sr_1_3?dchild=1&keywords=NOCO&qid=1633502873&sr=8-3,B07W3QT226,Noco,Chargers,99.95,51-100$,3672,367016,4.668976967426845,GENIUS10,NA,6.25e-4,0-1pound,NA,NA,NA,NA,NA,China,NA,automatic
noco genius5 5-amp fully-automatic smart charger 6v and 12v battery charger battery maintainer trickle charger and battery desulfator with temperature compensation,https://www.amazon.com/NOCO-GENIUS5-Fully-Automatic-Temperature-Compensation/dp/B07W8KJH44/ref=sr_1_4?dchild=1&keywords=NOCO&qid=1633502873&sr=8-4,B07W8KJH44,Noco,Chargers,69.95,51-100$,5343,373743,4.754554184932023,GENIUS5,NA,1.59,1.1-2pound,NA,NA,NA,NA,NA,China,NA,automatic
noco genius gen5x2 2-bank 10-amp (5-amp per bank) fully-automatic smart marine charger 12v onboard battery charger battery maintainer and battery desulfator with temperature compensation,https://www.amazon.com/NOCO-GEN5X2-Fully-Automatic-Temperature-Compensation/dp/B08G3STB1N/ref=sr_1_15?dchild=1&keywords=NOCO&qid=1633502873&sr=8-15,B08G3STB1N,Noco,Chargers,126.05,101-200$,1853,233571,2.9713626088749696,GEN5X2,NA,5.26,5.1-10pound,NA,NA,NA,NA,NA,China,NA,automatic
noco genius genpro10x2 2-bank 20-amp (10-amp per bank) fully-automatic smart marine charger 12v onboard battery charger battery maintainer and battery desulfator with temperature compensation,https://www.amazon.com/NOCO-GENPRO10X2-Fully-Automatic-Temperature-Compensation/dp/B08G3LLZ3D/ref=sr_1_16?dchild=1&keywords=NOCO&qid=1633502873&sr=8-16,B08G3LLZ3D,Noco,Chargers,199.95,101-200$,543,108573,1.381206367799864,GENPRO10X2,NA,8.74,5.1-10pound,NA,NA,NA,NA,NA,China,NA,automatic
noco genius genpro10x4 4-bank 40-amp (10-amp per bank) fully-automatic smart marine charger 12v onboard battery charger battery maintainer and battery desulfator with temperature compensation,https://www.amazon.com/NOCO-GENPRO10X4-Fully-Automatic-Temperature-Compensation/dp/B08G38VWQ6/ref=sr_1_18?dchild=1&keywords=NOCO&qid=1633502873&sr=8-18,B08G38VWQ6,Noco,Chargers,399.95,201-400$,283,113186,1.4398904326655375,GENPRO10X4,NA,16.98,10.1-20pound,NA,NA,NA,NA,NA,China,NA,automatic
noco genius genpro10x3 3-bank 30-amp (10-amp per bank) fully-automatic smart marine charger 12v onboard battery charger battery maintainer and battery desulfator with temperature compensation,https://www.amazon.com/NOCO-GENPRO10X3-Fully-Automatic-Temperature-Compensation/dp/B08G3DLYX8/ref=sr_1_19?dchild=1&keywords=NOCO&qid=1633502873&sr=8-19,B08G3DLYX8,Noco,Chargers,299.95,201-400$,650,194968,2.4802763405008967,GENPRO10X3,NA,13.43,10.1-20pound,NA,NA,NA,NA,NA,China,NA,automatic
noco genius2x2 2-bank 4-amp (2-amp per bank) fully-automatic smart charger 6v and 12v battery charger battery maintainer trickle charger and battery desulfator with temperature compensation,https://www.amazon.com/NOCO-GENIUS2X2-Fully-Automatic-Temperature-Compensation/dp/B08F37P7H3/ref=sr_1_20?dchild=1&keywords=NOCO&qid=1633502873&sr=8-20,B08F37P7H3,Noco,Chargers,99.95,51-100$,938,93753,1.1926744273469523,GENIUS2X2,NA,4.59,2.1-5pound,NA,NA,NA,NA,NA,China,NA,automatic
noco genius2 2-amp fully-automatic smart charger 6v and 12v battery charger battery maintainer trickle charger and battery desulfator with temperature compensation,https://www.amazon.com/dp/B07W6B987F,B07W6B987F,Noco,Chargers,49.94,0-50$,3373,168448,2.1429033944272655,GENIUS2,NA,1.23,1.1-2pound,NA,NA,NA,NA,NA,China,NA,automatic
noco genius gen5x1 1-bank 5-amp (5-amp per bank) fully-automatic smart marine charger 12v onboard battery charger battery maintainer and battery desulfator with temperature compensation,https://www.amazon.com/NOCO-GEN5X1-Fully-Automatic-Temperature-Compensation/dp/B08G3NVR1N/ref=sr_1_21?dchild=1&keywords=NOCO&qid=1633504925&sr=8-21,B08G3NVR1N,Noco,Chargers,68.6,51-100$,618,42395,0.5393260199393518,GEN5X1,NA,2.62,2.1-5pound,NA,NA,NA,NA,NA,China,NA,automatic
noco gc008 x-connect m10 eyelet terminal accessory for noco genius smart battery chargers,https://www.amazon.com/NOCO-GC008-Eyelet-Terminal-Connector/dp/B004LWWNLC/ref=sr_1_22?dchild=1&keywords=NOCO&qid=1633504925&sr=8-22,B004LWWNLC,Noco,Chargers,14.06,0-50$,1058,14875,0.18923162039386382,GC008,NA,0.2,0-1pound,NA,NA,NA,NA,12 Volts,China,NA,manual
noco gc004 x-connect 10-foot (3m) extension cable accessory for noco genius smart battery chargers,https://www.amazon.com/NOCO-GC004-10-Extension-Cable/dp/B004LWV0GQ/ref=sr_1_23?dchild=1&keywords=NOCO&qid=1633504925&sr=8-23,B004LWV0GQ,Noco,Chargers,17.49,0-50$,1223,21390,0.27211188976300826,GC004,GC004,0.41875,0-1pound,NA,NA,NA,NA,12 Volts,China,NA,manual
noco geniuspro25 25-amp fully-automatic professional smart charger 6v 12v and 24v battery charger battery maintainer power supply and battery desulfator with temperature compensation,https://www.amazon.com/NOCO-GENIUSPRO25-Fully-Automatic-Professional-Compensation/dp/B08Q2WD66S/ref=sr_1_32?dchild=1&keywords=NOCO&qid=1633504925&sr=8-32,B08Q2WD66S,Noco,Chargers,499.95,>400$,69,34497,0.43885198041862994,GENIUSPRO25,NA,7.98,5.1-10pound,NA,NA,NA,NA,NA,China,NA,automatic
noco genius2x4 4-bank 8-amp (2-amp per bank) fully-automatic smart charger 6v and 12v battery charger battery maintainer trickle charger and battery desulfator with temperature compensation,https://www.amazon.com/NOCO-GENIUS2X4-Fully-Automatic-Temperature-Compensation/dp/B08FYS6CL8/ref=sr_1_33?dchild=1&keywords=NOCO&qid=1633504925&sr=8-33,B08FYS6CL8,Noco,Chargers,199.95,101-200$,317,63384,0.8063366068601455,GENIUS2X4,NA,7.78,5.1-10pound,NA,NA,NA,NA,NA,China,NA,automatic
noco nusb211na 10w usb wall charger one size,https://www.amazon.com/NOCO-NUSB211NA-10W-Wall-Charger/dp/B07C2VNQKV/ref=sr_1_34?dchild=1&keywords=NOCO&qid=1633504925&sr=8-34,B07C2VNQKV,Noco,Chargers,10.99,0-50$,1901,20892,0.26577660593402375,NUSB211NA,NA,0.13,0-1pound,NA,NA,NA,NA,NA,China,NA,manual
noco gc002 x-connect m6 eyelet terminal accessory for noco genius smart battery chargers,https://www.amazon.com/NOCO-GC002-Eyelet-Terminal-Connector/dp/B004LWQ35Y/ref=sr_1_37?dchild=1&keywords=NOCO&qid=1633505129&sr=8-37,B004LWQ35Y,Noco,Chargers,10.59,0-50$,1978,20947,0.26647628587497585,GC002,GC002,0.2,0-1pound,NA,NA,NA,NA,12 Volts,China,NA,manual
noco genius gen5x3 3-bank 15-amp (5-amp per bank) fully-automatic smart marine charger 12v onboard battery charger battery maintainer and battery desulfator with temperature compensation,https://www.amazon.com/NOCO-GEN5X3-Fully-Automatic-Temperature-Compensation/dp/B08G3F4RN8/ref=sr_1_45?dchild=1&keywords=NOCO&qid=1633505129&sr=8-45,B08G3F4RN8,Noco,Chargers,172.7,101-200$,904,156121,1.9860860374796916,GEN5X3,NA,6.09,5.1-10pound,NA,NA,NA,NA,NA,China,NA,automatic
noco genius g15000 12v/24v 15 amp pro-series battery charger and maintainer,https://www.amazon.com/NOCO-G15000-UltraSafe-Battery-Charger/dp/B00PKIBVU0/ref=sr_1_46?dchild=1&keywords=NOCO&qid=1633505129&sr=8-46,B00PKIBVU0,Noco,Chargers,289.99,201-400$,67,19429,0.24716511950469786,G15000,NA,6.28,5.1-10pound,NA,NA,NA,NA,12 Volts,NA,NA,manual
noco gc003 x-connect 12v dual-size male plug accessory for noco genius smart battery chargers,https://www.amazon.com/NOCO-GC003-12V-Plug-Connector/dp/B004LWWNI0/ref=sr_1_47?dchild=1&keywords=NOCO&qid=1633505129&sr=8-47,B004LWWNI0,Noco,Chargers,17.49,0-50$,180,3148,0.04004713552940392,GC003,NA,0.16,0-1pound,NA,NA,NA,NA,12 Volts,China,NA,manual
noco genius genm3 3-bank 12-amp (4-amp per bank) fully-automatic smart marine charger 12v onboard battery charger and battery maintainer,https://www.amazon.com/NOCO-Genius-GENM3-Battery-Charger/dp/B01FRQTXCC/ref=sr_1_52?dchild=1&keywords=NOCO&qid=1633505129&sr=8-52,B01FRQTXCC,Noco,Chargers,149.95,101-200$,69,10347,0.1316288790732981,GENM3,NA,8.6,5.1-10pound,NA,NA,NA,NA,NA,NA,NA,automatic
noco genius gen4 4-bank 40-amp (10-amp per bank) fully-automatic smart marine charger 12v onboard battery charger and battery maintainer,https://www.amazon.com/NOCO-Genius-GEN4-Battery-Charger/dp/B003JSLWWA/ref=sr_1_55?dchild=1&keywords=NOCO&qid=1633505152&sr=8-55,B003JSLWWA,Noco,Chargers,349.95,201-400$,39,13648,0.17362239698389603,GEN4,NA,16.36,10.1-20pound,NA,NA,NA,NA,NA,NA,NA,automatic
noco gc001 x-connect battery clamp accessory for noco genius smart battery chargers,https://www.amazon.com/NOCO-GC001-Battery-Clamp-Connector/dp/B004LWV0DY/ref=sr_1_56?dchild=1&keywords=NOCO&qid=1633505152&sr=8-56,B004LWV0DY,Noco,Chargers,14.49,0-50$,329,4767,0.06064316870033942,GC001,GC001,0.2625,0-1pound,NA,NA,NA,NA,12 Volts,China,NA,manual
noco genius gen2 2-bank 20-amp (10-amp per bank) fully-automatic smart marine charger 12v onboard battery charger and battery maintainer,https://www.amazon.com/NOCO-Genius-GEN2-Battery-Charger/dp/B003JSJS5I/ref=sr_1_63?dchild=1&keywords=NOCO&qid=1633505152&sr=8-63,B003JSJS5I,Noco,Chargers,169.95,101-200$,106,18015,0.22917698429549288,GEN2,NA,9.06,5.1-10pound,NA,NA,NA,NA,NA,NA,NA,automatic
schumacher sc1281 100 amp 30 amp 6v/12v fully automatic smart battery charger 100a engine starter and 30a boost maintainer and auto desulfator advanced diagnostic testing,https://www.amazon.com/Schumacher-SC1281-Automatic-Battery-Charger/dp/B07BLLRM8R/ref=sr_1_83?dchild=1&keywords=NOCO&qid=1633505170&sr=8-83,B07BLLRM8R,Noco,Chargers,79.94,51-100$,3018,241259,3.069165143166601,SC1281,NA,12.65,10.1-20pound,NA,NA,NA,NA,120 Volts,Mexico,NA,automatic
noco gc012 x-connect obd-ii adapter accessory for noco genius smart battery chargers one size,https://www.amazon.com/NOCO-GC012-X-Connect-OBDII-Plug/dp/B009MI9JO4/ref=sr_1_99?dchild=1&keywords=NOCO&qid=1633505170&sr=8-99,B009MI9JO4,Noco,Chargers,NA,NA,30,0,0,GC012,NA,0.044,0-1pound,NA,NA,NA,NA,12 Volts,NA,NA,manual
ctek (40-255) ct5 time to go-12 volt battery charger and maintainer with accessories,https://www.amazon.com/CTEK-40-255-Battery-Maintainer-Accessories/dp/B07CWBY39W/ref=sr_1_99?dchild=1&keywords=NOCO&qid=1633505209&sr=8-99,B07CWBY39W,Noco,Chargers,99.13,51-100$,95,9417,0.11979792734447163,CT5 Time To Go,NA,1.81,1.1-2pound,NA,NA,4.3 Amps,0-20AMP,NA,China,NA,manual
schumacher sc1308 2/12/30/100a 6v/12v battery charger and engine starter,https://www.amazon.com/Schumacher-SC1308-Automatic-Advanced-Diagnostic/dp/B07897HX4W/ref=sr_1_103?dchild=1&keywords=NOCO&qid=1633505209&sr=8-103,B07897HX4W,Noco,Chargers,99.98,51-100$,594,59388,0.7555016787866073,SC1308,NA,12.63,10.1-20pound,NA,NA,NA,NA,NA,China,NA,manual
onebuy car battery charger 12v/8a 24v/4a automotive smart battery trickle charger maintainer for car motorcycle rv suv lawn mower boat rv suv atv marine sealed lead acid battery and more,https://www.amazon.com/Battery-Charger-Automotive-Maintainer-Motorcycle/dp/B08Z3PQ64W/ref=sr_1_106?dchild=1&keywords=NOCO&qid=1633505209&sr=8-106,B08Z3PQ64W,Noco,Chargers,29.99,0-50$,77,2309,0.02937383606651641,NA,NA,1.5,1.1-2pound,9.09 x 5.2 x 2.6 inches,101-200sq.inch,NA,NA,NA,NA,NA,manual
ctek - 40-206 mxs 5.0 fully automatic 4.3 amp battery charger and maintainer 12v,https://www.amazon.com/CTEK-40-206-5-0-12-Battery-Charger/dp/B00CD44RQO/ref=sr_1_110?dchild=1&keywords=NOCO&qid=1633505209&sr=8-110,B00CD44RQO,Noco,Chargers,83.99,51-100$,2048,172012,2.1882426546009617,CTEK MXS 5.0,40-206,1.79,1.1-2pound,NA,NA,NA,NA,12 Volts,China,NA,automatic
riimone smart battery charger trickle chargers and maintainer automotive charging accessories with temperature compensation lifepo4 deep cycle batteries charger - 6amp 6v/12v,https://www.amazon.com/dp/B08VVJVSHH,B08VVJVSHH,Noco,Chargers,49.99,0-50$,35,1750,0.022262543575748688,NA,NA,1.5,1.1-2pound,NA,NA,NA,NA,NA,NA,NA,manual
battery tender 4 amp car battery charger and maintainer: switchable 6v / 12v automotive battery charger and maintainer for cars trucks and suvs lead acid & lithium battery charger - 022-0209-bt-wh,https://www.amazon.com/dp/B07XMJDJX7,B07XMJDJX7,Noco,Chargers,69.95,51-100$,2041,142768,1.8162164692699934,"4A Selectable Charger is an AGM/Standard or GEL/Lithium Iron Switchable, 12v or 6v Switchable, Includes Rings & Clips",NA,2.52,2.1-5pound,NA,NA,NA,NA,NA,NA,NA,manual
suhu car battery charger 12v/8a 24v/4a smart automatic battery charger maintainer trickle charger for car truck motorcycle lawn mower boat marine rv suv atv sla wet agm gel cell lead acid battery,https://www.amazon.com/dp/B08GRRRNCK,B08GRRRNCK,Noco,Chargers,29.99,0-50$,1478,44325,0.5638784251400346,NA,NA,1.23,1.1-2pound,NA,NA,NA,NA,NA,NA,NA,automatic
protective case compatible with noco genius 5/genius 2 fully-automatic smart charger hard case with mesh pocket for noco 5-amp/2-amp battery chargers,https://www.amazon.com/dp/B08RMSJXHL,B08RMSJXHL,Noco,Chargers,14.99,0-50$,83,1244,0.015825488118989352,NA,NA,0.56875,0-1pound,10.04 x 8.19 x 3.43 inches,2011-500sq.inch,NA,NA,NA,NA,NA,automatic
tpe automatic smart battery charger fully automotive battery charger 6v 1.25a battery maintainer 6v/12v trickle charger battery charger for car motorcycle sla agm gel cell lead acid battery,https://www.amazon.com/dp/B093SWR339,B093SWR339,Noco,Chargers,19.95,0-50$,30,599,0.007620150629641978,NA,NA,1,0-1pound,6.77 x 4.09 x 3.23 inches,51-100sq.inch,NA,NA,NA,China,NA,automatic
portable protective case compatible with noco genius 10 fully-automatic smart charger hard case with mesh pocket for noco 10-amp battery chargers,https://www.amazon.com/dp/B08RN2H6YN,B08RN2H6YN,Noco,Chargers,18.99,0-50$,189,3589,0.04565729651049259,NA,NA,0.75,0-1pound,10.75 x 9.53 x 3.94 inches,2011-500sq.inch,NA,NA,NA,NA,NA,automatic
amazon basics battery charger 12 volt 2a,https://www.amazon.com/dp/B07TZ12D18,B07TZ12D18,Noco,Chargers,25.46,0-50$,1062,27039,0.343975380425525,NA,NA,0.7,0-1pound,NA,NA,NA,NA,NA,Mexico,NA,manual
schumacher dsr proseries battery charger flash reprogrammer and power supply with battery support - 100a 12v,https://www.amazon.com/dp/B0756NVGHV,B0756NVGHV,Schumacher,Chargers,642.85,>400$,70,45000,0.5724654062335377,"Schumacher DSR ProSeries Battery Charger, Flash Reprogrammer, and Power Supply with Battery Support - 100A, 12V",NA,16,10.1-20pound,NA,NA,NA,NA,NA,China,NA,manual
schumacher fully automatic battery charger maintainer and auto desulfator with battery detection - 15 amp/3 amp 6v/12v - for cars trucks suvs marine rvs,https://www.amazon.com/dp/B0789697JT,B0789697JT,Schumacher,Chargers,65.09,51-100$,428,27859,0.3544069722724472,SC1359,NA,3.29,2.1-5pound,NA,NA,NA,NA,NA,China,NA,automatic
schumacher dsr proseries automatic smart battery charger/maintainer - 10 amps 6v/12v 4-bank- for cars motorcycles lawn tractors power sports marine batteries,https://www.amazon.com/dp/B07KGB263Y,B07KGB263Y,Schumacher,Chargers,285.08,201-400$,125,35635,0.45332899446960256,NA,NA,16.3,10.1-20pound,NA,NA,NA,NA,NA,Mexico,NA,automatic
schumacher battery charger with engine starter boost and maintainer - 200 amp/40 amp 6v/12v - for cars trucks suvs marine rv batteries,https://www.amazon.com/dp/B0756MDZ1F,B0756MDZ1F,Schumacher,Chargers,158.39,101-200$,340,53853,0.6850884338198823,SC1309,NA,29.9,20.1-40pound,31 x 12 x 12 inches,>1000sq.inch,NA,NA,NA,Mexico,NA,manual
schumacher fully automatic battery charger and maintainer 15 amp/3 amp 6v/12v - for marine and automotive batteries,https://www.amazon.com/dp/B0797KK3N2,B0797KK3N2,Schumacher,Chargers,53.67,51-100$,3276,175823,2.2367241137822065,SC1280,NA,3.05,2.1-5pound,NA,NA,NA,NA,NA,Mexico,NA,automatic
schumacher fully automatic direct-mount under-the-hood battery charger/maintainer with battery detection - 1.5 amp 6v/12v - for cars motorcycles lawn tractors power sports,https://www.amazon.com/dp/B07894CFCR,B07894CFCR,Schumacher,Chargers,27.99,0-50$,565,15814,0.201177065203937,1.5AMP BATT MAINT,NA,0.7,0-1pound,NA,NA,NA,NA,12 Volts,China,NA,automatic
schumacher sc1319 1.5 amp 6v/12v fully automatic smart battery charger/maintainer with battery detection for cars motorcycles lawn tractors power sports marine batteries,https://www.amazon.com/dp/B0756Q88J5,B0756Q88J5,Schumacher,Chargers,29.91,0-50$,826,24706,0.31429622947568403,SC1319,NA,1.23,1.1-2pound,7.09 x 5.2 x 3.43 inches,101-200sq.inch,NA,NA,NA,China,NA,automatic
schumacher dsr131 dsr proseries 250 amp(12v) 125 amp(6v) 50 amp 6v/12v fully automatic pro smart battery charger with engine starter boost and maintainer for automotive shop/dealer use,https://www.amazon.com/dp/B07DM2PSRY,B07DM2PSRY,Schumacher,Chargers,170.99,101-200$,572,97806,1.2442344782683863,DSR131,NA,33,20.1-40pound,NA,NA,NA,NA,120 Volts,Mexico,NA,automatic
schumacher fully automatic battery charger and maintainer - 10 amp/2 amp 12v - for automotive marine and power sport batteries,https://www.amazon.com/dp/B079C5SZ2H,B079C5SZ2H,Schumacher,Chargers,38.82,0-50$,217,8424,0.10716552404691825,Schumacher SC1282 Battery Charger,NA,1,0-1pound,NA,NA,NA,NA,NA,Mexico,NA,automatic
schumacher battery charger engine starter boost maintainer and auto desulfator - 50 amp/10 amp 12v - for cars trucks suvs and rvs,https://www.amazon.com/dp/B0756MDZ1L,B0756MDZ1L,Schumacher,Chargers,97.9,51-100$,90,8811,0.11208872654052666,SC1305,NA,10.47,10.1-20pound,11.1 x 10.67 x 5.47 inches,501-1000sq.inch,NA,NA,NA,Mexico,NA,manual
schumacher automatic battery charger and engine starter - 200 amp 12v - cars suvs and small trucks,https://www.amazon.com/dp/B07BLP573M,B07BLP573M,Schumacher,Chargers,124.85,101-200$,118,14732,0.18741245254738836,SC1285,NA,29,20.1-40pound,NA,NA,NA,NA,12 Volts,Mexico,NA,automatic
noco genius1 1-amp fully-automatic smart charger 6v and 12v battery charger battery maintainer trickle charger and battery desulfator with temperature compensation,https://www.amazon.com/dp/B07W46BX31,B07W46BX31,Schumacher,Chargers,29.95,0-50$,12596,377250,4.799168322257824,GENIUS1,NA,0.76875,0-1pound,NA,NA,NA,NA,NA,China,NA,automatic
schumacher battery charger with engine starter boost and maintainer - 250 amp/40 amp 6v/12v - for cars trucks suvs marine rv batteries,https://www.amazon.com/dp/B07DLTXNVY,B07DLTXNVY,Schumacher,Chargers,192.17,101-200$,43,8263,0.10511737003794937,SC1325,NA,29.9,20.1-40pound,NA,NA,NA,NA,NA,Mexico,NA,manual
schumacher dsr proseries fully automatic battery charger with engine starter boost and maintainer - 330 peak amp 6v/12v/24v - for suvs trucks and large engines and automotive shop/dealer use,https://www.amazon.com/dp/B07CLBDKT1,B07CLBDKT1,Schumacher,Chargers,561.05,>400$,75,42079,0.5353060406422451,DSR124 ProSeries 330,NA,70,>40pound,34 x 20.5 x 16.5 inches,>1000sq.inch,NA,NA,NA,Mexico,NA,automatic
schumacher cable connector for battery chargers and maintainers - with quick-connect ring terminal,https://www.amazon.com/dp/B003WDDLTO,B003WDDLTO,Schumacher,Chargers,5.91,0-50$,882,5213,0.066316936948787375,WM-12,NA,0.05,0-1pound,NA,NA,NA,NA,NA,China,NA,manual
schumacher fully automatic battery charger maintainer and auto desulfator - 8 amp/2 amp 6v/12v - for cars trucks suvs rv batteries,https://www.amazon.com/dp/B078FHH9QC,B078FHH9QC,Schumacher,Chargers,54.99,51-100$,63,3464,0.044067114826510545,"Schumacher Fully Automatic Battery Charger, Maintainer, and Desulfator - 8 Amp/2 Amp, 6V/12V - Cars, Trucks, SUVs, RVs",NA,3.5,2.1-5pound,8.9 x 8.8 x 4.7 inches,2011-500sq.inch,NA,NA,NA,China,NA,automatic
schumacher sc1279 8a 12v rapid charger,https://www.amazon.com/dp/B07DM22XTN,B07DM22XTN,Schumacher,Chargers,30.51,0-50$,60,1831,0.02329298130696905,SC1279,NA,2.13,2.1-5pound,9.37 x 8.23 x 3.03 inches,2011-500sq.inch,NA,NA,NA,China,NA,manual
schumacher battery charger for ride-on toys - 3a 6/12v - for peg perego power wheels action wheels kid trax rollplay pulse performance products dynacraft huffy and razor,https://www.amazon.com/dp/B07DM2CCVV,B07DM2CCVV,Schumacher,Chargers,29.92,0-50$,64,1915,0.02436158339860499,CR6,NA,1.4,1.1-2pound,7.28 x 6.85 x 4.06 inches,2011-500sq.inch,NA,NA,NA,China,NA,manual
diehard 71345 6/12v platinum smart wheel battery charger and 60/275a maintainer,https://www.amazon.com/dp/B07777DRXG,B07777DRXG,Schumacher,Chargers,228.35,201-400$,120,27402,0.34859326803580887,NA,NA,39.2,20.1-40pound,NA,NA,NA,NA,12 Volts,Mexico,NA,manual
schumacher fully automatic battery charger with engine starter boost maintainer - with advanced diagnostic testing - 85 amp/30 amp 6v/12v - for cars trucks suvs marine rv batteries,https://www.amazon.com/dp/B07894CFCV,B07894CFCV,Schumacher,Chargers,98.03,51-100$,50,4902,0.06236056491904004,SC1362,NA,12.63,10.1-20pound,NA,NA,NA,NA,NA,China,NA,automatic
schumacher fully automatic battery charger maintainer and starter  50 amp/10 amp 12v - car suv and small trucks,https://www.amazon.com/dp/B07895WM6P,B07895WM6P,Schumacher,Chargers,64.99,51-100$,69,4484,0.05704299736780406,SC1361,NA,10.5,10.1-20pound,NA,NA,NA,NA,NA,China,NA,automatic
schumacher solar charge controller 12v - for lead-acid batteries and solar panels,https://www.amazon.com/dp/B00752TRNW,B00752TRNW,Schumacher,Chargers,20.83,0-50$,94,1958,0.024908605897894818,SPC-7A,NA,0.2,0-1pound,NA,NA,7 Amps,0-20AMP,NA,China,NA,manual
schumacher-sc1389 fully automatic direct-mount 3-battery charger and maintainer - 15 amp 12v - for marine batteries,https://www.amazon.com/dp/B07VLCW82P,B07VLCW82P,Schumacher,Chargers,175.63,101-200$,30,5269,0.06702933834321133,NA,NA,6.25e-4,0-1pound,NA,NA,NA,NA,NA,China,NA,automatic
schumacher fully automatic battery charger with engine starter boost maintainer and advanced diagnostic testing - 85 amp/30 amp 6v/12v - for cars trucks suvs rvs,https://www.amazon.com/dp/B0756PG828,B0756PG828,Schumacher,Chargers,104.99,101-200$,23,2415,0.03072231013453319,SC1307,NA,12.51,10.1-20pound,11.22 x 10.47 x 7.4 inches,501-1000sq.inch,NA,NA,NA,China,NA,automatic
schumacher battery charger with engine starter boost and maintainer - 200 amp/40 amp 12v - for cars trucks suvs rv batteries,https://www.amazon.com/dp/B07BVFGVQ1,B07BVFGVQ1,Schumacher,Chargers,148.29,101-200$,111,16460,0.20939512414675623,SC1353,NA,27,20.1-40pound,NA,NA,NA,NA,NA,Mexico,NA,manual
schumacher universal battery charger for ride-on toys - 1.5 amp 24v - for dynacraft razor huffy - connectors included,https://www.amazon.com/dp/B07DM1TXPD,B07DM1TXPD,Schumacher,Chargers,34.43,0-50$,23,792,0.010075391149710263,CR8,NA,1.4,1.1-2pound,7.3 x 6.9 x 4.1 inches,2011-500sq.inch,NA,NA,NA,China,NA,manual
schumacher universal battery charger for ride-on toys - 1.5 amp 24v - power wheels peg perego and more,https://www.amazon.com/dp/B005F1YJA6,B005F1YJA6,Schumacher,Chargers,27,0-50$,79,2133,0.02713486025546968,"Schumacher Charge n' Ride Charger Maintainer, 24V, 1.5 Amp",NA,1.25,1.1-2pound,NA,NA,NA,NA,NA,China,NA,manual
schumacher fully automatic battery charger maintainer and auto desulfator - 10 amp/3 amp 6v/12v - for cars trucks suvs rv batteries,https://www.amazon.com/dp/B07895MCD6,B07895MCD6,Schumacher,Chargers,60.82,51-100$,30,1825,0.023216652586137917,SC1322,NA,2.3,2.1-5pound,9.4 x 8.3 x 3.9 inches,2011-500sq.inch,NA,NA,NA,China,NA,automatic
schumacher sc1340 6/12v fully automatic battery charger and 10/55a engine starter,https://www.amazon.com/dp/B07896CCTM,B07896CCTM,Schumacher,Chargers,85.54,51-100$,30,2566,0.0326432496087835,BATT CHARGER,NA,11.92,10.1-20pound,11.3 x 11.2 x 5.5 inches,501-1000sq.inch,NA,NA,NA,Mexico,NA,automatic
schumacher battery charger with engine starter boost and maintainer - 100 amp/30 amp 6v/12v - for tractors cars and trucks,https://www.amazon.com/dp/B0756QKZPF,B0756QKZPF,Schumacher,Chargers,126.5,101-200$,30,3795,0.04827791592569501,FR01235,NA,12.75,10.1-20pound,11.2 x 10.6 x 7.2 inches,501-1000sq.inch,NA,NA,NA,Mexico,NA,manual
schumacher portable ev charger  level 1 and level 2 16a 240v - for charging electric vehicle batteries 3x faster,https://www.amazon.com/dp/B08PQ42SJ4,B08PQ42SJ4,Schumacher,Chargers,158.53,101-200$,69,10939,0.13915997952863707,SC1455 EV,NA,7.44,5.1-10pound,NA,NA,NA,NA,NA,Canada,NA,manual
