product_name,product_url,skuid,brand,category,price,price_tier,mo_sales,mo_revenue,market_share,model,oem_part_number,item_weight,weight_tier,product_dimensions,product_size_tier,country_of_origin,Type
bosch automotive 6029c hepa cabin air filter for select acura csx ilx mdx rdx rl rlx tl tlx tsx zdx honda accord civic crosstour cr-v odyssey pilot ridgeline toyota celica fj cruiser prius 4runner,https://www.amazon.com/Bosch-6029C-Crosstour-Odyssey-Ridgeline/dp/B01JYSWJ0C/ref=sr_1_3?dchild=1&keywords=Filters&qid=1633502181&s=automotive&sr=1-3,B01JYSWJ0C,Bosch Automotive,Filters,14.3,0-50$,15955,228157,6.457179163889585,6029C,NA,0.11,0-1pound,9.25 x 9.65 x 1.77 inches,101-200sq.inch,China,air filter
philtop cabin air filter replacement for cf10285 cp285 4runner camry corolla tundra highlander avalon prius sequoia is250 rx350 premium cabin filter with activated carbon filter up dust pollen oder,https://www.amazon.com/dp/B08X427MCF,B08X427MCF,PHILTOP,Filters,11.97,0-50$,3744,44816,1.2683588117343567,ACF01 Cabin Air Filter,"72880-AJ000, 72880-AJ00A, 72880-AL00A, 87139-52020, SEDNF-29100, SEDNF-29110, 87139-02020, 87139-02090, 87139-06040, 87139-06080, 87139-07010, 87139-07020, 87139-08030, 87139-0D010, 87139-0D070, 87139-30040, 87139-30070, 87139-47010, 87139-47010-83, 87139-48020, 87139-50060, 87139-50100, 87139-52020, 87139-52040, 87139-60020, 87139-76010, 87139-YZZ08, 87139-YZZ10, 87139-YZZ16, 87139-YZZ20",0.4875,0-1pound,8.27 x 7.48 x 1.17 inches,51-100sq.inch,NA,air filter
epauto gpa0a (pe07-13-3a0a) replacement for mazda rigid panel engine air filter for skyactiv mazda 3 (2013-2019) mazda 6 (2014-2019) cx-5 2.5l (2013-2019),https://www.amazon.com/EPAuto-PE07-13-3A0A-Replacement-2013-2018-2014-2017/dp/B01LXIJR60/ref=sr_1_7?dchild=1&keywords=Filters&qid=1633502181&s=automotive&sr=1-7,B01LXIJR60,EPAUTO,Filters,12.87,0-50$,1211,15586,0.44110675740118893,NA,"PE07-13-3A0A, PEAR-13-3A0",0.7125,0-1pound,10.94 x 7.17 x 1.73 inches,101-200sq.inch,NA,air filter
k&n cabin air filter cleaning kit: spray bottle filter cleaner and refresher kit; restores cabin air filter performance; service kit-99-6000 99-6000amz,https://www.amazon.com/Cabin-Air-Filter-Cleaning-Kit/dp/B08KWQPHFL/ref=sr_1_10?dchild=1&keywords=Filters&qid=1633502181&s=automotive&sr=1-10,B08KWQPHFL,K&N,Filters,10.44,0-50$,1226,12799,0.3622305522890939,Cabin Filter Cleaning Care Kit,NA,1.65,1.1-2pound,4.6 x 2.5 x 8.8 inches,101-200sq.inch,USA,air filter
epauto gp169(ca10169) replacement for toyota/lexus/scion rigid panel engine air filter for camry v6(2007-2011) rav4(2006-2012) matrix(2009-2013) venza(2009-2015)avalon(2005-2012)tc(2011-2016),https://www.amazon.com/EPAuto-2007-2011-2006-2012-2009-2013-2009-2015/dp/B017OIG4BO/ref=sr_1_12?dchild=1&keywords=Filters&qid=1633502181&s=automotive&sr=1-12,B017OIG4BO,EPAUTO,Filters,9.87,0-50$,648,6396,0.18101622098922138,NA,17801-AD010,0.4625,0-1pound,10.31 x 9.49 x 2.44 inches,2011-500sq.inch,NA,air filter
ecogard xc36080 premium cabin air filter fits acura rdx 2019-2020 honda civic 2016-2019 cr-v 2017-2019 fit 2009-2019 hr-v 2016-2019 odyssey 2018-2020 insight 2010-2019 clarity 2017-2019,https://www.amazon.com/ECOGARD-XC36080-Premium-Filter-Insight/dp/B00I8IU150/ref=sr_1_19?dchild=1&keywords=Filters&qid=1633502181&s=automotive&sr=1-19,B00I8IU150,ECOGARD,Filters,11.63,0-50$,3278,38123,1.078937053278938,XC36080,80292-TF0-G01,0.15,0-1pound,10.9 x 9.5 x 2.1 inches,2011-500sq.inch,China,air filter
2 pack - epauto cp285 (cf10285) premium cabin air filter includes activated carbon,https://www.amazon.com/Pack-CF10285-Replacement-Premium-Activated/dp/B01LZ52ISO/ref=sr_1_20?dchild=1&keywords=Filters&qid=1633502181&s=automotive&sr=1-20,B01LZ52ISO,EPAUTO,Filters,15.87,0-50$,7812,123976,3.508703410468998,NA,"72880-AJ000, 72880-AJ00A, 72880-AL00A, 87139-52020, SEDNF-29100, SEDNF-29110, 800025P, 87139-02020, 87139-02090, 87139-06040, 87139-06080, 87139-07010, 87139-07020, 87139-08030, 87139-0D010, 87139-0D070, 87139-30040, 87139-30070, 87139-47010, 87139-47010-83, 87139-48020, 87139-50060, 87139-50100, 87139-52020, 87139-52040, 87139-60020, 87139-76010, 87139-YZZ08, 87139-YZZ10, 87139-YZZ16, 87139-YZZ20",0.9,0-1pound,8.94 x 8.07 x 2.83 inches,2011-500sq.inch,NA,air filter
fram fresh breeze cabin air filter with arm & hammer baking soda cf10134 for honda vehicles package may vary  white,https://www.amazon.com/FRAM-CF10134-Cabin-Air-Filter/dp/B0010E00T6/ref=sr_1_22?dchild=1&keywords=Filters&qid=1633502181&s=automotive&sr=1-22,B0010E00T6,Fram,Filters,13.97,0-50$,5678,79322,2.244929437352567,CF10134,CF10134,0.45,0-1pound,10 x 2 x 10 inches,101-200sq.inch,USA,air filter
motorcraft - oil filter (fl2051s),https://www.amazon.com/Motorcraft-FL2051S-OIL-FILTER/dp/B00BJ4BLMC/ref=sr_1_23?dchild=1&keywords=Filters&qid=1633502181&s=automotive&sr=1-23,B00BJ4BLMC,Motorcraft,Filters,13.24,0-50$,4594,60825,1.7214370921934632,FL-2051-S,FL*2051*S,1.7,1.1-2pound,3.2 x 2.9 x 4.9 inches,1-50sq.inch,China,oil filter
ecogard xa10486 premium engine air filter fits honda pilot 3.5l 2016-2021 odyssey 3.5l 2018-2021 ridgeline 3.5l 2017-2020 passport 3.5l 2019-2021 | acura mdx 3.5l 2016-2020,https://www.amazon.com/ECOGARD-XA10486-Premium-Ridgeline-Odyssey/dp/B01LWM3AMJ/ref=sr_1_26?dchild=1&keywords=Filters&qid=1633502181&s=automotive&sr=1-26,B01LWM3AMJ,ECOGARD,Filters,18.12,0-50$,1293,23429,0.6630752097492915,XA10486,17220-5J6-A10,0.6,0-1pound,13.15 x 7.56 x 1.97 inches,101-200sq.inch,China,air filter
fram extra guard air filter ca10755 for select dodge jeep lexus and toyota vehicles,https://www.amazon.com/CA10755-Extra-Flexible-Rectangular-Filter/dp/B004A0RBSK/ref=sr_1_28?dchild=1&keywords=Filters&qid=1633502213&s=automotive&sr=1-28,B004A0RBSK,Fram,Filters,15.35,0-50$,1865,28628,0.8102145676171716,CA10755,CA10755,0.4375,0-1pound,0.79 x 0.39 x 1.18 inches,1-50sq.inch,NA,air filter
ecogard xc10434 premium cabin air filter fits nissan rogue 2014-2020 rogue sport 2017-2019,https://www.amazon.com/ECOGARD-XC10434-Premium-Filter-Nissan/dp/B01A0Y1MNE/ref=sr_1_29?dchild=1&keywords=Filters&qid=1633502213&s=automotive&sr=1-29,B01A0Y1MNE,ECOGARD,Filters,11.34,0-50$,873,9900,0.28018458220658093,XC10434,27277-4BU0A,0.2,0-1pound,9.88 x 7.13 x 1.42 inches,101-200sq.inch,China,air filter
airtechnik cf12161 cabin air filter w/activated carbon | fits kia sorento 2016-2020,https://www.amazon.com/AirTechnik-CF12161-Activated-Sorento-2016-2020/dp/B08X8YDFLZ/ref=sr_1_30?dchild=1&keywords=Filters&qid=1633502213&s=automotive&sr=1-30,B08X8YDFLZ,AirTechnik,Filters,11.99,0-50$,330,3957,0.11198892846378189,NA,"CF12161, KIA: 97134-C6900, C6C79-AC000",0.4375,0-1pound,10.71 x 8.35 x 1.34 inches,101-200sq.inch,NA,air filter
epauto cp134 (cf10134) premium cabin air filter includes activated carbon,https://www.amazon.com/EPAuto-CF10134-Premium-Filter-Activated/dp/B014TZAUU6/ref=sr_1_31?dchild=1&keywords=Filters&qid=1633502213&s=automotive&sr=1-31,B014TZAUU6,EPAUTO,Filters,8.87,0-50$,5547,49202,1.392489072093757,Premium Cabin Air Filter,"800003P, 80292-SDA-A01, 80292-SDC-A01, 80292-SEC-A01, 80292-SHJ-A41, 80292-SWA-A01, 80292-T0G-A01, 80292-TZ5-A41",0.59375,0-1pound,9.45 x 9.17 x 1.38 inches,101-200sq.inch,NA,air filter
fuel filter water separator and oil filter set fits for dodge ram 6.7l cummins diesel 2013-2018 2500 3500 4500 5500 replaces 68197867aa 68157291aa 5083285aa,https://www.amazon.com/Separator-2013-2018-68197867AA-68157291AA-5083285AA/dp/B08GWWP3CZ/ref=sr_1_32?dchild=1&keywords=Filters&qid=1633502213&s=automotive&sr=1-32,B08GWWP3CZ,KOROP AUTO PARTS,Filters,36.98,0-50$,487,18009,0.5096812263594258,NA,NA,4.4,2.1-5pound,10.79 x 9.45 x 5.35 inches,501-1000sq.inch,NA,fuel filter
fram fresh breeze cabin air filter with arm & hammer baking soda cf10285 for toyota vehicles white,https://www.amazon.com/CF10285-Fresh-Breeze-Filter-Hammer/dp/B001CEG90I/ref=sr_1_33?dchild=1&keywords=Filters&qid=1633502213&s=automotive&sr=1-33,B001CEG90I,Fram,Filters,15.84,0-50$,6827,108140,3.0605212848302688,CF10285,CF10285,0.2,0-1pound,8.47 x 7.64 x 1.14 inches,51-100sq.inch,China,air filter
mobil 1 m1-110a extended performance oil filter,https://www.amazon.com/Mobil-M1-110A-Extended-Performance-Filter/dp/B0727SCP22/ref=sr_1_34?dchild=1&keywords=Filters&qid=1633502213&s=automotive&sr=1-34,B0727SCP22,Mobil 1,Filters,9.97,0-50$,2487,24795,0.7017350217992095,Mobil 1 M1-110A Extended Performance Oil Filter,NA,0.05,0-1pound,4 x 4 x 4 inches,51-100sq.inch,USA,oil filter
fram fresh breeze cabin air filter with arm & hammer baking soda cf12157 for select lexus and toyota vehicles  white,https://www.amazon.com/CF12157-Fresh-Breeze-Filter-Hammer/dp/B07B155581/ref=sr_1_35?dchild=1&keywords=Filters&qid=1633502213&s=automotive&sr=1-35,B07B155581,Fram,Filters,19.23,0-50$,800,15384,0.4353898598652567,CF12157,NA,0.01,0-1pound,8 x 7 x 1 inches,51-100sq.inch,China,air filter
fram fresh breeze cabin air filter with arm & hammer baking soda cf11809 for select cadillac chevrolet gmc vehicles white,https://www.amazon.com/CF11809-Fresh-Breeze-Filter-Hammer/dp/B016XE8P3A/ref=sr_1_36?dchild=1&keywords=Filters&qid=1633502213&s=automotive&sr=1-36,B016XE8P3A,Fram,Filters,13.97,0-50$,1809,25272,0.7152348243964357,CF11809,NA,0.6,0-1pound,10.08 x 9.49 x 1.34 inches,101-200sq.inch,China,air filter
fram extra guard air filter ca8755a for select cadillac chevrolet and gmc vehicles,https://www.amazon.com/CA8755A-Extra-Flexible-Rectangular-Filter/dp/B000C31J9G/ref=sr_1_37?dchild=1&keywords=Filters&qid=1633502213&s=automotive&sr=1-37,B000C31J9G,Fram,Filters,12.47,0-50$,2091,26075,0.737960907175414,CA8755A,CA8755A,1,0-1pound,13 x 3 x 10 inches,2011-500sq.inch,Canada,air filter
fram extra guard air filter ca8918 for select lexus and toyota vehicles,https://www.amazon.com/CA8918-Extra-Guard-Rectangular-Filter/dp/B0009H51ZS/ref=sr_1_38?dchild=1&keywords=Filters&qid=1633502213&s=automotive&sr=1-38,B0009H51ZS,Fram,Filters,12.47,0-50$,371,4626,0.13092261386743873,NA,CA8918,1.15,1.1-2pound,9.85 x 3.35 x 14.89 inches,2011-500sq.inch,USA,air filter
fram extra guard air filter ca10262 for select ford and lincoln vehicles,https://www.amazon.com/CA10262-Extra-Guard-Panel-Filter/dp/B001C6N5D0/ref=sr_1_39?dchild=1&keywords=Filters&qid=1633502213&s=automotive&sr=1-39,B001C6N5D0,Fram,Filters,10.56,0-50$,1352,14277,0.4040601293094299,TRV225476,CA10262,0.85,0-1pound,11 x 3 x 11 inches,2011-500sq.inch,USA,air filter
epauto cp939 (cuk2939) replacement premium cabin air filter includes activated carbon,https://www.amazon.com/EPAuto-CUK2939-Replacement-Volkswagen-Activated/dp/B017OHX6RK/ref=sr_1_43?dchild=1&keywords=Filters&qid=1633502213&s=automotive&sr=1-43,B017OHX6RK,EPAUTO,Filters,11.87,0-50$,570,6766,0.19148776598078046,NA,"1K0 819 644, 1K0 819 644B, 1K0 819 644, 1K0 819 644B, 1K0-819-653B, 1K1 819 619, 1K1 819 653, 1K1 819 653A, 1K1 819 653B, 1K1 819 653, 1K1 819 653A, 1K1 819 653B, CUK2939, CF10373",0.6625,0-1pound,11.61 x 9.09 x 2.48 inches,2011-500sq.inch,NA,air filter
fram xg7317ultra synthetic 20k mile change interval spin-on oil filter with suregrip (xg7317),https://www.amazon.com/XG7317-Ultra-Synthetic-Filter-SureGrip/dp/B000C33MI2/ref=sr_1_44?dchild=1&keywords=Filters&qid=1633502213&s=automotive&sr=1-44,B000C33MI2,Fram,Filters,8.56,0-50$,5860,50162,1.4196584861259103,XG7317,XG7317,0.45,0-1pound,3.01 x 3.01 x 3.63 inches,1-50sq.inch,Canada,oil filter
epauto cpj6x (kd45-61-j6x) replacement for mazda premium cabin air filter includes activated carbon,https://www.amazon.com/EPAuto-KD45-61-J6X-Replacement-Premium-Activated/dp/B01LWV2W5M/ref=sr_1_45?dchild=1&keywords=Filters&qid=1633502213&s=automotive&sr=1-45,B01LWV2W5M,EPAUTO,Filters,10.97,0-50$,1808,19834,0.5613314144934674,NA,"KD45-61-J6X, KR11-61-J6X, MP11-1K-D45",0.3,0-1pound,9.57 x 8.39 x 1.46 inches,101-200sq.inch,NA,air filter
philtop engine air filter replacement for ca9683 gp683 tacoma (2005-2015) 4runner (2003-2005) fj cruiser (2007-2009) tundra (2005) pack of 1,https://www.amazon.com/PHILTOP-Replacement-2005-2015-2003-2005-2007-2009/dp/B08MTC1X5R/ref=sr_1_47?dchild=1&keywords=Filters&qid=1633502213&s=automotive&sr=1-47,B08MTC1X5R,PHILTOP,Filters,13.99,0-50$,313,4379,0.12393215004874929,NA,"17801-0P010, 17801-31090",1.17,1.1-2pound,14.72 x 6.93 x 2.87 inches,2011-500sq.inch,NA,air filter
puroma cabin air filter with activated carbon replacement for cp134 cf10134 honda & acura civic cr-v odyssey csx ilx mdx rdx at134 (2 pcs),https://www.amazon.com/Puroma-Activated-Replacement-CF10134-Odyssey/dp/B07QKL19Z6/ref=sr_1_48?dchild=1&keywords=Filters&qid=1633502213&s=automotive&sr=1-48,B07QKL19Z6,Puroma,Filters,13.85,0-50$,959,13282,0.375900163724021,NA,"# 80292-SDA-A01, 80292-SDC-A01, 80292-SEC-A01, 80292-SHJ-A41, 80292-SWA-A01, 80292-T0G-A01, 80292-TZ5-A41",1.23,1.1-2pound,9.17 x 8.86 x 1.18 inches,51-100sq.inch,NA,air filter
motorcraft fa1883 air filter,https://www.amazon.com/Motorcraft-FA-1883-Air-Filter/dp/B000V53VR8/ref=sr_1_49?dchild=1&keywords=Filters&qid=1633502213&s=automotive&sr=1-49,B000V53VR8,Motorcraft,Filters,16.1,0-50$,2089,33633,0.9518634397327209,FA-1883,FA1883,1,0-1pound,NA,NA,NA,air filter
puroma cabin air filter with activated carbon replacement for cp285 cf10285 toyota lexus scion (1 pc),https://www.amazon.com/dp/B07VHMX2NT,B07VHMX2NT,Puroma,Filters,9.85,0-50$,1632,16075,0.45494617767381706,NA,NA,0.4,0-1pound,7.6 x 8.43 x 1.18 inches,51-100sq.inch,NA,air filter
fram fresh breeze cabin air filter with arm & hammer baking soda cf10374 for dodge/toyota vehicles,https://www.amazon.com/CF10374-Fresh-Breeze-Filter-Hammer/dp/B001CEJH0W/ref=sr_1_51?dchild=1&keywords=Filters&qid=1633502213&s=automotive&sr=1-51,B001CEJH0W,Fram,Filters,13.97,0-50$,2252,31460,0.8903643390120239,NA,CF10374,0.15,0-1pound,8 x 8 x 0.7 inches,1-50sq.inch,USA,air filter
spectre essentials engine air filter: premium 50-percent longer life: fits select 2005-2020 nissan (frontier nv1500/2500 titan xterra armada pathfinder) 1993-2004 jeep grand cherokee spa-2286,https://www.amazon.com/Spectre-Essentials-Engine-Air-Filter/dp/B08NXZYX57/ref=sr_1_52?dchild=1&keywords=Filters&qid=1633502213&s=automotive&sr=1-52,B08NXZYX57,Spectre Performance,Filters,13.99,0-50$,150,2099,0.05940479172238519,SPA-2286,NA,0.75,0-1pound,11.75 x 10 x 2 inches,2011-500sq.inch,USA,air filter
epauto cp157 (cf12157) carbon replacement for cabin air filter includes activated carbon,https://www.amazon.com/EPAuto-CF12157-Carbon-Replacement-Activated/dp/B083XL4RFR/ref=sr_1_53?dchild=1&keywords=Filters&qid=1633502213&s=automotive&sr=1-53,B083XL4RFR,EPAUTO,Filters,10.97,0-50$,1731,18989,0.5374166698505825,NA,"72880-FL00A, TK48-61-J6X, 87139-0E040, 87139-0R030, 87139-26010, 87139-28020, 87139-48050, 87139-58010, 87139-YZZ37, 97139-0E040, 97139-58010",0.4375,0-1pound,8.74 x 7.4 x 1.42 inches,51-100sq.inch,NA,air filter
bosch 3323 premium filtech oil filter for select acura mdx rdx rsx tl chrysler dodge ford honda accord civic cr-v pilot infiniti nissan + more,https://www.amazon.com/Bosch-3323-Premium-FILTECH-Filter/dp/B000BZIFV0/ref=sr_1_54?dchild=1&keywords=Filters&qid=1633502213&s=automotive&sr=1-54,B000BZIFV0,Bosch Automotive,Filters,7.93,0-50$,6318,50102,1.4179603977489008,3323,3323,0.45,0-1pound,NA,NA,USA,oil filter
ecogard xa6114 premium engine air filter fits toyota prius 1.8l hybrid 2010-2015 prius v 1.8l hybrid 2012-2017 rav4 2.5l hybrid 2016-2018,https://www.amazon.com/ECOGARD-XA6114-Premium-Engine-Filter/dp/B00AKEWC2A/ref=sr_1_52?dchild=1&keywords=Filters&qid=1633502830&s=automotive&sr=1-52,B00AKEWC2A,ECOGARD,Filters,12.09,0-50$,311,3760,0.10641353829260045,XA6114,17801-37020,0.08,0-1pound,10.6 x 9.3 x 2.7 inches,2011-500sq.inch,China,air filter
fram extra guard ph3614 10k mile change interval spin-on oil filter,https://www.amazon.com/PH3614-Extra-Guard-Spin-Filter/dp/B0009H52AM/ref=sr_1_53?dchild=1&keywords=Filters&qid=1633502830&s=automotive&sr=1-53,B0009H52AM,Fram,Filters,3.88,0-50$,3398,13184,0.3731266193749054,FRAM PH3614 Extra Guard Spin-On Oil Filter,PH3614,0.01,0-1pound,3.1 x 3.1 x 3.51 inches,1-50sq.inch,USA,oil filter
fram fresh breeze cabin air filter with arm & hammer baking soda cf11671 for select mazda and ram vehicles white,https://www.amazon.com/CF11671-Fresh-Breeze-Filter-Hammer/dp/B00GYTEDN6/ref=sr_1_54?dchild=1&keywords=Filters&qid=1633502830&s=automotive&sr=1-54,B00GYTEDN6,Fram,Filters,18.39,0-50$,1143,21020,0.5948969614123567,CF11671,NA,0.25,0-1pound,8.83 x 8.04 x 1.17 inches,51-100sq.inch,USA,air filter
ecogard xa10483 premium engine air filter fits honda hr-v 1.8l 2016-2021,https://www.amazon.com/ECOGARD-XA10483-Premium-Engine-2016-2018/dp/B01M1HYDSB/ref=sr_1_55?dchild=1&keywords=Filters&qid=1633502830&s=automotive&sr=1-55,B01M1HYDSB,ECOGARD,Filters,17.53,0-50$,324,5680,0.16075236635690704,XA10483,17220-51B-H00,0.5375,0-1pound,8.98 x 8.62 x 1.93 inches,101-200sq.inch,China,air filter
filtertime rv ft-616 allergen rv air filter 6x16 ac filter replacement for coleman mach (2 filters per pack) merv 6 replaces original standard air filter | made in usa,https://www.amazon.com/FilterTime-Allergen-Replacement-Replaces-Original/dp/B099X5TYZH/ref=sr_1_56?dchild=1&keywords=Filters&qid=1633502830&s=automotive&sr=1-56,B099X5TYZH,FilterTime,Filters,19.98,0-50$,188,3756,0.10630033240079981,NA,NA,0.1875,0-1pound,16 x 6 x 0.5 inches,1-50sq.inch,NA,air filter
fram ultra synthetic xg10060 20k mile change interval spin-on oil filter with suregrip,https://www.amazon.com/XG10060-Ultra-Synthetic-Filter-SureGrip/dp/B002QH5VVI/ref=sr_1_57?dchild=1&keywords=Filters&qid=1633502830&s=automotive&sr=1-57,B002QH5VVI,Fram,Filters,8.97,0-50$,3247,29126,0.8243087011463512,XG10060,XG10060,0.7,0-1pound,4 x 4 x 4 inches,51-100sq.inch,USA,oil filter
dodge ram 6.7l cummins diesel filter set mopar oem,https://www.amazon.com/Dodge-Cummins-Diesel-Filter-Mopar/dp/B0718X28V6/ref=sr_1_58?dchild=1&keywords=Filters&qid=1633502830&s=automotive&sr=1-58,B0718X28V6,Mopar,Filters,167.28,101-200$,1476,246905,6.987775178759178,"68197867AB, 68157291AA, 5083285AA Mopar 6.7L Cummins Diesel Filter Set","53034051AB, 68157291AA, 68197867AB",4.03,2.1-5pound,12.05 x 8.5 x 6.69 inches,501-1000sq.inch,NA,diesel filter
philtop engine air filter eaf015 replacement for accord l4 (2003-2007) tsx (2004-2008) compatible with ca9564 air filter protect engine & improves acceleration,https://www.amazon.com/PHILTOP-Replacement-2003-2007-Compatible-Acceleration/dp/B08MQ6T4TL/ref=sr_1_59?dchild=1&keywords=Filters&qid=1633502830&s=automotive&sr=1-59,B08MQ6T4TL,PHILTOP,Filters,9.97,0-50$,184,1834,0.051904901390592874,NA,"CA9564, 17220-RAA-A00, 17220-RAA-A01, 17220-RBB-505, 17220-RBB-A00, CA9564",0.9,0-1pound,13.6 x 6.2 x 2 inches,101-200sq.inch,NA,air filter
philtop cabin air filter replacement for cp374 cf10374 be-374 tacoma dart vibe includes activated carbon pack of 1,https://www.amazon.com/PHILTOP-Filter-Replacement-CF10374-Activated/dp/B08MT1C4CS/ref=sr_1_60?dchild=1&keywords=Filters&qid=1633502830&s=automotive&sr=1-60,B08MT1C4CS,PHILTOP,Filters,8.99,0-50$,547,4918,0.13918664396888536,NA,87139-YZZ09,0.31875,0-1pound,8.62 x 8.35 x 1.02 inches,51-100sq.inch,NA,air filter
philtop engine air filter replacement for ca10190 gp190 mt-190 corolla corolla im yaris matrix xd im vibe pack of 1,https://www.amazon.com/PHILTOP-Engine-Replacement-CA10190-Corolla/dp/B08MTQHH7H/ref=sr_1_61?dchild=1&keywords=Filters&qid=1633502830&s=automotive&sr=1-61,B08MTQHH7H,PHILTOP,Filters,9.99,0-50$,725,7243,0.20498756857800665,NA,"17801-0D060, 17801-0T030, 17801-21050, 17801-YZZ05",0.35,0-1pound,14.06 x 10.2 x 2.44 inches,2011-500sq.inch,NA,air filter
ecogard xa3462 premium engine air filter fits ram 1500 5.7l 2011-2020 1500 3.6l 2013-2020 1500 classic 5.7l 2019-2020 2500 6.4l 2014-2018 2500 5.7l 2011-2019 1500 3.0l diesel 2014-2021,https://www.amazon.com/ECOGARD-XA3462-Premium-Engine-Filter/dp/B00AKEW0JU/ref=sr_1_62?dchild=1&keywords=Filters&qid=1633502830&s=automotive&sr=1-62,B00AKEW0JU,ECOGARD,Filters,16.28,0-50$,476,7749,0.21930811389078742,XA3462,53032404 AA,0.9625,0-1pound,14.9 x 9.8 x 2 inches,2011-500sq.inch,China,air filter
airtechnik cf12237 cabin air filter w/activated carbon | fits nissan versa 2014-2019 versa note 2014-2019 micra 2015-2016,https://www.amazon.com/AirTechnik-CF12237-Activated-2014-2019-2015-2016/dp/B08MSYH772/ref=sr_1_63?dchild=1&keywords=Filters&qid=1633502830&s=automotive&sr=1-63,B08MSYH772,AirTechnik,Filters,13.09,0-50$,103,1348,0.03815038553681527,NA,"27277-1KK0A, CF12237",0.3125,0-1pound,9.17 x 8.82 x 0.94 inches,51-100sq.inch,NA,air filter
epauto cp846 (cf9846a) replacement for subaru/toyota premium cabin air filter includes activated carbon,https://www.amazon.com/EPAuto-CF9846A-Replacement-Premium-Activated/dp/B014TZ3XBO/ref=sr_1_67?dchild=1&keywords=Filters&qid=1633502830&s=automotive&sr=1-67,B014TZ3XBO,EPAUTO,Filters,7.97,0-50$,1033,8233,0.23300602679866472,NA,"63210-AG000, 63210-AG001, 72880-AG00A, 72880-AG01A, 72880-XA00A, 800005P",0.02,0-1pound,8.7 x 8.62 x 1.1 inches,51-100sq.inch,NA,air filter
ecogard xc10491 premium cabin air filter fits ford f-150 2015-2021 f-250 super duty diesel 2017-2021 f-250 super duty 2017-2021 f-350 super duty diesel 2017-2021 expedition 2018-2021,https://www.amazon.com/ECOGARD-XC10491-Premium-Cabin-Filter/dp/B01MY4RH80/ref=sr_1_68?dchild=1&keywords=Filters&qid=1633502830&s=automotive&sr=1-68,B01MY4RH80,ECOGARD,Filters,15.8,0-50$,649,10254,0.2902033036309375,XC10491,FL3Z-19N619A,0.21,0-1pound,1.58 x 8.07 x 10.24 inches,101-200sq.inch,China,air filter
3/8' universal fuel filters industrial tractors cars trucks motorcycles gas powered engine inline gas fuel line 5 pack,https://www.amazon.com/Universal-Filters-Industrial-Tractors-Motorcycles/dp/B093L27DZD/ref=sr_1_69?dchild=1&keywords=Filters&qid=1633502830&s=automotive&sr=1-69,B093L27DZD,JahyShow,Filters,12.99,0-50$,433,5625,0.15919578534464826,NA,NA,0.39375,0-1pound,6.81 x 6.77 x 2.56 inches,101-200sq.inch,NA,fuel filter
fram extra guard air filter ca11895 for select toyota vehicles,https://www.amazon.com/nobrandname-CA11895-FRAM-Air-Filter/dp/B01KW1ZL2S/ref=sr_1_70?dchild=1&keywords=Filters&qid=1633502830&s=automotive&sr=1-70,B01KW1ZL2S,Fram,Filters,14.97,0-50$,1175,17590,0.49782290919330896,"FRAM Extra Guard Air Filter CA11895, for Select Toyota Vehicles",NA,1.06,1.1-2pound,11.75 x 10.24 x 2.3 inches,2011-500sq.inch,Mexico,air filter
puroma 2 pack cabin air filter with activated charcoal layer replacement for cp182 cf11182 honda 80291-t5r-a01 80291-tf0-405 80291-tf0-e01 80292-tba-a11 80292-tf0-g01 80292-tgl-e0,https://www.amazon.com/Puroma-80291-T5R-A01-80291-TF0-405-80291-TF0-E01-80292-TBA-A11/dp/B0874Q4G4H/ref=sr_1_71?dchild=1&keywords=Filters&qid=1633502830&s=automotive&sr=1-71,B0874Q4G4H,Puroma,Filters,13.85,0-50$,739,10235,0.28966557564488443,NA,"80291-T5R-A01, 80291-TF0-405, 80291-TF0-E01, 80292-TGL-E01, 80292-TBA-A11, 80292-TF0-G01",1.05,1.1-2pound,8.6 x 8.4 x 2.6 inches,101-200sq.inch,NA,air filter
philtop cabin air filter replacement for cf12157 camry rav4 corolla rx350 prius c-hr es350 avalon cx-9 es300h rx450h etc premium cabin filter with activated carbon filter pack of 1,https://www.amazon.com/PHILTOP-Replacement-CF12157-Corolla-Activated/dp/B093GVXLDZ/ref=sr_1_72?dchild=1&keywords=Filters&qid=1633502830&s=automotive&sr=1-72,B093GVXLDZ,PHILTOP,Filters,16.99,0-50$,225,3823,0.1081965310884605,NA,87139-0E040 87139-0R030 87139-26010 87139-28020 87139-48050 87139-58010 87139-YZZ37 97139-0E040 97139-58010 72880-FL00A TK48-61-J6X,0.35,0-1pound,9.09 x 7.83 x 1.5 inches,101-200sq.inch,NA,air filter
fram extra guard ph6607 10k mile change interval spin-on oil filter black,https://www.amazon.com/PH6607-Extra-Guard-Passenger-Filter/dp/B000276B18/ref=sr_1_73?dchild=1&keywords=Filters&qid=1633502830&s=automotive&sr=1-73,B000276B18,Fram,Filters,4.48,0-50$,3537,15846,0.4484651403682305,Ph6607,"ALFA ROMEO%46544820, FIAT%46544820, FIAT%46751179, FIAT%55230822, FIAT%71736161, FIAT%9948806, FORD%1133935, FORD%1699522, FORD%3891893, FORD%4089254, FORD%4163333, HYUNDAI%2630002500, HYUNDAI%2630002501, HYUNDAI%2630002502, HYUNDAI%2630002503, HYUNDAI%2630002750, HYUNDAI%2630002751, HYUNDAI%2630003000, HYUNDAI%2630011100, HYUNDAI%2630021010",6.25e-4,0-1pound,2.79 x 2.79 x 2.77 inches,1-50sq.inch,USA,oil filter
ecogard xa10498 premium engine air filter fits honda cr-v 1.5l 2017-2021 civic 1.5l 2016-2021,https://www.amazon.com/ECOGARD-XA10498-Premium-Engine-2016-17/dp/B06VVNVDXH/ref=sr_1_74?dchild=1&keywords=Filters&qid=1633502830&s=automotive&sr=1-74,B06VVNVDXH,ECOGARD,Filters,11.77,0-50$,962,11323,0.3204575782146582,XA10498,17220-5AA-A00,0.65,0-1pound,10.6 x 5.9 x 2.4 inches,101-200sq.inch,China,air filter
k&n premium oil filter: designed to protect your engine: compatible with select chrysler/dodge/jeep/ram vehicle models (see product description for full list of compatible vehicles) ps-7026,https://www.amazon.com/K-N-PS-7026-Oil-Filter/dp/B00S0W6BIK/ref=sr_1_75?dchild=1&keywords=Filters&qid=1633502830&s=automotive&sr=1-75,B00S0W6BIK,K&N,Filters,9.99,0-50$,1380,13786,0.3901641060909015,Oil Filter,PS-7026,0.131875,0-1pound,2.25 x 2.25 x 6.38 inches,1-50sq.inch,"Korea, Republic of",oil filter
epauto gp042 (ca11042) replacement for honda extra guard rigid panel air filter for odyssey (2011-2017),https://www.amazon.com/EPAuto-CA11042-Replacement-Odyssey-2011-2017/dp/B074BBQ3KK/ref=sr_1_76?dchild=1&keywords=Filters&qid=1633502830&s=automotive&sr=1-76,B074BBQ3KK,EPAUTO,Filters,13.87,0-50$,798,11068,0.31324070261236747,NA,17220-RV0-A00,1.1,1.1-2pound,12.36 x 6.89 x 1.93 inches,101-200sq.inch,NA,air filter
mobil 1 m1-108a extended performance oil filter,https://www.amazon.com/Mobil-M1-108A-Extended-Performance-Filter/dp/B07118HQ3V/ref=sr_1_77?dchild=1&keywords=Filters&qid=1633502830&s=automotive&sr=1-77,B07118HQ3V,Mobil 1,Filters,9.97,0-50$,837,8345,0.2361757917690826,Mobil 1 M1-108A Extended Performance Oil Filter,NA,0.02,0-1pound,4 x 4 x 4 inches,51-100sq.inch,USA,oil filter
epauto gp050 (ca12050) replacement for honda extra guard rigid panel air filter for civic 1.5l (2016-2019) cr-v 1.5l (2017-2019),https://www.amazon.com/EPAuto-CA12050-Replacement-2016-2018-2017-2018/dp/B07MFB28F6/ref=sr_1_78?dchild=1&keywords=Filters&qid=1633502830&s=automotive&sr=1-78,B07MFB28F6,EPAUTO,Filters,12.87,0-50$,993,12780,0.36169282430304084,NA,17220-5AA-A00,0.73125,0-1pound,10.08 x 6.02 x 2.36 inches,101-200sq.inch,NA,air filter
k&n air filter oil: 12.25 oz aerosol; restore engine air filter performance and efficiency 99-0516,https://www.amazon.com/99-0516-Air-Filter-Oil-Aerosol/dp/B00029WYBM/ref=sr_1_76?dchild=1&keywords=Filters&qid=1633502864&s=automotive&sr=1-76,B00029WYBM,K&N,Filters,9.43,0-50$,1225,11552,0.3269386155202448,Air Filter Oil - 12.25oz - Aerosol,99-0516,0.95,0-1pound,NA,NA,USA,air filter
k&n 81-0300 replacement fuel filter,https://www.amazon.com/81-0300-Replacement-Fuel-Filter/dp/B07X64ZN5H/ref=sr_1_77?dchild=1&keywords=Filters&qid=1633502864&s=automotive&sr=1-77,B07X64ZN5H,K&N,Filters,5.99,0-50$,897,5373,0.15206381416120804,R,NA,0.149375,0-1pound,3.4 x 6 x 1.7 inches,1-50sq.inch,China,fuel filter
ecogard xc36115 premium cabin air filter fits subaru forester 2009-2018 impreza 2008-2016 xv crosstrek 2013-2015 crosstrek 2016-2017 wrx 2012-2019 wrx sti 2014-2019,https://www.amazon.com/ECOGARD-XC36115-Premium-Forester-Crosstrek/dp/B00CT30SSU/ref=sr_1_78?dchild=1&keywords=Filters&qid=1633502864&s=automotive&sr=1-78,B00CT30SSU,ECOGARD,Filters,11.02,0-50$,1415,15593,0.4413048677118401,XC36115,72880-FG000,0.45,0-1pound,11.4 x 11 x 4.3 inches,501-1000sq.inch,China,air filter
philtop engine air filter eaf009 replacement for accord l4 gas (2013-2017) tlx l4 (2015-2020) compatible with ca11476 air filter protect engine & improves acceleration,https://www.amazon.com/PHILTOP-Engine-Filter-Compatible-CA11476/dp/B08MPSV4K1/ref=sr_1_80?dchild=1&keywords=Filters&qid=1633502864&s=automotive&sr=1-80,B08MPSV4K1,PHILTOP,Filters,11.87,0-50$,674,8000,0.22641178360127753,NA,"CA11476, 17220-5A2-A00",0.9875,0-1pound,12.64 x 8.03 x 2.64 inches,2011-500sq.inch,NA,air filter
fd134 cabin air filterreplacement for 80292-sda-a0180292-sec-a0180292-t0g-a01,https://www.amazon.com/80292-SDA-A01-80292-SDC-A01-80292-SEC-A01-80292-SHJ-A41-80292-SWA-A01/dp/B07DR7B5Z6/ref=sr_1_81?dchild=1&keywords=Filters&qid=1633502864&s=automotive&sr=1-81,B07DR7B5Z6,FUN-DRIVING,Filters,9.29,0-50$,3113,28920,0.8184785977186183,NA,"80292-SDA-A01, 80292-SDC-A01, 80292-SEC-A01, 80292-SHJ-A41, 80292-SWA-A01, 80292-T0G-A01, 80292-TZ5-A41, 800003P",0.55,0-1pound,9.3 x 8.9 x 1.19 inches,51-100sq.inch,NA,air filter
ecogard xa11536 premium engine air filter fits subaru crosstrek 2.0l 2018-2019 impreza 2.0l 2017-2019 forester 2.5l 2019-2020 ascent 2.4l 2019-2020 legacy 2.5l 2020 outback 2.4l 2020,https://www.amazon.com/ECOGARD-XA11536-Premium-Crosstrek-Impreza/dp/B07FK6DZQX/ref=sr_1_82?dchild=1&keywords=Filters&qid=1633502864&s=automotive&sr=1-82,B07FK6DZQX,ECOGARD,Filters,18.49,0-50$,701,12961,0.36681539090701976,XA11536,NA,0.3625,0-1pound,10.6 x 9.2 x 2.4 inches,2011-500sq.inch,China,air filter
philtop engine air filter eaf035 (ca11858) replacement for rogue l4 (2014-2020) rogue sport (2017-2021) improve engine performance,https://www.amazon.com/PHILTOP-Replacement-2014-2020-2017-2021-Performance/dp/B097YCM6VY/ref=sr_1_83?dchild=1&keywords=Filters&qid=1633502864&s=automotive&sr=1-83,B097YCM6VY,PHILTOP,Filters,11.97,0-50$,190,2274,0.06435754948866314,NA,"CA11858, 16546-4BA01, 16546-4BA1A, 16546-4BA1J, 16546-4BC1A, 16546-4BC2A, PA10008, AF1663, 33-5016, AF5235, MGA10215, A90046, WA610215, A95235, A28177, WAF5235, WAF5253, SA11858, VA-438, WA10215, MT-858, XA10423, GP858, AF54M-4BA1J-NW",0.65625,0-1pound,9.84 x 6.77 x 1.46 inches,51-100sq.inch,NA,air filter
acdelco gm original equipment pf2257g engine oil filter and cap seal (o-ring) (use with cap marked hengst),https://www.amazon.com/ACDelco-PF2257G-Professional-Engine-Filter/dp/B002E51W06/ref=sr_1_84?dchild=1&keywords=Filters&qid=1633502864&s=automotive&sr=1-84,B002E51W06,ACDelco,Filters,6.56,0-50$,853,5596,0.15837504262909363,55594651,55594651,0.05,0-1pound,4.27 x 2.42 x 2.42 inches,1-50sq.inch,USA,oil filter
fleetguard cv52001 crankcase filter,https://www.amazon.com/Cummins-Filtration-FBA_CV52001-Fleetguard-Crankcase/dp/B009YMG7PW/ref=sr_1_85?dchild=1&keywords=Filters&qid=1633502864&s=automotive&sr=1-85,B009YMG7PW,Cummins Filtration,Filters,87.85,51-100$,1313,115347,3.26449000038207,FBA_CV52001,"4936636, 68002433AB, CV52001",0.8375,0-1pound,7 x 16 x 3 inches,2011-500sq.inch,NA,NA
acdelco gm original equipment pf63 engine oil filter,https://www.amazon.com/ACDelco-Original-Equipment-PF63-Engine/dp/B08WGZ7TGK/ref=sr_1_86?dchild=1&keywords=Filters&qid=1633502864&s=automotive&sr=1-86,B08WGZ7TGK,ACDelco,Filters,8,0-50$,1462,11696,0.3310140276250677,GM Original Equipment,NA,0.61875,0-1pound,4.78 x 3.16 x 3.16 inches,1-50sq.inch,USA,oil filter
puroma cabin air filter with activated carbon replacement for cp285 cf10285 toyota lexus scion (2 pcs),https://www.amazon.com/Puroma-Filter-Activated-Replacement-CF10285/dp/B07QLVSK6S/ref=sr_1_87?dchild=1&keywords=Filters&qid=1633502864&s=automotive&sr=1-87,B07QLVSK6S,Puroma,Filters,13.85,0-50$,959,13282,0.375900163724021,NA,"CF10285, SEDNF-29100, SEDNF-29110, Toyota Genuine part # 87139-02020, 87139-02090, 87139-06040, 87139-06080, 87139-07010, 87139-07020, 87139-08030, 87139-0D010, 87139-0D070, 87139-30040, 87139-30070, 87139-47010, 87139-47010-83, 87139-48020, 87139-50060, 87139-50100, 87139-52020, 87139-52040, 87139-60020, 87139-76010, 87139-YZZ08, 87139-YZZ10, 87139-YZZ16, 87139-YZZ20",0.41875,0-1pound,7.6 x 8.43 x 1.18 inches,51-100sq.inch,NA,air filter
fram ultra synthetic 20000 mile protection oil filter xg3614 with suregrip (pack of 1),https://www.amazon.com/FRAM-XG3614-Spin-Ultra-Filter/dp/B000C2ZKJW/ref=sr_1_91?dchild=1&keywords=Filters&qid=1633502864&s=automotive&sr=1-91,B000C2ZKJW,Fram,Filters,8.97,0-50$,1521,13643,0.38611699545902867,XG3614,XG3614,0.73125,0-1pound,3.43 x 3.43 x 4 inches,1-50sq.inch,USA,oil filter
quicksilver 802893q01 fuel/water separating filter quicksilver/mercury unspecified unspecified,https://www.amazon.com/802893Q01-Separating-Filter-Quicksilver-Mercury/dp/B001HBX3IC/ref=sr_1_92?dchild=1&keywords=Filters&qid=1633502864&s=automotive&sr=1-92,NA,MERCURY,Filters,12.33,0-50$,2237,27582,0.7806112269113046,NA,NA,NA,NA,NA,NA,NA,water filter
philtop engine air filter panel air filter for sienna camry highlander avalon durango grand cherokee es350 nx200t nx300 rx350 compatible with ca10755 oem engine filter,https://www.amazon.com/PHILTOP-Highlander-Cherokee-Compatible-CA10755/dp/B08MPW91XP/ref=sr_1_93?dchild=1&keywords=Filters&qid=1633502864&s=automotive&sr=1-93,B08MPW91XP,PHILTOP,Filters,13.77,0-50$,821,11305,0.31994815170155527,CA10755 Air Filter,"CA10755, GP075",0.8375,0-1pound,9.84 x 8.66 x 2.52 inches,2011-500sq.inch,NA,air filter
acdelco gm original equipment a3202c air filter,https://www.amazon.com/ACDelco-A3202C-Professional-Air-Filter/dp/B014X6SKGW/ref=sr_1_94?dchild=1&keywords=Filters&qid=1633502864&s=automotive&sr=1-94,B014X6SKGW,ACDelco,Filters,24.13,0-50$,158,3813,0.1079135163589589,Air Filter,13367308,0.45,0-1pound,7 x 10 x 6 inches,2011-500sq.inch,China,air filter
spectre essentials engine air filter: premium 50-percent longer life: fits select 2011-2020 dodge/chrysler/volkswagen (grand caravan town and country van cargo van routan) spa-2462,https://www.amazon.com/Spectre-Essentials-Engine-Air-Filter/dp/B08RR8N5H3/ref=sr_1_95?dchild=1&keywords=Filters&qid=1633502864&s=automotive&sr=1-95,B08RR8N5H3,Spectre Performance,Filters,13.99,0-50$,267,3735,0.10570600146884646,Spectre Essential Filter,NA,0.7,0-1pound,10 x 10.5 x 2.75 inches,2011-500sq.inch,USA,air filter
philtop cabin air filter cf10728 replacement for elantra 2007-2016 forte 2014-2018 accent 2008-2011 premium acf039 cabin filter with activated carbon clean airflow filter up dust pollen,https://www.amazon.com/PHILTOP-Replacement-2007-2016-2014-2018-2008-2011/dp/B098DVT2X4/ref=sr_1_96?dchild=1&keywords=Filters&qid=1633502864&s=automotive&sr=1-96,B098DVT2X4,PHILTOP,Filters,12.79,0-50$,236,3018,0.08541384536358194,NA,"08790-2H000A, 97133-2H000, 97133-2H001, 97133-2H001, A7F79-AQ000",0.30625,0-1pound,9.37 x 7.68 x 0.79 inches,51-100sq.inch,NA,air filter
fram extra guard air filter ca4309 for select infiniti nissan saab and subaru vehicles,https://www.amazon.com/CA4309-Extra-Flexible-Rectangular-Filter/dp/B0009H51MG/ref=sr_1_97?dchild=1&keywords=Filters&qid=1633502864&s=automotive&sr=1-97,B0009H51MG,Fram,Filters,7.94,0-50$,1701,13506,0.38223969366485677,TRV146601,CA4309,0.41875,0-1pound,6.85 x 1.54 x 11.39 inches,101-200sq.inch,USA,air filter
philtop engine air filter replacement for ca9997 gp997 mt-997 impreza legacy forester outback wrx wrx sti tribeca crosstrek xv crosstrek b9 tribeca pack of 1,https://www.amazon.com/PHILTOP-Replacement-Impreza-Forester-Crosstrek/dp/B08MT4JRHH/ref=sr_1_98?dchild=1&keywords=Filters&qid=1633502864&s=automotive&sr=1-98,B08MT4JRHH,PHILTOP,Filters,9.99,0-50$,579,5784,0.16369571954372367,NA,"16546-AA090, 16546-AA10A, 16546-AA120, 16546-AA12A",0.6,0-1pound,9.17 x 8.98 x 1.73 inches,101-200sq.inch,NA,air filter
philtop engine air filter replacement for ca11113 gp213 mt-113 civic 1.8l l4 gas (2012-2015) ilx base 2.0l l4 (2015) pack of 1,https://www.amazon.com/PHILTOP-Engine-Filter-Replacement-CA11113/dp/B08MT3PL32/ref=sr_1_99?dchild=1&keywords=Filters&qid=1633502864&s=automotive&sr=1-99,B08MT3PL32,PHILTOP,Filters,10.99,0-50$,349,3836,0.10856445023681258,NA,17220-R1A-A01,0.70625,0-1pound,10.16 x 7.72 x 2.24 inches,101-200sq.inch,NA,air filter
fram extra guard air filter ca10171 for select toyota vehicles,https://www.amazon.com/CA10171-Extra-Guard-Panel-Filter/dp/B0010DXYHW/ref=sr_1_100?dchild=1&keywords=Filters&qid=1633502864&s=automotive&sr=1-100,B0010DXYHW,Fram,Filters,10.47,0-50$,1013,10606,0.3001654221093937,CA10171,TOYOTA%1780128030,0.65,0-1pound,4.53 x 3.11 x 0.63 inches,1-50sq.inch,Indonesia,air filter
philtop cabin air filter replacement for cf11811 cpj6x cx-5 2014-2020 premium cabin filter with activated carbon filter up dust pollen oder,https://www.amazon.com/PHILTOP-Replacement-CF11811-2014-2020-Activated/dp/B08MQP5JTS/ref=sr_1_101?dchild=1&keywords=Filters&qid=1633502864&s=automotive&sr=1-101,B08MQP5JTS,PHILTOP,Filters,10.79,0-50$,450,4856,0.13743195264597546,ACF03 Cabin Air Filter,NA,0.4375,0-1pound,8.46 x 7.67 x 0.7 inches,1-50sq.inch,NA,air filter
fram ca10677 extra guard flexible rectangular panel air filter for lexus and toyota vehicles,https://www.amazon.com/CA10677-Extra-Guard-Panel-Filter/dp/B007RW2XYA/ref=sr_1_102?dchild=1&keywords=Filters&qid=1633502864&s=automotive&sr=1-102,B007RW2XYA,Fram,Filters,13.54,0-50$,892,12078,0.34182519029202874,NA,CA10677,0.55,0-1pound,4.14 x 2.82 x 0.56 inches,1-50sq.inch,USA,air filter
ecogard xc10020 premium cabin air filter fits nissan altima 2013-2017 pathfinder 2013-2020 maxima 2015-2020 murano 2016-2020 | infiniti qx60 2014-2020 jx35 2013,https://www.amazon.com/ECOGARD-XC10020-Premium-Pathfinder-Infiniti/dp/B00I90IWOY/ref=sr_1_100?dchild=1&keywords=Filters&qid=1633503091&s=automotive&sr=1-100,B00I90IWOY,ECOGARD,Filters,10.69,0-50$,776,8295,0.23476071812157462,XC10020,27277-3JC1A,0.3,0-1pound,11.26 x 9.76 x 1.02 inches,101-200sq.inch,China,air filter
fram extra guard air filter ca10242 for select ford lincoln mazda and mercury vehicles,https://www.amazon.com/CA10242-Extra-Guard-Panel-Filter/dp/B001C97ZVA/ref=sr_1_102?dchild=1&keywords=Filters&qid=1633503091&s=automotive&sr=1-102,B001C97ZVA,Fram,Filters,12.51,0-50$,771,9645,0.2729677066042902,CA10242,CA10242,0.1,0-1pound,4.69 x 2.63 x 0.68 inches,1-50sq.inch,USA,air filter
epauto gp881 (28113-2p100) replacement extra guard panel engine air filter,https://www.amazon.com/EPAuto-28113-2P100-Replacement-2013-2016-2011-2014/dp/B01AXAKVJG/ref=sr_1_103?dchild=1&keywords=Filters&qid=1633503091&s=automotive&sr=1-103,B01AXAKVJG,EPAUTO,Filters,11.97,0-50$,673,8056,0.22799666608648647,NA,28113-2P100,0.75,0-1pound,11.14 x 9.09 x 1.85 inches,101-200sq.inch,NA,air filter
fram fresh breeze cabin air filter with arm & hammer baking soda cf10729 for select chrysler dodge and jeep vehicles,https://www.amazon.com/CF10729-Fresh-Breeze-Filter-Hammer/dp/B004M7ODR8/ref=sr_1_104?dchild=1&keywords=Filters&qid=1633503091&s=automotive&sr=1-104,B004M7ODR8,Fram,Filters,28.41,0-50$,98,2784,0.07879130069324458,FRAM CF10729 Fresh Breeze Cabin Air Filter with Arm & Hammer,CF10729,0.4,0-1pound,9 x 2 x 8 inches,101-200sq.inch,China,air filter
ecogard xa6151 premium engine air filter fits dodge journey 3.6l 2011-2019 avenger 3.6l 2011-2014 | chrysler 200 3.6l 2011-2014,https://www.amazon.com/ECOGARD-XA6151-Premium-Journey-Chrysler/dp/B00I8IOT76/ref=sr_1_105?dchild=1&keywords=Filters&qid=1633503091&s=automotive&sr=1-105,B00I8IOT76,ECOGARD,Filters,10.01,0-50$,165,1652,0.04675403331366381,XA6151,68081249 AC,0.4,0-1pound,10.6 x 9.3 x 2.4 inches,2011-500sq.inch,China,air filter
motorcraft fl2016 oil filter,https://www.amazon.com/Motorcraft-FL-2016-Oil-Filter/dp/B000ARPVQ6/ref=sr_1_106?dchild=1&keywords=Filters&qid=1633503091&s=automotive&sr=1-106,B000ARPVQ6,Motorcraft,Filters,18.1,0-50$,2907,52617,1.4891386022185527,FL-2016,FL2016,0.3,0-1pound,1.4 x 1.1 x 0.8 inches,1-50sq.inch,NA,oil filter
motorcraft - oil filter (fl910s),https://www.amazon.com/Motorcraft-FL-910S-Oil-Filter/dp/B004A2BCWY/ref=sr_1_107?dchild=1&keywords=Filters&qid=1633503091&s=automotive&sr=1-107,B004A2BCWY,Motorcraft,Filters,3.97,0-50$,1952,7749,0.21930811389078742,FL-910S,BE8Z-6731-AB,0.61875,0-1pound,4.33 x 3.23 x 3.11 inches,1-50sq.inch,China,oil filter
philtop cabin air filter replacement for cp709 cf10709 be-709 accent tucson veloster genesis coupe rio sportage forte includes activated carbon pack of 1,https://www.amazon.com/PHILTOP-Replacement-Veloster-Sportage-Activated/dp/B08MTXVNML/ref=sr_1_108?dchild=1&keywords=Filters&qid=1633503091&s=automotive&sr=1-108,B08MTXVNML,PHILTOP,Filters,8.99,0-50$,469,4216,0.11931900995787326,NA,"08790-2E200, 08790-2E200A, 087902E200, 2SF79-AQ000, 97129-2E200, 97133-2E200, 97133-2E210, 97113-2E200, P8790-1F200A",0.2875,0-1pound,9.21 x 8.27 x 0.91 inches,51-100sq.inch,NA,air filter
fuel filter water separator and oil filter set replaces 68436631aa 68157291aa 5083285aa  fits for dodge ram 2019 2020 2021 6.7l cummins diesel 2500 3500 4500 5500,https://www.amazon.com/Separator-Replaces-68436631AA-68157291AA-5083285AA/dp/B08NY54FSD/ref=sr_1_109?dchild=1&keywords=Filters&qid=1633503091&s=automotive&sr=1-109,B08NY54FSD,KOROP AUTO PARTS,Filters,40.99,0-50$,158,6476,0.18328033882523415,NA,"5083285AA, 68157291AA, 68436631AA",3.21,2.1-5pound,10.59 x 9.69 x 5.12 inches,501-1000sq.inch,NA,fuel filter
mann-filter cuk 2939 cabin filter with activated charcoal for select audi/volkswagen models,https://www.amazon.com/Mann-Filter-CUK-2939-Filter-Volkswagen/dp/B001DRNNKI/ref=sr_1_110?dchild=1&keywords=Filters&qid=1633503091&s=automotive&sr=1-110,B001DRNNKI,Mann Filter,Filters,8.59,0-50$,849,7293,0.20640264222551463,NA,1K0819644,0.7375,0-1pound,8.66 x 2.36 x 11.42 inches,2011-500sq.inch,China,cabin filter
philtop engine air filter eaf057 (ca10677) replacement for rav4 gas (2013-2018) camry hybird (2012-2017) avalon hybrid (2013-2018) ls460 (2007-2017) ls600h es300h hs250h,https://www.amazon.com/PHILTOP-Replacement-2013-2018-2012-2017-2007-2017/dp/B097YBSTCW/ref=sr_1_111?dchild=1&keywords=Filters&qid=1633503091&s=automotive&sr=1-111,B097YBSTCW,PHILTOP,Filters,13.59,0-50$,186,2528,0.0715461236180037,NA,"CA10677, 17801-0V020, 17801-38010, 33-2381, PA5786, 49310",0.525,0-1pound,10.51 x 7.2 x 1.42 inches,101-200sq.inch,NA,air filter
puroma cabin air filter with activated carbon replacement for cp134 cf10134 honda & acura civic cr-v odyssey csx ilx mdx rdx at134 (1 pc),https://www.amazon.com/Puroma-Activated-Replacement-CF10134-Odyssey/dp/B07VCKCPYK/ref=sr_1_115?dchild=1&keywords=Filters&qid=1633503091&s=automotive&sr=1-115,B07VCKCPYK,Puroma,Filters,10.85,0-50$,913,9906,0.2803543910442819,NA,"# 80292-SDA-A01, 80292-SDC-A01, 80292-SEC-A01, 80292-SHJ-A41, 80292-SWA-A01, 80292-T0G-A01, 80292-TZ5-A41",0.55,0-1pound,8.3 x 9.2 x 1.2 inches,51-100sq.inch,NA,air filter
epauto gp213 (17220-r1a-a01) replacement for honda / acura extra guard panel engine air filter for civic 1.8l (2012-2015) ilx base 2.0l (2013-2015),https://www.amazon.com/EPAuto-17220-R1A-A01-Replacement-2012-2015-2013-2015/dp/B01G7JDPS6/ref=sr_1_116?dchild=1&keywords=Filters&qid=1633503091&s=automotive&sr=1-116,B01G7JDPS6,EPAUTO,Filters,10.87,0-50$,861,9359,0.26487348534054456,NA,17220-R1A-A01,0.6625,0-1pound,9.88 x 7.52 x 2.05 inches,101-200sq.inch,NA,air filter
philtop cabin air filter replacement for cf11819 equinox sonata optima santa fe (sport/xl) terrain vue sedona captiva sport premium cabin filter with activated carbon filter pack of 1,https://www.amazon.com/PHILTOP-Replacement-CF11819-Equinox-Activated/dp/B093GX6XKQ/ref=sr_1_117?dchild=1&keywords=Filters&qid=1633503091&s=automotive&sr=1-117,B093GX6XKQ,PHILTOP,Filters,11.99,0-50$,445,5336,0.1510166596620521,NA,3SF79-AQ000 97133-3SAA0 2TF79-AQ000 3RF79-AQ000 4DF79-AQ000 97133-3SAA0 97133-A9000 A9C79-AC000 19130294 20901295,0.4,0-1pound,10.43 x 9.37 x 1.14 inches,101-200sq.inch,NA,air filter
philtop cabin air filter replacement for cf11176 explorer 2011-2019 taurus 2009-2019 flex 2009-2019 premium acf026 cabin filter with activated carbon clean airflow filter up dust pollen,https://www.amazon.com/PHILTOP-Replacement-2011-2019-2009-2019-Activated/dp/B098DX3HZ6/ref=sr_1_118?dchild=1&keywords=Filters&qid=1633503091&s=automotive&sr=1-118,B098DX3HZ6,PHILTOP,Filters,12.99,0-50$,203,2637,0.0746309841695711,NA,"AE9Z-19N619-A, CF11176",0.34375,0-1pound,8.78 x 7.44 x 0.98 inches,51-100sq.inch,NA,air filter
k&n premium oil filter: designed to protect your engine: compatible with select toyota/lexus/suzuki/chevrolet vehicle models (see product description for full list of compatible vehicles) ps-1003,https://www.amazon.com/PS-1003-Pro-Oil-Filter/dp/B0067ECOZW/ref=sr_1_119?dchild=1&keywords=Filters&qid=1633503091&s=automotive&sr=1-119,B0067ECOZW,K&N,Filters,6.99,0-50$,919,6424,0.18180866223182585,Oil Filter,PS-1003,0.1,0-1pound,11.5 x 8.5 x 3.5 inches,2011-500sq.inch,USA,oil filter
k&n premium oil filter: protects your engine: compatible with select ford/lincoln/toyota/volkswagen vehicle models (see product description for full list of compatible vehicles) hp-1002,https://www.amazon.com/HP-1002-Performance-Wrench-Off-Oil-Filter/dp/B000C3XDB8/ref=sr_1_120?dchild=1&keywords=Filters&qid=1633503091&s=automotive&sr=1-120,B000C3XDB8,K&N,Filters,14.99,0-50$,3357,50321,1.4241584203249857,Oil Filter,PS-1002,0.7375,0-1pound,3.12 x 3.12 x 3.8 inches,1-50sq.inch,USA,oil filter
tyc cabin air filter,https://www.amazon.com/TYC-800198C-Cabin-Air-Filter/dp/B08SBHQ9JV/ref=sr_1_121?dchild=1&keywords=Filters&qid=1633503091&s=automotive&sr=1-121,B08SBHQ9JV,TYC,Filters,10.34,0-50$,60,620,0.017546913229099008,TYC 800198C Replacement Cabin Air Filter,FL3Z19N619A,0.50625,0-1pound,11.06 x 8.7 x 1.81 inches,101-200sq.inch,Taiwan,air filter
acdelco tp1015 professional fuel filter with seals,https://www.amazon.com/ACDelco-TP1015-Professional-Filter-Seals/dp/B01MTYKPJF/ref=sr_1_122?dchild=1&keywords=Filters&qid=1633503091&s=automotive&sr=1-122,B01MTYKPJF,ACDelco,Filters,22.34,0-50$,2206,49282,1.39475318992977,NA,23304096,0.3375,0-1pound,4.8 x 3.9 x 3.9 inches,51-100sq.inch,Czech Republic,fuel filter
fram ultra synthetic 20000 mile protection oil filter xg9972 (pack of 1),https://www.amazon.com/XG9972-Ultra-Synthetic-Premium-Filter/dp/B00EAOI93W/ref=sr_1_123?dchild=1&keywords=Filters&qid=1633503091&s=automotive&sr=1-123,B00EAOI93W,Fram,Filters,10.97,0-50$,1473,16159,0.45732350140163047,XG9972,XG9972,0.022,0-1pound,3.1 x 3.6 x 3.2 inches,1-50sq.inch,USA,oil filter
fram g12 in-line fuel filter,https://www.amazon.com/FRAM-G12-in-Line-Fuel-Filter/dp/B0009H523O/ref=sr_1_124?dchild=1&keywords=Filters&qid=1633503091&s=automotive&sr=1-124,B0009H523O,Fram,Filters,6.55,0-50$,755,4945,0.13995078373853967,FRAM G12 In-Line Fuel Filter,"ALFA ROMEO%71736105, BMW%13321277497, BMW%13321278272, BMW%16142325859",0.1,0-1pound,2.29 x 2.29 x 4.04 inches,1-50sq.inch,USA,fuel filter
ecogard xc35865 premium cabin air filter fits hyundai accent 2012-2017 tucson 2005-2015 veloster 2012-2017 genesis coupe 2010-2016 | kia sportage 2005-2016 rio 2006-2017 forte 2010-2013,https://www.amazon.com/ECOGARD-XC35865-Premium-Sportage-Veloster/dp/B00CTA12YM/ref=sr_1_125?dchild=1&keywords=Filters&qid=1633503091&s=automotive&sr=1-125,B00CTA12YM,ECOGARD,Filters,12.46,0-50$,75,935,0.02646187720839931,XC35865,97133-2E200,0.25,0-1pound,10.6 x 9.1 x 1.3 inches,101-200sq.inch,China,air filter
epauto gp171 (ca10171) replacement for toyota rigid panel engine air filter for camry gas l4 (2007-2016) venza gas l4 (2009-2015); suggest replace with cabin air filter cp285 (cf10285),https://www.amazon.com/EPAuto-CA10171-Replacement-2007-2016-2009-2015/dp/B017OIKEPQ/ref=sr_1_126?dchild=1&keywords=Filters&qid=1633503091&s=automotive&sr=1-126,B017OIKEPQ,EPAUTO,Filters,9.97,0-50$,864,8614,0.24378888799267556,NA,17801-28030,0.4375,0-1pound,11.97 x 8.07 x 1.81 inches,101-200sq.inch,NA,air filter
philtop engine air filter eaf003 replacement for camry gas l4 (2007-2017) venza gas l4 (2009-2015) compatible with ca10171 air filter protect engine & improves acceleration,https://www.amazon.com/PHILTOP-Replacement-2007-2017-Compatible-Acceleration/dp/B08MPSC9Q6/ref=sr_1_124?dchild=1&keywords=Filters&qid=1633503126&s=automotive&sr=1-124,B08MPSC9Q6,PHILTOP,Filters,9.47,0-50$,556,5265,0.14900725508259077,NA,"CA10171, 17801-0H050, 17801-28030",0.41875,0-1pound,11.7 x 8 x 1.8 inches,101-200sq.inch,NA,air filter
philtop engine air filter replacement for ca10467 gp467 accord 2.4l (2008-2012)  crosstour 2.4l (2013-2015)  pack of 1,https://www.amazon.com/PHILTOP-Replacement-2008-2012-Crosstour-2013-2015/dp/B08MSYG4MV/ref=sr_1_125?dchild=1&keywords=Filters&qid=1633503126&s=automotive&sr=1-125,B08MSYG4MV,PHILTOP,Filters,12.99,0-50$,70,909,0.02572603891169516,NA,17220-R40-A00,0.875,0-1pound,11.06 x 9.21 x 2.2 inches,2011-500sq.inch,NA,air filter
k&n engine air filter: high performance washable replacement filter: compatible with 2007-2019 ford/lincoln truck and suv (f150 f150 raptor expedition navigator f250/350/450/550/650) 33-2385,https://www.amazon.com/engine-air-filter-washable-reusable/dp/B000V5SP92/ref=sr_1_126?dchild=1&keywords=Filters&qid=1633503126&s=automotive&sr=1-126,B000V5SP92,K&N,Filters,47.01,0-50$,600,28206,0.7982713460322043,Replacement Air Filter,FORD%7c3z9601a|FORD%al349601ca|FORD%fa1883,1,0-1pound,11 x 11 x 12.5 inches,>1000sq.inch,USA,air filter
acdelco gm original equipment pf66 engine oil filter,https://www.amazon.com/ACDelco-PF66-Professional-Oil-Filter/dp/B0821WZX7K/ref=sr_1_127?dchild=1&keywords=Filters&qid=1633503126&s=automotive&sr=1-127,B0821WZX7K,ACDelco,Filters,8.77,0-50$,803,7042,0.19929897251502454,GM Original Equipment,NA,0.51875,0-1pound,3.5 x 3.2 x 3.1 inches,1-50sq.inch,USA,oil filter
ecogard xf59292 premium diesel fuel filter fits ford f-250 super duty 7.3l diesel 1999-2003 f-350 super duty 7.3l diesel 1999-2003 excursion 7.3l diesel 2000-2003,https://www.amazon.com/ECOGARD-XF59292-Diesel-Fuel-Filter/dp/B00I8J1VV2/ref=sr_1_128?dchild=1&keywords=Filters&qid=1633503126&s=automotive&sr=1-128,B00I8J1VV2,ECOGARD,Filters,23.84,0-50$,340,8106,0.22941173973399445,XF59292,FD4596,0.83125,0-1pound,5.1 x 5 x 4.1 inches,101-200sq.inch,China,fuel filter
mahle lak 888 cabin air filter,https://www.amazon.com/MAHLE-Original-LAK-888-Filter/dp/B00UAPEDLW/ref=sr_1_129?dchild=1&keywords=Filters&qid=1633503126&s=automotive&sr=1-129,B00UAPEDLW,Mahle,Filters,24.06,0-50$,161,3874,0.10963990620891866,LAK 888,"VW 5Q0819653, VW 5Q0819669",0.6625,0-1pound,9.96 x 7.02 x 5.31 inches,2011-500sq.inch,Romania,air filter
philtop cabin air filter replacement for cp173 cf11173 be-173 altima maxima murano quest includes activated carbon pack of 1,https://www.amazon.com/PHILTOP-Filter-Replacement-CF11173-Activated/dp/B08MSYBQYX/ref=sr_1_130?dchild=1&keywords=Filters&qid=1633503126&s=automotive&sr=1-130,B08MSYBQYX,PHILTOP,Filters,9.99,0-50$,80,799,0.022612876887177592,NA,"27277-JA000, 27277-JA00A, 27277-JA00C, B7277-JN20A",0.4875,0-1pound,11.06 x 10.59 x 0.79 inches,51-100sq.inch,NA,air filter
acdelco a3231c professional air filter,https://www.amazon.com/ACDelco-A3231C-Professional-Air-Filter/dp/B01NBIJEFD/ref=sr_1_131?dchild=1&keywords=Filters&qid=1633503126&s=automotive&sr=1-131,B01NBIJEFD,ACDelco,Filters,31.22,0-50$,395,12332,0.34901376442136933,84262965,84262965,1.6,1.1-2pound,11.6 x 11.5 x 3.6 inches,2011-500sq.inch,Canada,air filter
mopar 0508 3285aa engine oil filter,https://www.amazon.com/Mopar-05083285AA-Engine-Oil-Filter/dp/B0046NNNGK/ref=sr_1_132?dchild=1&keywords=Filters&qid=1633503126&s=automotive&sr=1-132,B0046NNNGK,Mopar,Filters,14.55,0-50$,357,5194,0.14699785050312944,05083285AA,05083285AA,1.54,1.1-2pound,11 x 5 x 8 inches,2011-500sq.inch,NA,oil filter
fram extra guard air filter ca9997 for select subaru vehicles,https://www.amazon.com/CA9997-Extra-Guard-Rectangular-Filter/dp/B001C6Q34S/ref=sr_1_133?dchild=1&keywords=Filters&qid=1633503126&s=automotive&sr=1-133,B001C6Q34S,Fram,Filters,10.39,0-50$,1238,12863,0.3640418465579041,NA,NA,0.5,0-1pound,3.37 x 3.35 x 0.54 inches,1-50sq.inch,USA,air filter
philtop cabin air filter replacement for jetta 2019-2021 tiguan 2018-2020 atlas 2018-2021 golf 2015-2021 premium acf028(cf11643) cabin filter with activated carbon filter up dust pollen,https://www.amazon.com/PHILTOP-Replacement-2019-2021-2018-2020-2018-2021/dp/B098DWSXT2/ref=sr_1_134?dchild=1&keywords=Filters&qid=1633503126&s=automotive&sr=1-134,B098DWSXT2,PHILTOP,Filters,15.99,0-50$,206,3294,0.09322505189782603,NA,"5Q0 819 644, 5Q0 819 644A, 5Q0 819 653, 5Q0 819 669",0.54375,0-1pound,10.1 x 9.64 x 1.25 inches,101-200sq.inch,NA,air filter
motorcraft fd4625 fd-4625 element,https://www.amazon.com/Motorcraft-FD-4625-Element/dp/B0722CHB9J/ref=sr_1_135?dchild=1&keywords=Filters&qid=1633503126&s=automotive&sr=1-135,B0722CHB9J,Motorcraft,Filters,53.89,51-100$,1613,86925,2.460105536192631,FD-4625,FD4625,2,1.1-2pound,9.99 x 9.99 x 9.99 inches,501-1000sq.inch,NA,NA
ecogard xc36154c premium cabin air filter with activated carbon odor eliminator fits chevrolet cruze 2011-2016 trax 2013-2021 malibu 2013-2015 sonic 2012-2019 spark 2013-2021 cruze limited 2016,https://www.amazon.com/ECOGARD-XC36154C-Filter-Activated-Eliminator/dp/B00I8IU5DS/ref=sr_1_139?dchild=1&keywords=Filters&qid=1633503126&s=automotive&sr=1-139,B00I8IU5DS,ECOGARD,Filters,15.22,0-50$,381,5799,0.16412024163797606,XC36154C,13271191,0.75,0-1pound,10.7 x 9.3 x 2.3 inches,2011-500sq.inch,China,air filter
spectre essentials engine air filter: premium 50-percent longer life: fits select 2010-2021 toyota/lexus/dodge/jeep (avalon camry rav4 highlander sienna es350 nx300 rx350 durango) spa-2457,https://www.amazon.com/Spectre-Essentials-Engine-Air-Filter/dp/B08QSND9KV/ref=sr_1_140?dchild=1&keywords=Filters&qid=1633503126&s=automotive&sr=1-140,B08QSND9KV,Spectre Performance,Filters,13.99,0-50$,470,6575,0.18608218464729998,Spectre Essential Filter,NA,0.65625,0-1pound,9.75 x 9.75 x 2.25 inches,2011-500sq.inch,USA,air filter
mann-filter w 719/45 spin-on oil filter,https://www.amazon.com/Mann-Filter-719-45-Spin-Filter/dp/B002UZGCSW/ref=sr_1_141?dchild=1&keywords=Filters&qid=1633503126&s=automotive&sr=1-141,B002UZGCSW,Mann Filter,Filters,11.93,0-50$,979,11679,0.330532902584915,NA,06H115403,0.5,0-1pound,3.94 x 3.94 x 4.84 inches,51-100sq.inch,China,oil filter
k&n premium cabin air filter: high performance washable clean airflow to your cabin: designed for select 2014-2019 chevy/gmc/cadillac truck and suv models vf2044,https://www.amazon.com/VF2044-Washable-Reusable-Freshens-Chevrolet/dp/B00UZ4NJ0Y/ref=sr_1_142?dchild=1&keywords=Filters&qid=1633503126&s=automotive&sr=1-142,B00UZ4NJ0Y,K&N,Filters,34.71,0-50$,373,12947,0.3664191702857175,VF2044,VF2044,1.09,1.1-2pound,10 x 2 x 11 inches,2011-500sq.inch,USA,air filter
fram ph6017a spin-on full-flow oil filter for motorcycles,https://www.amazon.com/Fram-PH6017A-Ph6017A-Outboard-Filter/dp/B000276B2C/ref=sr_1_143?dchild=1&keywords=Filters&qid=1633503126&s=automotive&sr=1-143,B000276B2C,Fram,Filters,6.47,0-50$,1093,7072,0.20014801670352936,Ph6017a,"FIAT%9948806, FORD%1133935, FORD%3891893, FORD%4089254, HONDA%15400PJ7005, HYUNDAI%2630002500, HYUNDAI%2630002501, HYUNDAI%2630002502, HYUNDAI%2630002503, HYUNDAI%2630002750, KIA%KK12014302, MAZDA%037023802",0.3625,0-1pound,2.85 x 3.63 x 3.08 inches,1-50sq.inch,USA,oil filter
bosch workshop air filter 5526ws (honda),https://www.amazon.com/Bosch-Workshop-Filter-5526WS-Honda/dp/B00VC1R2K2/ref=sr_1_144?dchild=1&keywords=Filters&qid=1633503126&s=automotive&sr=1-144,B00VC1R2K2,Bosch Automotive,Filters,9.54,0-50$,2507,23917,0.6768863285489694,NA,NA,0.65,0-1pound,10.86 x 5.49 x 9.58 inches,501-1000sq.inch,China,air filter
ecogard xa6280 premium engine air filter fits mazda cx-5 2.5l 2014-2021 3 2.0l 2012-2018 6 2.5l 2014-2021 3 2.5l 2014-2018 cx-5 2.0l 2013-2016 3 sport 2.0l 2012-2018 3 sport 2.5l 2015-2018,https://www.amazon.com/ECOGARD-XA6280-Premium-Engine-Filter/dp/B00I8IP28G/ref=sr_1_145?dchild=1&keywords=Filters&qid=1633503126&s=automotive&sr=1-145,B00I8IP28G,ECOGARD,Filters,12.41,0-50$,624,7744,0.21916660652603667,XA6280,PE07-13-3A0A,0.76875,0-1pound,13.3 x 7.6 x 2 inches,2011-500sq.inch,China,air filter
acdelco gm original equipment a3218c air filter,https://www.amazon.com/ACDelco-A3218C-Professional-Air-Filter/dp/B01IU4VYK2/ref=sr_1_146?dchild=1&keywords=Filters&qid=1633503126&s=automotive&sr=1-146,B01IU4VYK2,ACDelco,Filters,23.36,0-50$,236,5513,0.15602602037423038,NA,23349854,1.36,1.1-2pound,14.7 x 14.2 x 3.2 inches,501-1000sq.inch,Canada,air filter
k&n premium oil filter: designed to protect your engine: fits select audi/porsche/volkswagen vehicle models (see product description for full list of compatible vehicles) ps-7038,https://www.amazon.com/K-N-PS-7038-Oil-Filter/dp/B07ZHZ9237/ref=sr_1_147?dchild=1&keywords=Filters&qid=1633503126&s=automotive&sr=1-147,B07ZHZ9237,K&N,Filters,7.29,0-50$,596,4345,0.12296989996844385,O,NA,0.11,0-1pound,4.65 x 2.36 x 2.36 inches,1-50sq.inch,"Korea, Republic of",oil filter
6.7l cummins fuel filter water separator set | replacement for 2013-2018 dodge ram 2500 3500 4500 5500 6.7l cummins turbo diesel engines | replaces 68197867aa 68157291aa,https://www.amazon.com/Separator-2013-2018-Replaces-68197867AA-68157291AA/dp/B07KS7SYG1/ref=sr_1_148?dchild=1&keywords=Filters&qid=1633503126&s=automotive&sr=1-148,B07KS7SYG1,ATRACYPART,Filters,36.99,0-50$,1005,37175,1.0521072569221865,NA,NA,2.05,2.1-5pound,11.5 x 4.5 x 4.7 inches,2011-500sq.inch,NA,fuel filter
fram fresh breeze cabin air filter with arm & hammer baking soda cf10743 for select chrysler and nissan vehicles white,https://www.amazon.com/CF10743-Fresh-Breeze-Filter-Hammer/dp/B00A0GIJHA/ref=sr_1_149?dchild=1&keywords=Filters&qid=1633503126&s=automotive&sr=1-149,B00A0GIJHA,Fram,Filters,13.97,0-50$,611,8536,0.2415813731025631,CF10743,CF10743,0.5375,0-1pound,9.33 x 1.46 x 8.1 inches,101-200sq.inch,USA,air filter
fram extra guard ph3506 10k mile change interval spin-on oil filter,https://www.amazon.com/PH3506-Extra-Guard-Passenger-Filter/dp/B0009IQZ1Q/ref=sr_1_150?dchild=1&keywords=Filters&qid=1633503126&s=automotive&sr=1-150,B0009IQZ1Q,Fram,Filters,3.88,0-50$,1473,5715,0.16174291791016265,FRAM PH3506 Extra Guard Passenger Car Spin-On Oil Filter,PH3506,0.525,0-1pound,3.1 x 3.1 x 3.51 inches,1-50sq.inch,USA,oil filter
epauto gp741 (ca10741) replacement for lexus / toyota extra guard rigid panel engine air filter for ct200h (2011-2017) nx300h (2015-2016) prius (2010-2016) rav4 hybrid (2016-2018),https://www.amazon.com/EPAuto-Replacement-2011-2016-2015-2016-2010-2015/dp/B01GGLVN8Y/ref=sr_1_152?dchild=1&keywords=Filters&qid=1633503160&s=automotive&sr=1-152,B01GGLVN8Y,EPAUTO,Filters,11.97,0-50$,712,8523,0.24121345395421104,FBA_FP-016-1,17801-37021,0.4375,0-1pound,9.1 x 7.8 x 1.7 inches,101-200sq.inch,NA,air filter
acdelco gm original equipment cf185 cabin air filter,https://www.amazon.com/ACDelco-CF185-Original-Equipment-Filter/dp/B00KUL71CE/ref=sr_1_153?dchild=1&keywords=Filters&qid=1633503160&s=automotive&sr=1-153,B00KUL71CE,ACDelco,Filters,18.08,0-50$,915,16543,0.46819126701449176,"CTS,CTS,CTS,CTS,CTS,CTS,CTS,CTS,CTS,CTS,CTS,CTS,CTS,CTS,CTS,CTS,CTS,CTS,CTS,CTS,CTS,CTS,CTS,CTS,CTS,CTS,CTS,CTS,CTS,CTS,CTS,ATS,ATS,ATS,ATS,ATS,ATS,ATS,ATS,ATS,ATS,ATS,ATS,ATS,ATS,ATS,ATS,ATS,ATS,ATS,ATS,ATS,ATS,ATS,ATS,ATS,ATS,ATS,ATS,ATS,ATS,ATS,ATS,ATS,CT6,CT6,CT6,CT6,CT6,CT6,Camaro,Camaro,Impala,Impala,Malibu,Malibu,Malibu,Malibu,Malibu,Cruze,Cruze,Cruze,Cruze,Cruze,Volt,Volt,Volt,Volt*:*88",13356916,0.18,0-1pound,13.5 x 10.5 x 1.3 inches,101-200sq.inch,USA,air filter
epauto cp183 (cf11183) replacement for dodge durango/jeep grand cherokee cabin air filter includes activated carbon,https://www.amazon.com/CF11183-Replacement-Durango-Cherokee-Activated/dp/B083XG3B94/ref=sr_1_154?dchild=1&keywords=Filters&qid=1633503160&s=automotive&sr=1-154,B083XG3B94,EPAUTO,Filters,9.97,0-50$,403,4018,0.11371531831374164,NA,"68079487AA, 68079487AB",0.73125,0-1pound,10.75 x 9.9 x 1.5 inches,101-200sq.inch,NA,air filter
philtop cabin air filter replacement for cp388 cf10388 armada titan nv3500 qx56 includes activated carbon pack of 2,https://www.amazon.com/PHILTOP-Filter-Replacement-CF10388-Activated/dp/B08MTG7TMR/ref=sr_1_155?dchild=1&keywords=Filters&qid=1633503160&s=automotive&sr=1-155,B08MTG7TMR,PHILTOP,Filters,10.99,0-50$,330,3627,0.10264944239022919,NA,"7277-VP00A, 27298-7S600, 27298-ZR00A, 999M1-VP005, 999M1-VP055",0.36875,0-1pound,9.25 x 4.41 x 2.44 inches,51-100sq.inch,NA,air filter
k&n pf-1000 fuel filter,https://www.amazon.com/K-N-PF-1000-Fuel-Filter/dp/B00OXZD9F6/ref=sr_1_156?dchild=1&keywords=Filters&qid=1633503160&s=automotive&sr=1-156,B00OXZD9F6,K&N,Filters,14.99,0-50$,705,10568,0.2990899661372876,PF-1000,BBWQPF-1000,0.35,0-1pound,3.2 x 3.1 x 5 inches,1-50sq.inch,Mexico,fuel filter
fram extra guard ph2 10k mile change interval spin-on oil filter,https://www.amazon.com/PH2-Extra-Guard-Passenger-Filter/dp/B0009H529I/ref=sr_1_157?dchild=1&keywords=Filters&qid=1633503160&s=automotive&sr=1-157,B0009H529I,Fram,Filters,3.88,0-50$,2410,9351,0.2646470735569433,FRAM PH2 Extra Guard Passenger Car Spin-On Oil Filter,PH2,0.375,0-1pound,3.85 x 3.85 x 4.26 inches,51-100sq.inch,USA,oil filter
epauto cp138 (cf10138) replacement for toyota/lexus premium cabin air filter includes activated carbon,https://www.amazon.com/EPAuto-CF10138-Replacement-Premium-Activated/dp/B083XMQ5GX/ref=sr_1_159?dchild=1&keywords=Filters&qid=1633503160&s=automotive&sr=1-159,B083XMQ5GX,EPAUTO,Filters,8.87,0-50$,341,3025,0.08561195567423306,NA,"87139-48020, 87139-48020-83, 87139-YZZ04, CF10138",0.24,0-1pound,9.53 x 8.66 x 1.02 inches,51-100sq.inch,NA,air filter
k&n universal clamp-on air filter: high performance premium washable replacement filter: flange diameter: 3 in filter height: 5 in flange length: 1.125 in shape: round tapered rg-1001rd,https://www.amazon.com/RG-1001RD-Universal-Clamp-Air-Filter/dp/B00AFRIVNQ/ref=sr_1_163?dchild=1&keywords=Filters&qid=1633503160&s=automotive&sr=1-163,B00AFRIVNQ,K&N,Filters,29.99,0-50$,816,24472,0.692593646036308,Universal Clamp-On Air Filter,RG-1001RD,0.6625,0-1pound,7.56 x 6.38 x 7.75 inches,2011-500sq.inch,China,air filter
zemoner 10 pcs gas inline fuel filters 1/4 inch x 5/16 inch small engine replaces fit for kawasaki kohler briggs stratton john deere,https://www.amazon.com/Zemoner-Filters-Replaces-Kawasaki-Stratton/dp/B088R6GRMW/ref=sr_1_164?dchild=1&keywords=Filters&qid=1633503160&s=automotive&sr=1-164,B088R6GRMW,Zemoner,Filters,13.99,0-50$,444,6212,0.175808749966392,NA,NA,0.33125,0-1pound,9.41 x 8.11 x 1.85 inches,101-200sq.inch,NA,fuel filter
k&n premium oil filter: designed to protect your engine: compatible with select lexus/toyota/lotus/scion vehicle models (see product description for full list of compatible vehicles) ps-7020,https://www.amazon.com/PS-7020-Filter-Toyota-Avalon-Highlander/dp/B0067ED49C/ref=sr_1_166?dchild=1&keywords=Filters&qid=1633503160&s=automotive&sr=1-166,B0067ED49C,K&N,Filters,9.99,0-50$,770,7692,0.21769492993262834,Oil Filter,PS-7020,0.131875,0-1pound,13.5 x 10 x 4.5 inches,501-1000sq.inch,USA,oil filter
philtop engine air filter eaf005 replacement for mdx (2007-2009) odyssey (2005-2010) pilot (2009-2015) compatible with ca10013 air filter protect engine & improves acceleration,https://www.amazon.com/PHILTOP-Replacement-2007-2009-Compatible-Acceleration/dp/B08X6CRR5Y/ref=sr_1_167?dchild=1&keywords=Filters&qid=1633503160&s=automotive&sr=1-167,B08X6CRR5Y,PHILTOP,Filters,11.97,0-50$,423,5063,0.1432903575466585,NA,"CA10013, 17220-RD5-A00, 17220-RGL-A00, 17220-RGL-A10, 17220-RGW-A00, 17220-RN0-A00, 17220-RYE-A00, 17220-RYE-A01",0.875,0-1pound,12.2 x 7.17 x 1.69 inches,101-200sq.inch,NA,air filter
fram fresh breeze cabin air filter with arm & hammer baking soda cf10728 for hyundai/kia vehicles,https://www.amazon.com/CF10728-Fresh-Breeze-Filter-Hammer/dp/B009OA37S4/ref=sr_1_169?dchild=1&keywords=Filters&qid=1633503160&s=automotive&sr=1-169,B009OA37S4,Fram,Filters,13.97,0-50$,544,7600,0.21509119442121366,CF10728,CF10728,0.4,0-1pound,9.83 x 0.98 x 8.2 inches,51-100sq.inch,USA,air filter
ecogard xc10022c premium cabin air filter with activated carbon odor eliminator fits buick envision 2016-2020 enclave 2018-2020 lacrosse 2017-2018 regal sportback 2018-2020 lacrosse hybrid 2018,https://www.amazon.com/ECOGARD-XC10022C-Filter-Activated-Eliminator/dp/B00I90IWVM/ref=sr_1_170?dchild=1&keywords=Filters&qid=1633503160&s=automotive&sr=1-170,B00I90IWVM,ECOGARD,Filters,16.22,0-50$,691,11208,0.3172029088253898,XC10022C,22743911,0.6,0-1pound,10.5 x 9 x 1.4 inches,101-200sq.inch,China,air filter
airtechnik cf12151 cabin air filter w/activated carbon | fits hyundai sonata 2015-2019,https://www.amazon.com/AirTechnik-CF12151-Activated-Hyundai-2015-2019/dp/B08X988W1C/ref=sr_1_171?dchild=1&keywords=Filters&qid=1633503160&s=automotive&sr=1-171,B08X988W1C,AirTechnik,Filters,11.87,0-50$,195,2315,0.0655179098796197,NA,"CF12151, Hyundai: 97133-C2000, C2H79-AP000, Kia: 97133-C1000",0.39375,0-1pound,9.37 x 8.19 x 1.5 inches,101-200sq.inch,NA,air filter
epauto cp553 (cf10553) replacement for premium cabin air filter includes activated carbon,https://www.amazon.com/EPAuto-CF10553-Replacement-Premium-Activated/dp/B07H475LQ7/ref=sr_1_172?dchild=1&keywords=Filters&qid=1633503160&s=automotive&sr=1-172,B07H475LQ7,EPAUTO,Filters,10.87,0-50$,587,6381,0.18059169889496898,NA,"27274-9CH0A, 27274-EA00, 27274-EA000, 27277-VP02A, 27277-VR00A, 999M1-VR006, 999M1-VR056, B7200-0W010, B7200-3S500, 95860-82200",0.525,0-1pound,10.51 x 8.31 x 1.22 inches,101-200sq.inch,NA,air filter
cabin air filter access door for dodge ram 1500 2500 3500 - oem,https://www.amazon.com/Cabin-Filter-Access-Door-DODGE/dp/B083K87BF2/ref=sr_1_173?dchild=1&keywords=Filters&qid=1633503160&s=automotive&sr=1-173,B083K87BF2,PFCC,Filters,12.99,0-50$,744,9665,0.2735337360632934,NA,NA,0.149375,0-1pound,9.84 x 2.56 x 2.56 inches,51-100sq.inch,NA,air filter
xtechnor tesla model 3 model y air filter hepa 2 pack with activated carbon tesla air conditional replacement cabin air filter,https://www.amazon.com/XTechnor-Filter-Activated-Conditional-Replacement/dp/B085HX67ZX/ref=sr_1_174?dchild=1&keywords=Filters&qid=1633503160&s=automotive&sr=1-174,B085HX67ZX,XTechnor,Filters,49.99,0-50$,1857,92831,2.6272540354362746,NA,NA,0.95,0-1pound,10.71 x 6.65 x 2.91 inches,2011-500sq.inch,NA,air filter
acdelco gm original equipment pf2232 engine oil filter,https://www.amazon.com/ACDelco-PF2232-Professional-Engine-Filter/dp/B000C9QEF4/ref=sr_1_172?dchild=1&keywords=Filters&qid=1633503191&s=automotive&sr=1-172,B000C9QEF4,ACDelco,Filters,8.68,0-50$,2516,21839,0.6180758677585375,12691158,88917036,1.16,1.1-2pound,5.4 x 3.8 x 3.8 inches,51-100sq.inch,USA,oil filter
kootek premium cabin air filter with activated carbon replacement for toyota lexus scion cf10285 cp285,https://www.amazon.com/Kootek-Replacement-CF10285-against-Bacteria/dp/B01HAWMBH0/ref=sr_1_173?dchild=1&keywords=Filters&qid=1633503191&s=automotive&sr=1-173,B01HAWMBH0,Kootek,Filters,12.85,0-50$,664,8532,0.24146816721076247,KCF005,"Replacement for CP285, CF10285, TCF285, Toyota part # 87139-02090, 87139-06040, 87139-07010, 87139-50060, 87139-50100, 87139-52020, 87139-52040, 87139-YZZ08; Replacement for CP285, CF10285, TCF285. Note: NOT for 2016 Prius.",0.35,0-1pound,7.5 x 8.5 x 1.2 inches,51-100sq.inch,NA,air filter
fram extra guard air filter ca10348 for select jeep vehicles 1 filter,https://www.amazon.com/CA10348-Extra-Guard-Rigid-Filter/dp/B001NYNFRC/ref=sr_1_174?dchild=1&keywords=Filters&qid=1633503191&s=automotive&sr=1-174,B001NYNFRC,Fram,Filters,12.84,0-50$,610,7832,0.22165713614565072,Extra Guard Air Filter,CA10348,0.4875,0-1pound,10.41 x 5.38 x 6.66 inches,2011-500sq.inch,China,air filter
ecogard xc10475 premium cabin air filter fits nissan versa 2014-2019 versa note 2014-2019 micra 2015-2016,https://www.amazon.com/ECOGARD-XC10475-Premium-2014-2019-2015-2016/dp/B01M0IQ8M9/ref=sr_1_175?dchild=1&keywords=Filters&qid=1633503191&s=automotive&sr=1-175,B01M0IQ8M9,ECOGARD,Filters,14.36,0-50$,90,1292,0.03656550305160632,XC10475,"27277-1KK0A, 27278-1KK0A",0.2,0-1pound,10.47 x 8.98 x 1.3 inches,101-200sq.inch,China,air filter
ecogard xc11714 premium cabin air filter fits genesis g70 2020 | hyundai santa fe 2019-2020 palisade 2020 | kia stinger 2018-2020 telluride 2020,https://www.amazon.com/ECOGARD-XC11714-Cabin-Air-Filter/dp/B07XVZYKLD/ref=sr_1_176?dchild=1&keywords=Filters&qid=1633503191&s=automotive&sr=1-176,B07XVZYKLD,ECOGARD,Filters,22.34,0-50$,339,7573,0.21432705465155932,XC11714,"97133-J5000, 97133J5000",0.35,0-1pound,10 x 9 x 1 inches,51-100sq.inch,China,air filter
epauto gp360 (ca9360) replacement for toyota / lexus rigid panel engine air filter,https://www.amazon.com/EPAuto-CA9360-Toyota-Engine-Filter/dp/B014TZI59Y/ref=sr_1_177?dchild=1&keywords=Filters&qid=1633503191&s=automotive&sr=1-177,B014TZI59Y,EPAUTO,Filters,9.87,0-50$,695,6860,0.19414810443809546,NA,TOYOTA%17801-0H010|TOYOTA%17801-0H020|TOYOTA%17801-20040,0.39375,0-1pound,12.95 x 7.87 x 1.81 inches,101-200sq.inch,NA,air filter
epauto gp942 (ca11942) replacement for hyundai extra guard panel air filter for sonata 2.0l hybrid (2016-2019) sonata 2.4l gas (2015-2019) optima 2.0l hybrid (2017-2020) optima 2.4l gas (2016-2020),https://www.amazon.com/Replacement-2016-2019-2015-2019-2017-2020-2016-2020/dp/B083X5QDLH/ref=sr_1_178?dchild=1&keywords=Filters&qid=1633503191&s=automotive&sr=1-178,B083X5QDLH,EPAUTO,Filters,11.87,0-50$,333,3953,0.11187572257198126,NA,"28113-C1100, CA11942",0.78125,0-1pound,11.38 x 8.11 x 1.73 inches,101-200sq.inch,NA,air filter
k&n premium oil filter: designed to protect your engine: fits select 2014-2018 dodge/jeep/ram (1500 grand cherokee 1500) ps-7042,https://www.amazon.com/K-N-PS-7042-Oil-Filter/dp/B07ZHYZRC6/ref=sr_1_179?dchild=1&keywords=Filters&qid=1633503191&s=automotive&sr=1-179,B07ZHYZRC6,K&N,Filters,9.69,0-50$,341,3304,0.09350806662732762,O,NA,0.22,0-1pound,5.12 x 2.76 x 2.76 inches,1-50sq.inch,"Korea, Republic of",oil filter
5/16' universal fuel filters industrial tractors cars trucks motorcycles gas powered engine inline gas fuel line 5 pack,https://www.amazon.com/Universal-Filters-Industrial-Tractors-Motorcycles/dp/B08PFDCCL7/ref=sr_1_180?dchild=1&keywords=Filters&qid=1633503191&s=automotive&sr=1-180,B08PFDCCL7,JINYI,Filters,12.99,0-50$,135,1754,0.0496407835545801,NA,NA,0.36875,0-1pound,9.69 x 6.26 x 2.28 inches,101-200sq.inch,NA,fuel filter
philtop cabin air filter replacement for cf10140 sentra altima maxima murano lancer outlander outlander sport g35 fx35fx45 premium cabin filter with activated carbon filter pack of 1,https://www.amazon.com/PHILTOP-Replacement-CF10140-Outlander-Activated/dp/B093GVHJ5D/ref=sr_1_181?dchild=1&keywords=Filters&qid=1633503191&s=automotive&sr=1-181,B093GVHJ5D,PHILTOP,Filters,10.99,0-50$,138,1517,0.042933334465392256,NA,"CF10140, CP140,27277-4M400, 27277-4M425, 27277-CL025, 27277-VP01A, 27277-VS20A, 27277-VS251, 7803A004, 7803A005, 7803A043, 7803A109, 7803A112, 999M1-VP001, 999M1-VP051, B7200-5M000, B727A-79925, TS200001, 98139428",0.41875,0-1pound,8.98 x 8.39 x 1.65 inches,101-200sq.inch,NA,air filter
fram extra guard air filter ca11858 for select nissan vehicles,https://www.amazon.com/CA11858-Extra-Guard-Rigid-Filter/dp/B01HU1MU68/ref=sr_1_182?dchild=1&keywords=Filters&qid=1633503191&s=automotive&sr=1-182,B01HU1MU68,Fram,Filters,12.02,0-50$,383,4604,0.1302999814625352,CA11858,NA,0.025,0-1pound,3.94 x 2.68 x 0.56 inches,1-50sq.inch,Mexico,air filter
airtechnik cf10360 cabin air filter w/activated carbon | fits 2003-2004 escalade / 03-04 chevrolet silverado/suburban/tahoe / 03-04 gmc sierra/yukon/xl / 03-09 hummer h2,https://www.amazon.com/AirTechnik-Activated-2003-2004-Chevrolet-Silverado/dp/B08X8TPS9T/ref=sr_1_183?dchild=1&keywords=Filters&qid=1633503191&s=automotive&sr=1-183,B08X8TPS9T,AirTechnik,Filters,15.39,0-50$,39,600,0.016980883770095816,NA,"CF10360, General Motors: 88986533",0.55,0-1pound,10.91 x 9.65 x 1.5 inches,101-200sq.inch,NA,air filter
ecogard xc11577 premium cabin air filter fits ford transit-250 2015-2019 transit-350 2015-2019 transit-150 2015-2019 transit-350 hd 2015-2019 transit-350 hd diesel 2015-2019,https://www.amazon.com/ECOGARD-XC11577-Premium-Transit-2019-2015/dp/B07NDX63P9/ref=sr_1_187?dchild=1&keywords=Filters&qid=1633503191&s=automotive&sr=1-187,B07NDX63P9,ECOGARD,Filters,18.74,0-50$,379,7102,0.20099706089203412,XC11577,BK21-18D543AA,0.21,0-1pound,1.1 x 9.17 x 11.26 inches,101-200sq.inch,China,air filter
clearsource ultra rv water filter system - now with virusguard protection,https://www.amazon.com/Clearsource-Canister-Pristine-Unparalleled-Protection/dp/B07SX5RPG6/ref=sr_1_188?dchild=1&keywords=Filters&qid=1633503191&s=automotive&sr=1-188,B07SX5RPG6,Clearsource,Filters,399.99,201-400$,228,91198,2.5810377301086636,NA,NA,35.2,20.1-40pound,25.31 x 20.67 x 16.77 inches,>1000sq.inch,NA,water filter
epauto gp943 (ca11943) replacement for hyundai / kia extra guard rigid panel air filter forsanta fe sport (2017-2018) sedona (2015-2019) sorento (2016-2019),https://www.amazon.com/EPAuto-Replacement-2017-2018-2015-2018-2016-2018/dp/B07MLHNLZ5/ref=sr_1_189?dchild=1&keywords=Filters&qid=1633503191&s=automotive&sr=1-189,B07MLHNLZ5,EPAUTO,Filters,12.87,0-50$,486,6255,0.17702571330324884,NA,28113-A9100,0.925,0-1pound,12.13 x 8.7 x 1.85 inches,101-200sq.inch,NA,air filter
epauto gp476 gp476 (ca11476) extra guard rigid panel air filter replacement for honda accord l4 gas (2013-2017) tlx l4 (2015-2017),https://www.amazon.com/EPAuto-CA11476-Engine-Filter-2013-2014/dp/B017OIYDPS/ref=sr_1_190?dchild=1&keywords=Filters&qid=1633503191&s=automotive&sr=1-190,B017OIYDPS,EPAUTO,Filters,11.87,0-50$,388,4606,0.13035658440843553,NA,17220-5A2-A00,0.8,0-1pound,12.5 x 7.7 x 2.3 inches,2011-500sq.inch,NA,air filter
motorcraft fl-500s original version oil filter,https://www.amazon.com/Motorcraft-FL-500S-Original-Version-Filter/dp/B001KR1BQE/ref=sr_1_191?dchild=1&keywords=Filters&qid=1633503191&s=automotive&sr=1-191,B001KR1BQE,Motorcraft,Filters,5.97,0-50$,4083,24376,0.6898767046330926,FL-500S,FL500S,0.6375,0-1pound,3.2 x 3.3 x 4.1 inches,1-50sq.inch,China,oil filter
philtop cabin air filter replacement for air filter enclave 2008-2017 traverse 2009-2017 acadia 2007-2016 outlook 2007-2010 cf11663 cp179 premium acf011 cabin filter with activated carbon,https://www.amazon.com/PHILTOP-Replacement-2008-2017-2009-2017-2007-2016/dp/B08MPSVTCJ/ref=sr_1_192?dchild=1&keywords=Filters&qid=1633503191&s=automotive&sr=1-192,B08MPSVTCJ,PHILTOP,Filters,11.99,0-50$,570,6834,0.19341226614139134,NA,20958479; CF179C; CF248; C3947WS; CV11663; VF1012; MCF11663; PC6205C; PCF11663; PC-6205C; WP10074,0.2875,0-1pound,9.25 x 6.77 x 0.77 inches,1-50sq.inch,NA,air filter
fram tough guard tg4967 15k mile change interval spin-on oil filter,https://www.amazon.com/TG4967-Tough-Guard-Passenger-Filter/dp/B079D3DDFQ/ref=sr_1_193?dchild=1&keywords=Filters&qid=1633503191&s=automotive&sr=1-193,B079D3DDFQ,Fram,Filters,6.82,0-50$,935,6377,0.18047849300316834,TRV146724,NA,0.36875,0-1pound,2.79 x 2.79 x 3.08 inches,1-50sq.inch,Canada,oil filter
epauto gp426 (ca11426) replacement for toyota extra guard panel air filter for prius (2016-2019) prius c (2012-2019) prius prime (2017-2020) corolla hybrid le (2020),https://www.amazon.com/EPAuto-Replacement-2016-2018-2012-2019-2017-2018/dp/B07MBR6YLY/ref=sr_1_194?dchild=1&keywords=Filters&qid=1633503191&s=automotive&sr=1-194,B07MBR6YLY,EPAUTO,Filters,9.87,0-50$,283,2793,0.07904601394979602,NA,17801-21060,0.24,0-1pound,7.24 x 4.88 x 1.46 inches,51-100sq.inch,NA,air filter
fram extra guard air filter ca9401 for select chrysler dodge and ram vehicles,https://www.amazon.com/CA9401-Extra-Flexible-Rectangular-Filter/dp/B000A0CALC/ref=sr_1_195?dchild=1&keywords=Filters&qid=1633503191&s=automotive&sr=1-195,B000A0CALC,Fram,Filters,14.97,0-50$,745,11153,0.31564632781313107,FBA_CA9401,CA9401,1,0-1pound,10.35 x 2.67 x 14.98 inches,2011-500sq.inch,USA,air filter
series 55 intake filter 20' x 20' 20/box,https://www.amazon.com/55-Intake-Filter-20-Box/dp/B00K0Y2ZSG/ref=sr_1_196?dchild=1&keywords=Filters&qid=1633503191&s=automotive&sr=1-196,B00K0Y2ZSG,Air Flow,Filters,107.9,101-200$,70,7553,0.21376102519255613,NA,NA,14.97,10.1-20pound,20 x 20 x 1 inches,2011-500sq.inch,NA,intake filter
2 pack fd182 cabin air filter for civiccr-vcr-zfithr-vinsightreplace cf11182cp18280292-tf0-g01,https://www.amazon.com/Replacement-2016-2018-2011-2016-2009-2018-2010-2014/dp/B07SPB8WJN/ref=sr_1_197?dchild=1&keywords=Filters&qid=1633503191&s=automotive&sr=1-197,B07SPB8WJN,FUN-DRIVING,Filters,15.49,0-50$,953,14762,0.41778634369025736,NA,80292-TF0-G01,0.4,0-1pound,8.31 x 8.07 x 1.14 inches,51-100sq.inch,NA,air filter
epauto gp281 (28113-3x000) replacement for hyundai/kia extra guard panel engine air filter for elantra (2011-2016) forte (2014-2017),https://www.amazon.com/EPAuto-28113-3X000-Replacement-2011-2016-2014-2017/dp/B01G7JFM46/ref=sr_1_198?dchild=1&keywords=Filters&qid=1633503191&s=automotive&sr=1-198,B01G7JFM46,EPAUTO,Filters,12.87,0-50$,510,6564,0.18577086844484822,NA,28113-4V100,0.675,0-1pound,10.51 x 6.61 x 2.24 inches,101-200sq.inch,NA,air filter
k&n premium oil filter: designed to protect your engine: compatible with select lexus/toyota vehicle models (see product description for full list of compatible vehicles) ps-7023,https://www.amazon.com/PS-7023-Filter-Toyota-4Runner-Crusier/dp/B00GBQ771C/ref=sr_1_196?dchild=1&keywords=Filters&qid=1633503239&s=automotive&sr=1-196,B00GBQ771C,K&N,Filters,9.99,0-50$,592,5914,0.16737491102724442,PS-7023,PGEON-BBWQPS-7023,0.131875,0-1pound,3 x 3 x 4 inches,1-50sq.inch,"Korea, Republic of",oil filter
fa-1902 premium high capacity engine air filter for 11-16 ford powerstroke 6.7l diesel replace oe part  bc3z-9601-a,https://www.amazon.com/FA-1902-Premium-Capacity-Powerstroke-BC3Z-9601/dp/B07PPY4LQ2/ref=sr_1_197?dchild=1&keywords=Filters&qid=1633503239&s=automotive&sr=1-197,B07PPY4LQ2,POWERWORKS,Filters,23.99,0-50$,485,11635,0.329287637775108,NA,"BC3Z-9601-A,FC4Z-9601-A,FA-1902,AF27882,49902,CA10888",1.34,1.1-2pound,15.04 x 7.05 x 4.65 inches,2011-500sq.inch,NA,air filter
kootek cabin air filter with activated carbon 2 pack replacement for cp134 cf10134 honda & acura accord civic cr-v acura odyssey pilot ridgeline csx ilx mdx rdx rl rlx tl tlx tsx zdx hcf134,https://www.amazon.com/Kootek-CF10134-Odyssey-Ridgeline-Croostour/dp/B06XRG8C5L/ref=sr_1_198?dchild=1&keywords=Filters&qid=1633503239&s=automotive&sr=1-198,B06XRG8C5L,Kootek,Filters,12.99,0-50$,320,4157,0.11764922305381384,AT134,"Replacement for CP134, CF10134, HCF134, Replacement for Honda part # 80292-SDA-A01, 80292-SDC-A01, 80292-SEC-A01, 80292-SHJ-A41, 80292-SWA-A01, 80292-T0G-A01, 80292-TZ5-A41;",1.39,1.1-2pound,9.53 x 9.45 x 2.4 inches,2011-500sq.inch,NA,air filter
fram fresh breeze cabin air filter with arm & hammer baking soda cf9846a for toyota vehicles,https://www.amazon.com/CF9846A-Fresh-Breeze-Filter-Hammer/dp/B0010DZZVK/ref=sr_1_199?dchild=1&keywords=Filters&qid=1633503239&s=automotive&sr=1-199,B0010DZZVK,Fram,Filters,13.97,0-50$,697,9737,0.2755714421157049,NA,CF9846A,0.25,0-1pound,10 x 1 x 10 inches,51-100sq.inch,China,air filter
allison transmission 29539579 filter,https://www.amazon.com/Allison-External-Spin-Filter-29539579/dp/B00IXW0H3W/ref=sr_1_200?dchild=1&keywords=Filters&qid=1633503239&s=automotive&sr=1-200,B00IXW0H3W,Allison Transmission,Filters,15.96,0-50$,1921,30659,0.867694859178946,"Filter,Trans",NA,0.76875,0-1pound,3.54 x 3.31 x 3.23 inches,1-50sq.inch,USA,Transmission filter
fram extra guard ph8a 10k mile change interval spin-on oil filter 0.95,https://www.amazon.com/PH8A-Extra-Guard-Passenger-Filter/dp/B0000AY4KS/ref=sr_1_201?dchild=1&keywords=Filters&qid=1633503239&s=automotive&sr=1-201,B0000AY4KS,Fram,Filters,3.98,0-50$,885,3522,0.09967778773046243,FRAM PH8A Extra Guard Passenger Car Spin-On Oil Filter,15208-T3348 132012 230578 232241 232578 234900 313658 314361 329060 364464 430143 500462 592602 650370 694229 835779 927787 936406 938143 1473773 1614735 1739617 1739618 1794446 1829195 1851658 2205517 2370000 2370005 2532744 2555929 2647019 2654342 2654343 2654401 2806201 2951957 3141914 3549232 3563591 3706400 3771819 4130046 4506839 4511629 5000513 5574382 5574459,0.8,0-1pound,3.85 x 3.85 x 5.32 inches,51-100sq.inch,USA,oil filter
philtop engine air filter eaf037 (ca11259) replacement for mazda3 (2012-2018) mazda6 (2014-2021) cx5 (2013-2021) naturally aspirated compatible with pe07-13-3a0a air filter,https://www.amazon.com/PHILTOP-Replacement-2012-2018-Compatible-PE07-13-3A0A/dp/B097YCZB59/ref=sr_1_202?dchild=1&keywords=Filters&qid=1633503239&s=automotive&sr=1-202,B097YCZB59,PHILTOP,Filters,12.97,0-50$,300,3891,0.11012103124907137,NA,"CA11259, AF5211, CAP26280, FDA11259, AF11259, AF1548, LX3497, C27901, PE07-13-3A0, PE07-13-3A0A, PEAR-13-3A0, MGA49247",0.81875,0-1pound,10.59 x 7.11 x 1.65 inches,101-200sq.inch,NA,air filter
fram extra guard air filter ca7440 for select infiniti jeep and nissan vehicles,https://www.amazon.com/CA7440-Extra-Guard-Plastisol-Filter/dp/B0009H51U8/ref=sr_1_203?dchild=1&keywords=Filters&qid=1633503239&s=automotive&sr=1-203,B0009H51U8,Fram,Filters,16.94,0-50$,351,5946,0.16828055816164952,CA7440,CA7440,0.11,0-1pound,10.04 x 1.79 x 11.83 inches,2011-500sq.inch,USA,air filter
epauto cp791 (cf8791a) replacement for cadillac/chevrolet/gmc cabin air filter,https://www.amazon.com/EPAuto-CF8791A-replacement-Cadillac-Chevrolet/dp/B07H43BXYL/ref=sr_1_204?dchild=1&keywords=Filters&qid=1633503239&s=automotive&sr=1-204,B07H43BXYL,EPAUTO,Filters,10.87,0-50$,454,4935,0.13966776900903807,NA,NA,0.61875,0-1pound,10.83 x 9.33 x 1.22 inches,101-200sq.inch,NA,air filter
epauto cp671 (cf11671) replacement for mazda cx-7 / ram 15002500350045005500 cabin air filter includes activated carbon,https://www.amazon.com/EPAuto-CF11671-Replacement-Filter-Activated/dp/B083X83J5V/ref=sr_1_205?dchild=1&keywords=Filters&qid=1633503239&s=automotive&sr=1-205,B083X83J5V,EPAUTO,Filters,9.47,0-50$,326,3087,0.08736664699714297,NA,"68318365AA, 68406048AA, EG21-61-P11",0.4125,0-1pound,8.78 x 7.87 x 1.26 inches,51-100sq.inch,NA,air filter
fram extra guard air filter ca10261 for select dodge ram and sterling truck vehicles,https://www.amazon.com/CA10261-Extra-Guard-Panel-Filter/dp/B001NYIHWA/ref=sr_1_206?dchild=1&keywords=Filters&qid=1633503239&s=automotive&sr=1-206,B001NYIHWA,Fram,Filters,18.87,0-50$,1668,31475,0.8907888611062762,Fram,CA10261,1,0-1pound,11 x 5 x 12 inches,501-1000sq.inch,Mexico,air filter
fram extra guard ph16 10k mile change interval spin-on oil filter,https://www.amazon.com/PH16-Extra-Guard-Passenger-Filter/dp/B0009IQYBC/ref=sr_1_207?dchild=1&keywords=Filters&qid=1633503239&s=automotive&sr=1-207,B0009IQYBC,Fram,Filters,3.88,0-50$,1234,4788,0.13550745248536458,PH16,9128 110200 173171 178562 204495 418432 418719 542957 562815 800334 897321 1520660 2876465 3483856 3947506 4126435 4417559 5281090 5579164 6436749 6438121 6439119 6439143 7894066 8547327 8548979 8558238 8558910 9309576 11425472 11436936 24560060 33004195 85558910 854897999 1560025010 1560144011 7700545868 7700640165 7701365661 7701542286 7701638670 156014401183 321504084071 401503037071 855823800 0128889/1A 1266286-2,0.83125,0-1pound,3.85 x 3.85 x 3.88 inches,51-100sq.inch,USA,oil filter
briggs & stratton genuine oem 691035 40 micron fuel filter (2 pack),https://www.amazon.com/Briggs-Stratton-Genuine-691035-Micron/dp/B010W22HAG/ref=sr_1_211?dchild=1&keywords=Filters&qid=1633503239&s=automotive&sr=1-211,B010W22HAG,Briggs & Stratton,Filters,9.55,0-50$,300,2865,0.08108372000220752,NA,NA,0.05,0-1pound,3 x 2 x 1 inches,1-50sq.inch,NA,fuel filter
fram extra guard air filter ca10835 for select lexus and toyota vehicles,https://www.amazon.com/CA10835-Extra-Flexible-Rectangular-Filter/dp/B007RW2WWS/ref=sr_1_212?dchild=1&keywords=Filters&qid=1633503239&s=automotive&sr=1-212,B007RW2WWS,Fram,Filters,26.75,0-50$,415,11101,0.3141746512197227,Fram,CA10835,1,0-1pound,12 x 4.24 x 11.45 inches,501-1000sq.inch,USA,air filter
acdelco gm original equipment a3212c air filter,https://www.amazon.com/ACDelco-A3212C-Professional-Air-Filter/dp/B01G5VF9J4/ref=sr_1_213?dchild=1&keywords=Filters&qid=1633503239&s=automotive&sr=1-213,B01G5VF9J4,ACDelco,Filters,29.08,0-50$,259,7532,0.21316669426060278,NA,23321606,0.7,0-1pound,15.25 x 10.88 x 2.19 inches,2011-500sq.inch,Mexico,air filter
6.7l cummins fuel filter water separator set for 2019 2020 2021 ram turbo diesel engines 68157291aa and 68436631aa,https://www.amazon.com/Cummins-Separator-2019-2020-68157291AA-68436631AA/dp/B08NYFF5LR/ref=sr_1_214?dchild=1&keywords=Filters&qid=1633503239&s=automotive&sr=1-214,B08NYFF5LR,RARAYC,Filters,38.88,0-50$,397,15435,0.43683323498571486,NA,NA,1.57,1.1-2pound,9.6 x 4.8 x 4.8 inches,2011-500sq.inch,NA,fuel filter
ecogard xc35518c premium cabin air filter with activated carbon odor eliminator fits lexus ls430 2001-2006 sc430 2002-2010 gs300 2001-2005 gs430 2001-2005 | ford ranger 2019-2020,https://www.amazon.com/ECOGARD-XC35518C-Filter-Activated-Eliminator/dp/B00I8ISKDA/ref=sr_1_215?dchild=1&keywords=Filters&qid=1633503239&s=automotive&sr=1-215,B00I8ISKDA,ECOGARD,Filters,15.74,0-50$,304,4785,0.13542254806651413,XC35518C,87139-50030,0.65,0-1pound,11.6 x 9 x 2.3 inches,2011-500sq.inch,China,air filter
philtop engine air filter replacement for ca12061 pilot v6 3.5l(2016-2021) ridgeline (2017-2020) odyssey v6 3.5l(2018-2022) passport 3.5l(2019-2021) mdx 3.5l(2016-2021) tlx (2021) pack of 1,https://www.amazon.com/PHILTOP-Replacement-2016-2021-Ridgeline-2017-2020/dp/B093GR67NT/ref=sr_1_216?dchild=1&keywords=Filters&qid=1633503239&s=automotive&sr=1-216,B093GR67NT,PHILTOP,Filters,15.99,0-50$,279,4461,0.1262528708306624,NA,NA,0.85625,0-1pound,12.32 x 6.89 x 2.32 inches,101-200sq.inch,NA,air filter
epauto gp206 (ca11206) replacement for hyundai/kia extra guard rigid panel air filter for accent (2012-2017) veloster (2012-2017) rio (2012-2017) soul (2012-2019),https://www.amazon.com/EPAuto-Replacement-2012-2017-Veloster-2012-2018/dp/B07MBR28MZ/ref=sr_1_217?dchild=1&keywords=Filters&qid=1633503239&s=automotive&sr=1-217,B07MBR28MZ,EPAUTO,Filters,12.87,0-50$,356,4582,0.1296773490576317,NA,28113-B2000,0.58125,0-1pound,10.31 x 5.98 x 2.24 inches,101-200sq.inch,NA,air filter
ecogard xa10492 premium engine air filter fits jeep compass 2.4l 2017-2021 renegade 2.4l 2015-2021 renegade 1.4l 2015-2018,https://www.amazon.com/ECOGARD-XA10492-Premium-Renegade-ProMaster/dp/B01N6JN2ZT/ref=sr_1_218?dchild=1&keywords=Filters&qid=1633503239&s=automotive&sr=1-218,B01N6JN2ZT,ECOGARD,Filters,19.04,0-50$,140,2666,0.07545172688512573,XA10492,68247339 AA,0.5,0-1pound,8.31 x 7.44 x 2.68 inches,101-200sq.inch,China,air filter
philtop engine air filter eaf059 (ca10348) replacement for wrangler v6 (2007-2018) wrangler jk (2018) improve engine performance,https://www.amazon.com/PHILTOP-Replacement-Wrangler-2007-2018-Performance/dp/B097YD3LR5/ref=sr_1_219?dchild=1&keywords=Filters&qid=1633503239&s=automotive&sr=1-219,B097YD3LR5,PHILTOP,Filters,11.97,0-50$,80,958,0.027112811086252984,NA,"CA10348, 53034018AD, 53034018AE, 68257791AA, CA10348, 83018, AF4025, CAP10348, P9018, VA5819, AF1337, 33-2364, AF4025, LX3081, MGA10348, MGA49018",0.5,0-1pound,11.54 x 8.27 x 1.69 inches,101-200sq.inch,NA,air filter
epauto cp681 (1107681-00-a) cabin air filter includes activated carbon replacement for tesla model 3 / model y,https://www.amazon.com/EPAuto-1107681-00-Filter-Activated-Replacement/dp/B083XBFL6P/ref=sr_1_220?dchild=1&keywords=Filters&qid=1633503239&s=automotive&sr=1-220,B083XBFL6P,EPAUTO,Filters,10.87,0-50$,395,4294,0.12152652484798572,NA,1107681-00-A,0.75,0-1pound,10.31 x 6.18 x 2.68 inches,101-200sq.inch,NA,air filter
epauto gp450 (ca11450) replacement for nissan extra guard rigid panel air filter for altima l4 sedan (2013-2018),https://www.amazon.com/EPAuto-CA11450-Replacement-Nissan-2013-2018/dp/B07H44L49J/ref=sr_1_221?dchild=1&keywords=Filters&qid=1633503239&s=automotive&sr=1-221,B07H44L49J,EPAUTO,Filters,9.87,0-50$,458,4520,0.1279226577347218,NA,NA,0.90625,0-1pound,12.01 x 11.85 x 1.3 inches,101-200sq.inch,NA,air filter
bosch automotive 6055c hepa cabin air filter for 2011-2019 dodge durango 2011-2019 jeep grand cherokee,https://www.amazon.com/Bosch-6055C-HEPA-Cabin-Filter/dp/B01JYSX028/ref=sr_1_20?dchild=1&keywords=bosch+automotive&qid=1633504384&sr=8-20,B01JYSX028,Bosh,Filters,15.34,0-50$,16048,246176,6.967143404978512,6055C,NA,0.13,0-1pound,NA,NA,China,air filter
