title,product_url,skuid,brand,category,price,price_tier,mo_sales,mo_revenue,market_share,model,oem_part_number,item_weight,weight_tier,product_dimensions,product_size_tier,country_of_origin
lexivon 5/8' swivel magnetic spark plug socket 3/8' drive x 10' total length | enhanced magnetic design with thin wall socket cr-v steel (lx-122),https://www.amazon.com/LEXIVON-Swivel-Magnetic-Enhanced-LX-122/dp/B07MH5ZDMD/ref=sr_1_3?dchild=1&keywords=spark+plugs&qid=1633497847&s=automotive&sr=1-3,B07MH5ZDMD,LEXIVON,spark plug,11.97,0-50$,3618,43307,3.65545363768577,,,0.6375,0-1pound,1 x 1 x 10 inches,1-50sq.inch,
acdelco 41-962 professional platinum spark plug (8),https://www.amazon.com/ACDelco-41-962-Professional-Platinum-Spark/dp/B07JBWS1WG/ref=sr_1_4?dchild=1&keywords=spark+plugs&qid=1633497847&s=automotive&sr=1-4,B07JBWS1WG,ACDelco,spark plug,45,0-50$,595,26775,2.26002196293986,,41-962,0.09,0-1pound,4.37 x 3.74 x 2.32 inches,1-50sq.inch,
ngk lkar7bix-11s iridium ix spark plug (93501 iridium ix) 4 pack,https://www.amazon.com/NGK-LKAR7BIX-11S-Spark-93501-Iridium/dp/B07FNVYGFL/ref=sr_1_5?dchild=1&keywords=spark+plugs&qid=1633497847&s=automotive&sr=1-5,B07FNVYGFL,NGK,spark plug,29.69,0-50$,463,13746,1.16027121951714,Spark Plug,,0.01,0-1pound,4.06 x 3.94 x 0.91 inches,1-50sq.inch,
autolite xp5702-4pk iridium xp spark plug pack of 4,https://www.amazon.com/Autolite-XP5702-4PK-Iridium-Spark-Plug/dp/B078KSMQPS/ref=sr_1_6?dchild=1&keywords=spark+plugs&qid=1633497847&s=automotive&sr=1-6,B078KSMQPS,Autolite,spark plug,22.99,0-50$,348,8001,0.675347739513794,XP5702-4PK,,0.45,0-1pound,4.2 x 3.5 x 1 inches,1-50sq.inch,Mexico
8 pcs new -- ngk 3403 g-power platinum alloy spark plug tr55gp,https://www.amazon.com/NGK-G-Power-Platinum-Alloy-TR55GP/dp/B00T917PK4/ref=sr_1_7?dchild=1&keywords=spark+plugs&qid=1633497847&s=automotive&sr=1-7,B00T917PK4,NGK,spark plug,23.3,0-50$,357,8318,0.702105049028338,,,0.7625,0-1pound,3.31 x 0.94 x 6.64 inches,1-50sq.inch,
ngk lkar6aix-11 iridium ix spark plug (91187 iridium ix) 4 pack,https://www.amazon.com/NGK-LKAR6AIX-11-Spark-91187-Iridium/dp/B07FP438JV/ref=sr_1_8?dchild=1&keywords=spark+plugs&qid=1633497847&s=automotive&sr=1-8,B07FP438JV,NGK,spark plug,29.99,0-50$,305,9147,0.772079211765113,,,0.3875,0-1pound,4.06 x 3.94 x 0.94 inches,1-50sq.inch,
ngk  1465 laser iridium spark plug iztr5b11 --- 8 pcsnew,https://www.amazon.com/NGK-Laser-Iridium-Spark-IZTR5B11/dp/B00PMEMPM0/ref=sr_1_9?dchild=1&keywords=spark+plugs&qid=1633497847&s=automotive&sr=1-9,B00PMEMPM0,NGK,spark plug,59.43,51-100$,593,35242,2.9747037915192,,,0.81875,0-1pound,4.09 x 3.66 x 1.69 inches,1-50sq.inch,
bosch automotive 9614 double iridium oe replacement spark plug up to 4x longer life (1 pk) csx acura: mdx rl rsx tl tsx accord civic cr-v element honda fit,https://www.amazon.com/Bosch-9614-Double-Iridium-Replacement/dp/B00F9VKE74/ref=sr_1_10?dchild=1&keywords=spark+plugs&qid=1633497847&s=automotive&sr=1-10,B00F9VKE74,Bosch Automotive,spark plug,6.96,0-50$,2543,17699,1.49393571324267,Spark Plug,9614,0.10125,0-1pound,12.8 x 7.4 x 5.2 inches,2011-500sq.inch,Germany
ngk 5464 bkr5eix-11 iridium ix spark plug pack of 4,https://www.amazon.com/NGK-5464-BKR5EIX-11-Iridium-Spark/dp/B003BUCKQ8/ref=sr_1_12?dchild=1&keywords=spark+plugs&qid=1633497847&s=automotive&sr=1-12,B003BUCKQ8,NGK,spark plug,24.34,0-50$,567,13801,1.16491365492187,SPARK PLUG,,0.1,0-1pound,3.62 x 3.84 x 0.96 inches,1-50sq.inch,
autolite xp3923-4pk iridium xp spark plug pack of 4,https://www.amazon.com/Autolite-XP3923-4PK-Iridium-Spark-Plug/dp/B009J58FJA/ref=sr_1_13?dchild=1&keywords=spark+plugs&qid=1633497847&s=automotive&sr=1-13,B009J58FJA,Autolite,spark plug,18.85,0-50$,484,9123,0.770053421770321,XP3923-4PK,,0.41875,0-1pound,4.29 x 3.7 x 1.18 inches,1-50sq.inch,Mexico
ngk silzkbr8d8s laser iridium spark plug (97506 laser iridium) 4 pack,https://www.amazon.com/NGK-SILZKBR8D8S-Spark-97506-Iridium/dp/B01MQH2QAN/ref=sr_1_14?dchild=1&keywords=spark+plugs&qid=1633497847&s=automotive&sr=1-14,B01MQH2QAN,NGK,spark plug,51.99,51-100$,183,9514,0.803056917102141,,"BMW 0 037 581 BMW12 12 0 037 581 MINI 12 12 0 037 581 MINI0 037 581BMW 5 (F10, F18) 520 iN20 B20 A, BMW 5 (F10, F18) 520 iN20 B20 A BMW 5 (F10, F18) 523 iN20 B20 A, BMW 5 (F10, F18) 528 iN20 B20 A BMW 5 (F10, F18) 528 i xDriveN20 B20 A, BMW 5 (F10, F18) 550 iN63 B44 B BMW 5 (F10, F18) 550 i xDriveN63 B44 B",0.4,0-1pound,,,
denso set of 6 iridium power spark plugs gap 0.035 for v6,https://www.amazon.com/Denso-Iridium-Power-Spark-Plugs/dp/B08PVXLSBH/ref=sr_1_15?dchild=1&keywords=spark+plugs&qid=1633497847&s=automotive&sr=1-15,B08PVXLSBH,Newparts,spark plug,49.95,0-50$,103,5145,0.434278730133542,,"101905622, 12290R40A01, 12290R70A02, 1884611070, 7B0905600A, 95517022090, IXUH22I",0.9,0-1pound,,,
ngk (7092) bkr6egp g-power spark plug (8 pack),https://www.amazon.com/NGK-BKR6EGP-G-Power-Spark-Plug/dp/B01M97MIAC/ref=sr_1_17?dchild=1&keywords=spark+plugs&qid=1633497847&s=automotive&sr=1-17,B01M97MIAC,NGK,spark plug,22.81,0-50$,345,7869,0.664205894542437,,,0.95,0-1pound,7.28 x 5.39 x 1.97 inches,51-100sq.inch,
fram autolite xp5325-4pk iridium xp spark plug pack of 4,https://www.amazon.com/Autolite-XP5325-4PK-Iridium-Spark-Plug/dp/B009J5O0G2/ref=sr_1_18?dchild=1&keywords=spark+plugs&qid=1633497847&s=automotive&sr=1-18,B009J5O0G2,Autolite,spark plug,10.16,0-50$,484,4917,0.415033725183018,XP5325-4PK,,0.4875,0-1pound,4.17 x 3.58 x 1.06 inches,1-50sq.inch,Mexico
ngk 6619 iridium spark plugs lfr6aix-11 - 6 pcsnew,https://www.amazon.com/NGK-6619-Iridium-Spark-LFR6AIX-11/dp/B00IAGN4UY/ref=sr_1_19?dchild=1&keywords=spark+plugs&qid=1633497847&s=automotive&sr=1-19,B00IAGN4UY,NGK,spark plug,35.5,0-50$,546,19383,1.63607864454391,,,0.12,0-1pound,3.7 x 0.94 x 4.98 inches,1-50sq.inch,
lexivon 5/8' swivel magnetic spark plug socket 3/8' drive x 6' total length | enhanced magnetic design with thin wall socket cr-v steel (lx-121),https://www.amazon.com/Lexivon-Swivel-Magnetic-Enhanced-LX-121/dp/B07MDL88FD/ref=sr_1_20?dchild=1&keywords=spark+plugs&qid=1633497847&s=automotive&sr=1-20,B07MDL88FD,LEXIVON,spark plug,10.97,0-50$,861,9445,0.797232770867114,LX-121,,0.5875,0-1pound,1 x 1 x 6 inches,1-50sq.inch,
set of 4 oem 96306 double iridium spark plugs for a4 a6 tt quattro turbocharged cooper slk230 supercharged 1990-2017,https://www.amazon.com/Iridium-Quattro-Turbocharged-Supercharged-1990-2017/dp/B09C955ZLY/ref=sr_1_23?dchild=1&keywords=spark+plugs&qid=1633497847&s=automotive&sr=1-23,B09C955ZLY,AD Auto Parts,spark plug,23.75,0-50$,77,1829,0.154382079186443,,96306,1.5,1.1-2pound,9.5 x 9.5 x 0.5 inches,1-50sq.inch,
autolite xp6203-4pk iridium xp spark plug pack of 4,https://www.amazon.com/Autolite-XP6203-4PK-Iridium-Spark-Plug/dp/B078JKF9YB/ref=sr_1_24?dchild=1&keywords=spark+plugs&qid=1633497847&s=automotive&sr=1-24,B078JKF9YB,Autolite,spark plug,29.38,0-50$,98,2879,0.243010391458594,XP6203-4PK,,0.525,0-1pound,4.2 x 3.6 x 1.2 inches,1-50sq.inch,Mexico
vplus 8pcs platinum spark plug replaces 3186 tr5gp,https://www.amazon.com/Vplus-Iridium-Spark-Replaces-TR5GP/dp/B085XZ8SWK/ref=sr_1_25?dchild=1&keywords=spark+plugs&qid=1633497847&s=automotive&sr=1-25,B085XZ8SWK,Vplus,spark plug,25.99,0-50$,187,4860,0.410222473945386,CT13,"3186, TR5GP",0.7875,0-1pound,4.06 x 3.98 x 1.81 inches,1-50sq.inch,
6 new ngk iridium ix spark plugs lfr5aix-11  4469,https://www.amazon.com/NGK-Iridium-Spark-LFR5AIX-11-4469/dp/B00330AMYS/ref=sr_1_26?dchild=1&keywords=spark+plugs&qid=1633497847&s=automotive&sr=1-26,B00330AMYS,NGK,spark plug,37.5,0-50$,533,19988,1.68714543399596,,,0.000625,0-1pound,3.7 x 0.94 x 4.98 inches,1-50sq.inch,
set (8pcs) denso platinum tt spark plugs stock 4503 platinum core .039'(1.0mm) gap size,https://www.amazon.com/Denso-Platinum-Spark-Plugs-Stock/dp/B072KPPG8F/ref=sr_1_27?dchild=1&keywords=spark+plugs&qid=1633497847&s=automotive&sr=1-27,B072KPPG8F,Denso,spark plug,26.78,0-50$,226,6052,0.510836710353391,,,0.875,0-1pound,40.2 x 92.16 x 11.52 inches,>1000sq.inch,
ngk standard 6263 cr9e standard spark plug 4 pack,https://www.amazon.com/NGK-6263-CR9E-Standard-Spark/dp/B00519BZ2M/ref=sr_1_28?dchild=1&keywords=spark+plugs&qid=1633497847&s=automotive&sr=1-28,B00519BZ2M,NGK,spark plug,23.5,0-50$,150,3525,0.29753790548508,,,0.3125,0-1pound,3.07 x 0.85 x 2.96 inches,1-50sq.inch,
vplus 4pcs iridium spark plug replaces 2447 1ung18110 99906910x9019 by481zfr5f mz602068 zfr5fix11,https://www.amazon.com/Vplus-1UNG18110-99906910X9019-BY481ZFR5F-ZFR5FIX11/dp/B085XSYQF4/ref=sr_1_29?dchild=1&keywords=spark+plugs&qid=1633497847&s=automotive&sr=1-29,B085XSYQF4,Vplus,spark plug,18.93,0-50$,135,2556,0.215746634445351,CT21,"1UNG18110, 99906910X9019, BY481ZFR5F, MZ602068, ZFR5FIX11",0.41875,0-1pound,4.02 x 3.9 x 0.94 inches,1-50sq.inch,
autolite xp5263-4pk iridium xp spark plug pack of 4,https://www.amazon.com/Autolite-XP5263-4PK-Iridium-Spark-Plug/dp/B009J5AS90/ref=sr_1_30?dchild=1&keywords=spark+plugs&qid=1633497847&s=automotive&sr=1-30,B009J5AS90,Autolite,spark plug,17.03,0-50$,420,7153,0.603769826364475,XP5263-4PK,,0.4875,0-1pound,4.21 x 3.82 x 1.14 inches,1-50sq.inch,Mexico
atlin thin wall spark plug socket 12-point 14-millimeters compatible with bmw nissan mini,https://www.amazon.com/ATLIN-Socket-12-Point-14-millimeters-Compatible/dp/B01MXJ3X7P/ref=sr_1_27?dchild=1&keywords=spark+plugs&qid=1633497805&s=automotive&sr=1-27,B01MXJ3X7P,ATLIN,spark plug,14.95,0-50$,712,10644,0.898437862690266,,,0.13125,0-1pound,2.5 x 0.72 x 0.72 inches,1-50sq.inch,
acdelco 41-993 professional iridium spark plug (pack of 4),https://www.amazon.com/ACDelco-41-993-Professional-Iridium-Spark/dp/B075XWYMYD/ref=sr_1_28?dchild=1&keywords=spark+plugs&qid=1633497805&s=automotive&sr=1-28,B075XWYMYD,ACDelco,spark plug,12.75,0-50$,380,4845,0.408956355198642,ACDelco,19256067,0.1,0-1pound,5.43 x 3.31 x 0.98 inches,1-50sq.inch,USA
autolite app5325-4pk double platinum spark plug pack of 4,https://www.amazon.com/Autolite-APP5325-4PK-Double-Platinum-Spark/dp/B076C92MY5/ref=sr_1_29?dchild=1&keywords=spark+plugs&qid=1633497805&s=automotive&sr=1-29,B076C92MY5,Autolite,spark plug,19.04,0-50$,267,5084,0.429129847230112,APP5325-4PK,,0.5,0-1pound,4.3 x 3.6 x 1.2 inches,1-50sq.inch,Mexico
4 pcsnew -- ngk 5018 g-power platinum spark plugs lfr5agp,https://www.amazon.com/NGK-G-Power-Platinum-Spark-LFR5AGP/dp/B00KEYZIGS/ref=sr_1_25?dchild=1&keywords=spark+plugs&qid=1633497805&s=automotive&sr=1-25,B00KEYZIGS,NGK,spark plug,19.99,0-50$,156,3118,0.263183883490065,,,0.000625,0-1pound,3.7 x 0.94 x 3.32 inches,1-50sq.inch,
(6-pack) ngk spark plugs tr55 (stock  3951),https://www.amazon.com/6-Pack-NGK-Spark-Plugs-3951/dp/B082DQ7GPK/ref=sr_1_26?dchild=1&keywords=spark+plugs&qid=1633497805&s=automotive&sr=1-26,B082DQ7GPK,NGK,spark plug,14.06,0-50$,893,12556,1.05982579894203,,,0.6,0-1pound,6.77 x 4.33 x 1.38 inches,1-50sq.inch,
bosch 6717 platinum spark plug for select american motors chrysler dodge eagle jeep and plymouth cars trucks and suvs (pack of 4),https://www.amazon.com/Bosch-6717-Platinum-Spark-Plug/dp/B06XC9P67Y/ref=sr_1_27?dchild=1&keywords=spark+plugs&qid=1633497805&s=automotive&sr=1-27,B06XC9P67Y,Bosch Automotive,spark plug,3.64,0-50$,140,510,0.043048037389331,Bosch,,0.43125,0-1pound,5.16 x 3.5 x 1.06 inches,1-50sq.inch,Germany
qyl ignition coil uf549 & spark plug 9029 replacement for nv200 cube sentra versa 1.6l 1.8l 2.0l l4 (set of 4),https://www.amazon.com/QYL-Ignition-Replacement-Nissan-Sentra/dp/B07Q1BF356/ref=sr_1_28?dchild=1&keywords=spark+plugs&qid=1633497805&s=automotive&sr=1-28,B07Q1BF356,QYL,spark plug,62.99,51-100$,144,9071,0.765664210114938,,,2.29,2.1-5pound,10.13 x 6.62 x 3.35 inches,2011-500sq.inch,
ares 11007-5-piece high visibility 3/8-inch drive sae & metric spark plug socket set - heat treated cr-v steel mirror polish sockets with rubber retaining rings - spark plug removal,https://www.amazon.com/ARES-70011-5-Piece-Visibility-8-Inch-Metric/dp/B01ERX4WXQ/ref=sr_1_29?dchild=1&keywords=spark+plugs&qid=1633497805&s=automotive&sr=1-29,B01ERX4WXQ,ARES,spark plug,18.92,0-50$,379,7171,0.605289168860569,,,1.39,1.1-2pound,8 x 5.98 x 2.95 inches,101-200sq.inch,Taiwan
ngk spark plug ngk dpr8ea-9 ea 1,https://www.amazon.com/NGK-DPR8EA-9-Standard-Spark-Plug/dp/B000CSGX9C/ref=sr_1_30?dchild=1&keywords=spark+plugs&qid=1633497805&s=automotive&sr=1-30,,NGK,spark plug,3.69,0-50$,446,1646,0.138935430476153,,,,,,,
e3 spark plugs e3.36 powersports spark plug (1) (e336),https://www.amazon.com/E3-Spark-Plug-E3-36-Powersports/dp/B0022ZAFOC/ref=sr_1_31?dchild=1&keywords=spark+plugs&qid=1633497805&s=automotive&sr=1-31,B0022ZAFOC,E3 Spark Plugs,spark plug,6.49,0-50$,1185,7691,0.649181285414396,E336,E3.36,0.2,0-1pound,6.5 x 4.5 x 0.8 inches,1-50sq.inch,China
denso set of 8 platinum tt spark plug gap .040 for v8,https://www.amazon.com/Denso-Platinum-Spark-Plug-040/dp/B08PVY6JZS/ref=sr_1_32?dchild=1&keywords=spark+plugs&qid=1633497805&s=automotive&sr=1-32,B08PVY6JZS,Newparts,spark plug,35.95,0-50$,41,1474,0.124417268846811,,"101905611A, 101905631A, 101905631G, 1881411051, 22401AA65A, 5862052370, 9091901169, 9091901196, 9091901197, 90919C1002, 980795517S, AGSP32F, AW350015, BP1318110, C2A1535",1.02,1.1-2pound,,,
ngk  3186 g-power platinum spark plugs tr5gp - 8 pcsnew,https://www.amazon.com/NGK-G-Power-Platinum-Spark-TR5GP/dp/B00PMKOI06/ref=sr_1_33?dchild=1&keywords=spark+plugs&qid=1633497805&s=automotive&sr=1-33,B00PMKOI06,NGK,spark plug,23.53,0-50$,456,10730,0.905696943504938,,,,,4.02 x 3.58 x 1.85 inches,1-50sq.inch,
ngk 7090 g-power platinum spark plugs bkr5egp - 6 pcsnew,https://www.amazon.com/NGK-G-Power-Platinum-Spark-BKR5EGP/dp/B00INLGAQG/ref=sr_1_36?dchild=1&keywords=spark+plugs&qid=1633497805&s=automotive&sr=1-36,B00INLGAQG,NGK,spark plug,18.5,0-50$,972,17982,1.51782315359793,,,0.1,0-1pound,6 x 3.9 x 1 inches,1-50sq.inch,
set of 8 oem motorcraft platinum sp546 (sp515) ht15 spark plugs for ford 5.4l,https://www.amazon.com/Motorcraft-Platinum-SP546-SP515-Spark/dp/B07DHQYBWW/ref=sr_1_37?dchild=1&keywords=spark+plugs&qid=1633497805&s=automotive&sr=1-37,B07DHQYBWW,Herko Automotive,spark plug,73.25,51-100$,385,28201,2.38038765179709,,"13292-9499451 F1000-399477-MTR HT15, MOFSP515 PZH-14-F PZH14F SP507 SP515",1.01,1.1-2pound,11.39 x 5.63 x 1.93 inches,101-200sq.inch,
pre grapped spark plugs 12120037244 zgr6ste2 with bmw e60 e90 e92 e93 135i 335i 535i pack of 6,https://www.amazon.com/Grapped-Spark-Plugs-12120037244-ZGR6STE2/dp/B0975MD36Z/ref=sr_1_38?dchild=1&keywords=spark+plugs&qid=1633497805&s=automotive&sr=1-38,B0975MD36Z,SHUJI,spark plug,14.61,0-50$,50,731,0.061702186924707,,,0.6,0-1pound,5.51 x 4.69 x 1.06 inches,1-50sq.inch,
ngk (7092) bkr6egp g-power spark plug (6 pack),https://www.amazon.com/NGK-BKR6EGP-G-Power-Spark-Plug/dp/B01M6TM497/ref=sr_1_39?dchild=1&keywords=spark+plugs&qid=1633497805&s=automotive&sr=1-39,B01M6TM497,NGK,spark plug,18.49,0-50$,409,7562,0.638292664192389,Spark Plugs,"#-N-G-K # BKR6EGP 7092, BKR6E GP, BKR6E-GP, BKR6EGP 7092, Iridium Spark Plug",0.0625,0-1pound,3.4 x 0.8 x 0.6 inches,1-50sq.inch,
vplus 4pcs iridium spark plug replaces 93501 lkar7bix-11s,https://www.amazon.com/Vplus-Iridium-Spark-Replaces-LKAR7BIX-11S/dp/B085XSQ174/ref=sr_1_40?dchild=1&keywords=spark+plugs&qid=1633497805&s=automotive&sr=1-40,B085XSQ174,Vplus,spark plug,25.98,0-50$,133,3455,0.291629351333603,CT17,"LKAR7BIX-11S, 93501",0.36875,0-1pound,3.94 x 3.9 x 1.02 inches,1-50sq.inch,
41-962 spark plugs + 9748hh herlux spark plug wires compatible with gmc yukon xl escalade tahoe silverado 1500 pontiac g8 h2 h3 savana sierra 2000-2012 for ls2 ls3 ls4 ls7 engines,https://www.amazon.com/Compatible-Escalade-Silverado-Pontiac-2000-2012/dp/B096836H29/ref=sr_1_41?dchild=1&keywords=spark+plugs&qid=1633497805&s=automotive&sr=1-41,B096836H29,Ballmers,spark plug,52.99,51-100$,56,2967,0.250438288106165,,"Spark Plugs Part number: 41-962 19299585., Spark Plugs Wires Part number: WGM48, 9748UU, 9748HH, 9748GG, 88862397, 88862385, 748UU, 748HH, 748GG, 19297035.",2.02,2.1-5pound,12.13 x 7.01 x 2.68 inches,2011-500sq.inch,
high performance platinum 12120037607 bkr6equp 3199 spark plugs compatible with bmw e39 e46 m54 328i 528i x3 x5 pack of 6,https://www.amazon.com/Performance-Platinum-12120037607-BKR6EQUP-Compatible/dp/B0986LYMK4/ref=sr_1_42?dchild=1&keywords=spark+plugs&qid=1633497805&s=automotive&sr=1-42,B0986LYMK4,SHUJI,spark plug,36.99,0-50$,60,2219,0.187301166601813,,,0.61875,0-1pound,5.59 x 4.06 x 1.1 inches,1-50sq.inch,
6 pcs new -- denso  5358 iridium power spark plugs -- ik20l,https://www.amazon.com/DENSO-IRIDIUM-Power-Spark-IK20L/dp/B00UBDVI5W/ref=sr_1_43?dchild=1&keywords=spark+plugs&qid=1633497805&s=automotive&sr=1-43,B00UBDVI5W,Denso,spark plug,39.84,0-50$,144,5737,0.484248216671745,,,0.65625,0-1pound,3.62 x 3.43 x 5.76 inches,51-100sq.inch,
ngk  5019 g-power spark plugs -- ltr5gp -- 4 pcs new,https://www.amazon.com/NGK-G-Power-Spark-Plugs-LTR5GP/dp/B00TTQEI7W/ref=sr_1_44?dchild=1&keywords=spark+plugs&qid=1633497805&s=automotive&sr=1-44,B00TTQEI7W,NGK,spark plug,15.24,0-50$,195,2972,0.250860327688413,,,0.01,0-1pound,3.7 x 0.94 x 3.32 inches,1-50sq.inch,
ngk 3951 pack of 8 spark plugs (tr55),https://www.amazon.com/NGK-V-Power-Nickel-Standard-0-060in/dp/B0724YYQG7/ref=sr_1_45?dchild=1&keywords=spark+plugs&qid=1633497805&s=automotive&sr=1-45,B0724YYQG7,NGK,spark plug,18.31,0-50$,1220,22338,1.88550403765268,,,0.11,0-1pound,96.48 x 41.52 x 10.92 inches,>1000sq.inch,
genuine hyundai spark plugs 18847-11160 set of 4,https://www.amazon.com/Genuine-Hyundai-Spark-Plugs-18847-11160/dp/B008N2JQLQ/ref=sr_1_46?dchild=1&keywords=spark+plugs&qid=1633497805&s=automotive&sr=1-46,B008N2JQLQ,HYUNDAI,spark plug,42.82,0-50$,120,5138,0.433687874718394,,18847-11160,0.15,0-1pound,4.1 x 3.5 x 1 inches,1-50sq.inch,
epauto swivel magnetic spark plug socket 6 point 5/8-inch x 6-inch,https://www.amazon.com/EPAuto-Swivel-Magnetic-Socket-8-inch/dp/B071ZT9VZK/ref=sr_1_47?dchild=1&keywords=spark+plugs&qid=1633497805&s=automotive&sr=1-47,B071ZT9VZK,EPAUTO,spark plug,9.97,0-50$,493,4915,0.414864909350118,,,0.55625,0-1pound,8.66 x 2.72 x 0.75 inches,1-50sq.inch,
mas ignition coil dg508 & motorcraft spark plug sp479 compatible with ford 4.6l 5.4l v8 dg457 dg472 dg491 crown victoria expedition f-150 f-250 mustang lincoln mercury explorer (set of 8),https://www.amazon.com/Ignition-Motorcraft-VICTORIA-EXPEDITION-EXPLORER/dp/B073ZPP2SK/ref=sr_1_51?dchild=1&keywords=spark+plugs&qid=1633497938&s=automotive&sr=1-51,B073ZPP2SK,MAS,spark plug,80.99,51-100$,695,56288,4.75115280111891,,"C566 F7TU12A366AB GN10164 1L2U12029AA 1L2U12A366A, COP9 FD503 DG467 DG473 DG481 FD493 DQ50101 FD503T, DG508 DG457 DG472 DG491 F523 DG508 3W7Z12029AA",4.1,2.1-5pound,11.89 x 9.17 x 3.94 inches,2011-500sq.inch,
autolite xp5683-4pk iridium xp spark plug pack of 4 white,https://www.amazon.com/Autolite-XP5683-4PK-Iridium-Spark-Plug/dp/B078KQZV8D/ref=sr_1_53?dchild=1&keywords=spark+plugs&qid=1633497938&s=automotive&sr=1-53,B078KQZV8D,Autolite,spark plug,24.82,0-50$,173,4294,0.362447593234874,XP5683-4PK,,0.36875,0-1pound,3.38 x 4 x 1 inches,1-50sq.inch,Mexico
denso set 4 iridium power spark plugs gap 0.035 for acura honda hyundai kia l4,https://www.amazon.com/Denso-Iridium-Power-Spark-Hyundai/dp/B08PVYJFL6/ref=sr_1_54?dchild=1&keywords=spark+plugs&qid=1633497938&s=automotive&sr=1-54,B08PVYJFL6,Newparts,spark plug,33.95,0-50$,60,2037,0.171938925807974,,"101905622, 12290R40A01, 12290R70A02, 1884611070, 7B0905600A, 95517022090, IXUH22I",0.7,0-1pound,,,
acdelco gm original equipment 41-108 iridium spark plug,https://www.amazon.com/ACDelco-41-108-Professional-Iridium-Spark/dp/B0016HNOFY/ref=sr_1_55?dchild=1&keywords=spark+plugs&qid=1633497938&s=automotive&sr=1-55,B0016HNOFY,ACDelco,spark plug,7.5,0-50$,191,1433,0.120956544272374,GM Original Equipment,12620540,0.05,0-1pound,6.7 x 3.9 x 1 inches,1-50sq.inch,USA
ngk  6509 iridium spark plug ltr6ix-11 - 6 pcsnew,https://www.amazon.com/NGK-6509-Iridium-Spark-LTR6IX-11/dp/B00J62NNAC/ref=sr_1_56?dchild=1&keywords=spark+plugs&qid=1633497938&s=automotive&sr=1-56,B00J62NNAC,NGK,spark plug,35.9,0-50$,316,11344,0.957523404205034,,,0.65,0-1pound,3.7 x 0.94 x 4.98 inches,1-50sq.inch,
ngk 93911-4pk lkr7aix iridium ix spark plug box of 4,https://www.amazon.com/NGK-93911-LKR7AIX-Iridium-Spark/dp/B01DMFGQ52/ref=sr_1_57?dchild=1&keywords=spark+plugs&qid=1633497938&s=automotive&sr=1-57,B01DMFGQ52,NGK,spark plug,27.7,0-50$,150,4155,0.35071489284837,93911-4PK,,0.4,0-1pound,4.02 x 3.86 x 0.83 inches,1-50sq.inch,
ngk 7090 bkr5egp g-power spark plug pack of 4,https://www.amazon.com/NGK-7090-BKR5EGP-G-Power-Spark/dp/B00L3XGGJ2/ref=sr_1_58?dchild=1&keywords=spark+plugs&qid=1633497938&s=automotive&sr=1-58,B00L3XGGJ2,NGK,spark plug,13.46,0-50$,812,10930,0.922578526794871,7090-4PK,BKR5EGP,0.43125,0-1pound,3.4 x 1.1 x 0.9 inches,1-50sq.inch,
bosch 4417 platinum+4 fgr7dqp spark plug(pack of 6),https://www.amazon.com/Bosch-4417-Platinum-FGR7DQP-spark/dp/B07614Z5F5/ref=sr_1_59?dchild=1&keywords=spark+plugs&qid=1633497938&s=automotive&sr=1-59,B07614Z5F5,BOSCH,spark plug,39.95,0-50$,75,2996,0.252886117683205,,,0.45,0-1pound,5.51 x 4.02 x 1.5 inches,1-50sq.inch,
long endurance ignition coil and spark plug pack of 4pcs. compatible with 2002-2006 nissan altima sentra 2002-2008 x-trail 2.5l replacement for uf350 5c1395 c1398 22448-8h315,https://www.amazon.com/Endurance-Compatible-2002-2006-Replacement-22448-8H315/dp/B096YHYPSJ/ref=sr_1_60?dchild=1&keywords=spark+plugs&qid=1633497938&s=automotive&sr=1-60,B096YHYPSJ,QVDX,spark plug,69.99,51-100$,30,2100,0.177256624544303,,,2.23,2.1-5pound,8.43 x 6.89 x 4.37 inches,2011-500sq.inch,
vplus set of 6 ignition coils pack uf553 7t4z-12029-e & spark plugs 5019 ltr5gp compatible with ford flex taurus edge lincoln mks mkt mkz mkx mercury sable 3.5l v6,https://www.amazon.com/Vplus-Ignition-7T4Z-12029-Compatible-Lincoln/dp/B088R75W5W/ref=sr_1_61?dchild=1&keywords=spark+plugs&qid=1633497938&s=automotive&sr=1-61,B088R75W5W,Vplus,spark plug,69.99,51-100$,137,9589,0.809387510835866,,,4.13,2.1-5pound,10.71 x 7.13 x 4.17 inches,2011-500sq.inch,
ngk (7100) zfr6fgp spark plug - pack of 4,https://www.amazon.com/NGK-ZFR6FGP-Spark-Plug-Pack/dp/B00BPITZYS/ref=sr_1_62?dchild=1&keywords=spark+plugs&qid=1633497938&s=automotive&sr=1-62,B00BPITZYS,NGK,spark plug,14.14,0-50$,232,3280,0.276857965954911,,,0.55,0-1pound,3.31 x 0.94 x 3.32 inches,1-50sq.inch,
6 pcsnew -- denso 4504 platinum t t spark plugs -- pk20tt,https://www.amazon.com/DENSO-PLATINUM-Spark-Plugs-PK20TT/dp/B00S3H2D3Y/ref=sr_1_65?dchild=1&keywords=spark+plugs&qid=1633497938&s=automotive&sr=1-65,B00S3H2D3Y,Denso,spark plug,21.2,0-50$,392,8310,0.701429785696741,,,0.000625,0-1pound,3.62 x 5.76 x 0.96 inches,1-50sq.inch,
ares 11014-5-piece magnetic swivel spark plug socket set - includes 14mm thin wall socket 9/16 6-inch extension socket and 5/8 sockets with 4- 6- and 10-inch extensions,https://www.amazon.com/ARES-11014-5-Piece-Magnetic-Swivel-Socket/dp/B07ZWK1YV3/ref=sr_1_66?dchild=1&keywords=spark+plugs&qid=1633497938&s=automotive&sr=1-66,B07ZWK1YV3,ARES,spark plug,59.68,51-100$,244,14562,1.22914807934006,,,1.85,1.1-2pound,15 x 2.2 x 4.7 inches,101-200sq.inch,Taiwan
set (8pcs) ngk v-power spark plugs stock 2771 nickel core tip standard 0.040in ur5,https://www.amazon.com/NGK-V-Power-Nickel-Standard-0-040in/dp/B071KQFYFF/ref=sr_1_67?dchild=1&keywords=spark+plugs&qid=1633497938&s=automotive&sr=1-67,B071KQFYFF,NGK,spark plug,20.45,0-50$,120,2454,0.207137026967485,,,0.65,0-1pound,96.48 x 41.52 x 10.92 inches,>1000sq.inch,
acdelco gm original equipment r45ts conventional spark plug,https://www.amazon.com/ACDelco-R45TS-Professional-Conventional-Spark/dp/B000C9SNFI/ref=sr_1_68?dchild=1&keywords=spark+plugs&qid=1633497938&s=automotive&sr=1-68,B000C9SNFI,ACDelco,spark plug,3.19,0-50$,123,392,0.03308790324827,GM Original Equipment,19302744,0.1,0-1pound,4.4 x 3.8 x 1.7 inches,1-50sq.inch,Mexico
ngk 5018 g-power platinum spark plugs lfr5agp - 6 pcsnew,https://www.amazon.com/NGK-G-Power-Platinum-Spark-LFR5AGP/dp/B00IN6OPFO/ref=sr_1_69?dchild=1&keywords=spark+plugs&qid=1633497938&s=automotive&sr=1-69,B00IN6OPFO,NGK,spark plug,29.28,0-50$,150,4392,0.370719569046942,,,0.05,0-1pound,3.7 x 0.94 x 4.98 inches,1-50sq.inch,
ngk  6994 laser iridium premium spark plugs izfr6k-11---- 4 pcs new,https://www.amazon.com/NGK-LASER-IRIDIUM-Premium-IZFR6K-11/dp/B00MEUMDRM/ref=sr_1_70?dchild=1&keywords=spark+plugs&qid=1633497938&s=automotive&sr=1-70,B00MEUMDRM,NGK,spark plug,38.15,0-50$,380,14497,1.22366156477084,,,0.01,0-1pound,3.31 x 0.94 x 3.32 inches,1-50sq.inch,
ngk 6418 iridium spark plugs bkr6eix ---6 pcs new,https://www.amazon.com/NGK-Iridium-Spark-Plugs-BKR6EIX/dp/B00MG7QVRQ/ref=sr_1_71?dchild=1&keywords=spark+plugs&qid=1633497938&s=automotive&sr=1-71,B00MG7QVRQ,NGK,spark plug,37.52,0-50$,75,2814,0.237523876889366,,,0.6625,0-1pound,3.31 x 0.94 x 4.98 inches,1-50sq.inch,
bosch (9602) hr8lii33u original equipment fine wire iridium spark plug (8 pack),https://www.amazon.com/Bosch-HR8LII33U-Original-Equipment-Iridium/dp/B01JBDL2KI/ref=sr_1_72?dchild=1&keywords=spark+plugs&qid=1633497938&s=automotive&sr=1-72,B01JBDL2KI,BOSCH,spark plug,53.59,51-100$,68,3644,0.30758244754259,,,0.1,0-1pound,7.17 x 5.2 x 0.87 inches,1-50sq.inch,
denso set 4 iridium power spark plugs gap 0.032 for vw audi chevy mazda honda l4,https://www.amazon.com/Denso-Iridium-Power-Spark-Plugs/dp/B08PW12RKZ/ref=sr_1_73?dchild=1&keywords=spark+plugs&qid=1633497938&s=automotive&sr=1-73,B08PW12RKZ,Newparts,spark plug,30.95,0-50$,34,1052,0.088797128105051,,"12120035747, 2240127N67, 224019E017, 1F2018110B, 2240127N17, 2240153J07, 2723130, 55585517, 980795714G, 2723670, 9171307, 98079571CV, 98079578BU, 000018KJ15, 1F2018110A",0.6625,0-1pound,,,
6 pcsnew -- denso 4511 platinum t t spark plugs -- pt16tt,https://www.amazon.com/DENSO-PLATINUM-Spark-Plugs-PT16TT/dp/B00S3I3MMO/ref=sr_1_74?dchild=1&keywords=spark+plugs&qid=1633497938&s=automotive&sr=1-74,B00S3I3MMO,Denso,spark plug,18.81,0-50$,254,4778,0.403301024796514,,,0.000625,0-1pound,3.62 x 5.76 x 0.96 inches,1-50sq.inch,
6 new denso iridium spark plugs ik16  5303,https://www.amazon.com/DENSO-Iridium-Spark-Plugs-5303/dp/B003300UW2/ref=sr_1_76?dchild=1&keywords=spark+plugs&qid=1633497938&s=automotive&sr=1-76,B003300UW2,Denso,spark plug,35.49,0-50$,150,5324,0.449387747178032,,,0.000625,0-1pound,5.31 x 5 x 1.1 inches,1-50sq.inch,
ngk 2477 iridium spark plugs zfr5fix-11 ---- 6 pcsnew,https://www.amazon.com/NGK-Iridium-Spark-Plugs-ZFR5FIX-11/dp/B00KESRE52/ref=sr_1_75?dchild=1&keywords=spark+plugs&qid=1633497972&s=automotive&sr=1-75,B00KESRE52,NGK,spark plug,37.58,0-50$,80,3006,0.253730196847702,,,0.05,0-1pound,3.31 x 0.94 x 4.98 inches,1-50sq.inch,
bmw spark plugs platinum plug set bosch oem 158253 / fr7np p332 (6pcs),https://www.amazon.com/Spark-Plugs-Platinum-Bosch-158253/dp/B00EJWYKQU/ref=sr_1_76?dchild=1&keywords=spark+plugs&qid=1633497972&s=automotive&sr=1-76,B00EJWYKQU,BOSCH,spark plug,43.5,0-50$,116,5046,0.425922346405025,,"12120032138, 12122158253",0.01,0-1pound,6.38 x 4.17 x 0.91 inches,1-50sq.inch,
vplus 8pcs iridium spark plug replaces 4469 by481lfr5a lfr5aix11 mz602090,https://www.amazon.com/Vplus-Replaces-BY481LFR5A-LFR5AIX11-MZ602090/dp/B085XSPTHB/ref=sr_1_77?dchild=1&keywords=spark+plugs&qid=1633497972&s=automotive&sr=1-77,B085XSPTHB,Vplus,spark plug,47.99,0-50$,79,3791,0.319990411260691,CT19,"BY481LFR5A, LFR5AIX11, MZ602090",0.95,0-1pound,4.02 x 3.98 x 1.73 inches,1-50sq.inch,
ngk 2477 iridium spark plugs zfr5fix-11 - 4 pcsnew,https://www.amazon.com/NGK-Iridium-Spark-Plugs-ZFR5FIX-11/dp/B00IOFBNAY/ref=sr_1_78?dchild=1&keywords=spark+plugs&qid=1633497972&s=automotive&sr=1-78,B00IOFBNAY,NGK,spark plug,27.98,0-50$,90,2518,0.212539133620264,,AUDI%101000053AA|AUDI%101905601|CITRON%1606263780|CITRON%5960C3|CITRON%5960C5|DAIHATSU%99906910X9019|FORD%1120170|HONDA%98615515J|HONDA%H98615515J|HYUNDAI%1881711051|HYUNDAI%1882611101|HYUNDAI%2741023700|HYUNDAI%2741037100|MAZDA%1UNG18110|MAZDA%JE4118110|MAZDA%Z60118110|MAZDA%ZJY618110|MITSUBISHI%MZ602068|NISSAN%224011P115|NISSAN%224011P175|NISSAN%224012J204|NISSAN%2240199B12|NISSAN%BY481ZFR5F|OPEL%1214462|OPEL%91132086|OPEL%9195868|OPEL%97125969|PEUGEOT%1606263780|PEUGEOT%5960C2|PEUGEOT%5960C4|SEAT%101000062AB|SEAT%101905601|SEAT%JZW905603A|SKODA%101000049AC|SKODA%101000062AB|SKODA%JZW905603A|VOLKSWAGEN%101000044AA|VOLKSWAGEN%101000062AB|VOLKSWAGEN%101905600|VOLKSWAGEN%101905601|VOLKSWAGEN%JZW905603A,0.43125,0-1pound,4.37 x 4.02 x 0.98 inches,1-50sq.inch,
6 pcsnew -- denso 4503 platinum t t spark plugs -- pk16tt,https://www.amazon.com/DENSO-PLATINUM-Spark-Plugs-PK16TT/dp/B00S3GUW1U/ref=sr_1_79?dchild=1&keywords=spark+plugs&qid=1633497972&s=automotive&sr=1-79,B00S3GUW1U,Denso,spark plug,21.43,0-50$,585,12537,1.05822204852949,,,0.09,0-1pound,3.62 x 5.76 x 0.96 inches,1-50sq.inch,
combo pack of mas straight boot ignition coils with oem spark plug sp546 compatible with ford lincoln mercury v8 v10 4.6l 5.4l 6.8l compatible with e508,https://www.amazon.com/Straight-Compatible-3L3E12A366CA-3L3Z12029BA-3L3U12A366BB/dp/B0777SF5QM/ref=sr_1_80?dchild=1&keywords=spark+plugs&qid=1633497972&s=automotive&sr=1-80,B0777SF5QM,King Auto Parts,spark plug,129.99,101-200$,68,8839,0.746081573498615,,"3L3Z12029BA-3L3E12A366CA, 3L3Z12029BA-3L3U12A366BB, DG511 FD508 C1659, C1541,SP546,SP515, E508, GN10182-5C1584-50082-FD508 C1541 C1659 UF537 DG511",3.3,2.1-5pound,10 x 2 x 7 inches,101-200sq.inch,
denso set of 4 platinum tt spark plugs gap 0.040 for h4 l4,https://www.amazon.com/Denso-Platinum-Spark-Plugs-0-040/dp/B08PVWCW8M/ref=sr_1_81?dchild=1&keywords=spark+plugs&qid=1633497972&s=automotive&sr=1-81,B08PVWCW8M,Newparts,spark plug,18.95,0-50$,117,2217,0.187132350768914,,"101905611A, 101905631A, 101905631G, 1881411051, 22401AA65A, 5862052370, 9091901169, 9091901196, 9091901197, 90919C1002, 980795517S, AGSP32F, AW350015, BP1318110, C2A1535",0.6625,0-1pound,,,
ena set of 6 platinum spark plug and 6 ignition coil pack compatible with bmw 2010 2011 2012 2013 e82 e88 e90 e91 e92 e93 3.0l replacement for uf592,https://www.amazon.com/ENA-Spark-Ignition-compatible-2010-2013/dp/B084JKZP59/ref=sr_1_82?dchild=1&keywords=spark+plugs&qid=1633497972&s=automotive&sr=1-82,B084JKZP59,ENA,spark plug,93.98,51-100$,60,5639,0.475976240859678,,UF592 C1638 00044 0221504470 12137594937 12137562744 12137571643 12138647689 12138616153,4.24,2.1-5pound,11.18 x 8.5 x 6.85 inches,501-1000sq.inch,
autolite xp3922-4pk iridium xp spark plug pack of 4,https://www.amazon.com/Autolite-XP3922-4PK-Iridium-Spark-Plug/dp/B078KPZNG2/ref=sr_1_83?dchild=1&keywords=spark+plugs&qid=1633497972&s=automotive&sr=1-83,B078KPZNG2,Autolite,spark plug,27,0-50$,47,1269,0.107113645974629,XP3922-4PK,,0.45,0-1pound,4.5 x 4 x 1 inches,1-50sq.inch,Mexico
ngk  6418 iridium spark plugs bkr6eix - 4 pcs new,https://www.amazon.com/NGK-Iridium-Spark-Plugs-BKR6EIX/dp/B00MG7L612/ref=sr_1_84?dchild=1&keywords=spark+plugs&qid=1633497972&s=automotive&sr=1-84,B00MG7L612,NGK,spark plug,26.09,0-50$,229,5975,0.504337300786766,,,0.000625,0-1pound,4.06 x 3.5 x 0.75 inches,1-50sq.inch,
vplus set of 8 ignition coil dg508 and spark plug sp493 compatible with ford lincoln mercury 4.6l engines dg457 dg472 dg491 f523 3w7z12029aa 1l2u12029aa 1l2u12a366a,https://www.amazon.com/Vplus-Ignition-AGSF32PM-Compatible-Lincoln/dp/B088R7QG8C/ref=sr_1_86?dchild=1&keywords=spark+plugs&qid=1633497972&s=automotive&sr=1-86,B088R7QG8C,Vplus,spark plug,49.99,0-50$,60,2999,0.253139341432554,,,4.38,2.1-5pound,10.67 x 7.24 x 4.09 inches,2011-500sq.inch,
champion copper plus 71 spark plug (pack of 6),https://www.amazon.com/Champion-RC12YC-Spark-Plug-Pack/dp/B000B7TFIK/ref=sr_1_89?dchild=1&keywords=spark+plugs&qid=1633497972&s=automotive&sr=1-89,B000B7TFIK,Champion,spark plug,5.36,0-50$,2857,15314,1.29262283251022,71,71,0.09,0-1pound,1 x 3.75 x 0.75 inches,1-50sq.inch,
6 new ngk iridium ix spark plugs tr55ix  7164,https://www.amazon.com/NGK-Iridium-Spark-TR55IX-7164/dp/B0033I2WMA/ref=sr_1_90?dchild=1&keywords=spark+plugs&qid=1633497972&s=automotive&sr=1-90,B0033I2WMA,NGK,spark plug,37.52,0-50$,155,5816,0.490916442071269,,FORD%1315691,0.01,0-1pound,3.31 x 0.94 x 4.98 inches,1-50sq.inch,
autolite xp985-4pk iridium xp spark plug pack of 4,https://www.amazon.com/Autolite-XP985-4PK-Iridium-Spark-Plug/dp/B009J39ZI2/ref=sr_1_91?dchild=1&keywords=spark+plugs&qid=1633497972&s=automotive&sr=1-91,B009J39ZI2,Autolite,spark plug,18.59,0-50$,107,1989,0.16788734581839,XP985-4PK,,0.4875,0-1pound,4.17 x 3.46 x 1.14 inches,1-50sq.inch,Mexico
denso (4702) ik20tt iridium tt spark plug (pack of 1),https://www.amazon.com/Denso-IK20TT-Iridium-Spark-Plug/dp/B00TPU8R2Y/ref=sr_1_92?dchild=1&keywords=spark+plugs&qid=1633497972&s=automotive&sr=1-92,B00TPU8R2Y,Denso,spark plug,7.15,0-50$,86,615,0.051910868616546,,DENS7,0.022,0-1pound,3.35 x 0.98 x 0.98 inches,1-50sq.inch,
vplus 8pcs iridium spark plug replaces sp493 3l1e12405aa agsf32pm agsf32pmf4 agsf32pmf6,https://www.amazon.com/Vplus-Replaces-3L1E12405AA-AGSF32PMF4-AGSF32PMF6/dp/B085XYT7MX/ref=sr_1_95?dchild=1&keywords=spark+plugs&qid=1633497972&s=automotive&sr=1-95,B085XYT7MX,Vplus,spark plug,18.99,0-50$,49,931,0.078583770214641,CT07,"SP493, 3L1E12405AA, AGSF32PM, AGSF32PMF4, AGSF32PMF6",0.76875,0-1pound,4.06 x 3.98 x 1.77 inches,1-50sq.inch,
vplus set of 6 ignition coils & spark plugs compatible with 2007-2017 nissan infiniti maxima murano pathfinder quest altima q50 qx60 fx35 3.5l v6 uf550,https://www.amazon.com/Vplus-Ignition-compatible-2007-2017-Pathfinder/dp/B08TQF15K5/ref=sr_1_96?dchild=1&keywords=spark+plugs&qid=1633497972&s=automotive&sr=1-96,B08TQF15K5,Vplus,spark plug,108.93,101-200$,83,9041,0.763131972621448,,"UF550, C1670, 22448-JA10C, 5C1727, E1050, 52-2082, IC630, C1670, 1788376, 522082, 6734029, 22448-JA11C, 22448-JA10A, IGC0003, 50150",2.46,2.1-5pound,10.67 x 7.24 x 4.17 inches,2011-500sq.inch,
denso 4503 spark plug,https://www.amazon.com/Denso-PK16TT-Platinum-Spark-Plug/dp/B002M2KO4G/ref=sr_1_97?dchild=1&keywords=spark+plugs&qid=1633497972&s=automotive&sr=1-97,B002M2KO4G,Denso,spark plug,3.59,0-50$,176,632,0.05334580319619,"MDX,A4,S4,A6,A6,A6,A6",DENS7,0.11,0-1pound,,,China
denso ik20 iridium power spark plug ik20 x 4pieces ignition plugs racing upgrade,https://www.amazon.com/Iridium-4Pieces-Ignition-Racing-Upgrade/dp/B003CY6E7E/ref=sr_1_98?dchild=1&keywords=spark+plugs&qid=1633497972&s=automotive&sr=1-98,B003CY6E7E,Denso,spark plug,27.98,0-50$,89,2490,0.210175711959673,,,0.09,0-1pound,4.33 x 3.46 x 1.06 inches,1-50sq.inch,
ngk 5531 pk4 spark plugs (dpr6ea-9),https://www.amazon.com/NGK-5531-Spark-Plugs-DPR6EA-9/dp/B00BPF90OG/ref=sr_1_99?dchild=1&keywords=spark+plugs&qid=1633497972&s=automotive&sr=1-99,B00BPF90OG,NGK,spark plug,12.01,0-50$,183,2198,0.18552860035637,,NGK DPR6EA-9 5531,0.01,0-1pound,3.07 x 0.85 x 2.96 inches,1-50sq.inch,
bmw spark plugs plug set platinum iridium high power bosch oem 12122158253 / fr7npp332 (6pcs) 128i 325i 325xi 328i 328i xdrive 328xi 330i 330xi 525i 525xi 530i 530xi 528i 528i xdrive 528xi x3 x5,https://www.amazon.com/Platinum-Iridium-Bosch-12122158253-FR7NPP332/dp/B01MRIQK2B/ref=sr_1_100?dchild=1&keywords=spark+plugs&qid=1633497972&s=automotive&sr=1-100,B01MRIQK2B,BOSCH,spark plug,45.32,0-50$,90,4079,0.344299891198196,,"12120032138, 12122158253",0.01,0-1pound,5.9 x 4.3 x 1 inches,1-50sq.inch,
set of 8 oem sp509 platinum spark plugs,https://www.amazon.com/Set-SP509-Platinum-Spark-Plugs/dp/B08N6ZMKZ2/ref=sr_1_99?dchild=1&keywords=spark+plugs&qid=1633498030&s=automotive&sr=1-99,B08N6ZMKZ2,AD Auto Parts,spark plug,64.8,51-100$,30,1944,0.164088989578155,,HJFS24FP SP509 6733 9406,0.5,0-1pound,9.5 x 9.5 x 0.5 inches,1-50sq.inch,
ngk 90174 df8h-11b laser iridium spark plug,https://www.amazon.com/NGK-90174-DF8H-11B-Laser-Iridium/dp/B01B7YG1I2/ref=sr_1_100?dchild=1&keywords=spark+plugs&qid=1633498030&s=automotive&sr=1-100,B01B7YG1I2,NGK,spark plug,18.24,0-50$,30,547,0.046171130297968,90174,,0.04,0-1pound,9.4 x 2.4 x 2.1 inches,1-50sq.inch,USA
acdelco gm original equipment 41-114 iridium spark plug (pack of 1),https://www.amazon.com/ACDelco-41-114-Professional-Iridium-Spark/dp/B00DU255AU/ref=sr_1_101?dchild=1&keywords=spark+plugs&qid=1633498030&s=automotive&sr=1-101,B00DU255AU,ACDelco,spark plug,8.16,0-50$,293,2391,0.201819328231156,12622441,12622441,0.09,0-1pound,4.4 x 3.5 x 1 inches,1-50sq.inch,USA
acdelco gm original equipment 41-121 iridium spark plug,https://www.amazon.com/ACDelco-41-121-Professional-Iridium-Spark/dp/B00DU252BM/ref=sr_1_103?dchild=1&keywords=spark+plugs&qid=1633498030&s=automotive&sr=1-103,B00DU252BM,ACDelco,spark plug,9.45,0-50$,96,907,0.076557980219849,12681656,55585517,0.1,0-1pound,6.6 x 3.6 x 1.1 inches,1-50sq.inch,Japan
ngk 2667 bkr7eix ix iridium spark plug compatible for bmw r1150gs 1999-2005 / single piece,https://www.amazon.com/NGK-BKR7EIX-Iridium-Spark-Plug/dp/B000GZAUX6/ref=sr_1_104?dchild=1&keywords=spark+plugs&qid=1633498030&s=automotive&sr=1-104,B000GZAUX6,NGK,spark plug,8.84,0-50$,237,2095,0.176834584962054,NGK 2667 BKR7EIX IX Iridium Spark Plug,2667,0.099375,0-1pound,4.35 x 2.24 x 2.08 inches,1-50sq.inch,
set of 8 ad auto parts ignition coils + 16 platinum tt spark plugs pkh16tt for chrysler 300 dodge challenger charger ram 1500 jeep grand cherokee,https://www.amazon.com/AD-Auto-Parts-Ignition-Challenger/dp/B084D3Y993/ref=sr_1_105?dchild=1&keywords=spark+plugs&qid=1633498030&s=automotive&sr=1-105,B084D3Y993,AD Auto Parts,spark plug,189.54,101-200$,45,8529,0.719915119399218,,UF504,,,,,
mas ignition coils uf303 with oem spark plugs replacement compatible with chevy trailblazer colorado buick rainier gmc canyon envoy hummer h3 isuzu olds saab 2.8l 3.5l 4.2l (6),https://www.amazon.com/dp/B086XLBDYJ,B086XLBDYJ,MAS,spark plug,121.99,101-200$,30,3660,0.308932974205785,,,7.45,5.1-10pound,9.69 x 6.77 x 5.28 inches,2011-500sq.inch,
hivehicle iridium spark plug oe12621258 41 110 - pack of 8 for chevy gmc cadillac buickhummerisuzupontiacsaab,https://www.amazon.com/HiVehicle-Iridium-Spark-Plug-OE12621258/dp/B079MFRHNL/ref=sr_1_107?dchild=1&keywords=spark+plugs&qid=1633498030&s=automotive&sr=1-107,B079MFRHNL,HiVehicle,spark plug,35.9,0-50$,144,5170,0.436388928044783,"Please check the engine model/year/capacity carefully before purchasing. If you are not sure, you can ask us questions.Please don't buy it casually!!!",,0.85,0-1pound,2.99 x 0.55 x 0.55 inches,1-50sq.inch,
motorcraft sp-493 spark plug,https://www.amazon.com/Motorcraft-SP-493-Spark-Plug/dp/B0065UNT16/ref=sr_1_108?dchild=1&keywords=spark+plugs&qid=1633498030&s=automotive&sr=1-108,B0065UNT16,Motorcraft,spark plug,3.69,0-50$,56,207,0.017472438705081,SP-493,SP493,0.1,0-1pound,2 x 4 x 5 inches,1-50sq.inch,China
ngk iridium ix spark plug lfr5aix-11 (8 pack) for nissan titan se 2004-2008 5.6l/5552cc,https://www.amazon.com/NGK-Iridium-LFR5AIX-11-NISSAN-2004-2008/dp/B07RM8X79H/ref=sr_1_109?dchild=1&keywords=spark+plugs&qid=1633498030&s=automotive&sr=1-109,B07RM8X79H,NGK,spark plug,54.99,51-100$,60,3299,0.278461716367455,,,1,0-1pound,1 x 1 x 1 inches,1-50sq.inch,
ac delco r45ts spark plug set of 8 for chevy gmc buick cadillac pontiac olds,https://www.amazon.com/Delco-R45TS-Spark-Cadillac-Pontiac/dp/B07CJZ71NK/ref=sr_1_110?dchild=1&keywords=spark+plugs&qid=1633498030&s=automotive&sr=1-110,B07CJZ71NK,1A Auto,spark plug,25.49,0-50$,30,765,0.064572056083996,,,,,,,
motorcraft sp-520 spark plug,https://www.amazon.com/Motorcraft-SP-520-Spark-Plug/dp/B004A2IKW4/ref=sr_1_113?dchild=1&keywords=spark+plugs&qid=1633498030&s=automotive&sr=1-113,B004A2IKW4,Motorcraft,spark plug,5.39,0-50$,128,690,0.058241462350271,SP-520,SP520,0.1,0-1pound,3.8 x 4.2 x 1.1 inches,1-50sq.inch,China
ngk dilfr5a11 laser iridium spark plug,https://www.amazon.com/NGK-DILFR5A11-Laser-Iridium-Spark/dp/B006DI3LBI/ref=sr_1_118?dchild=1&keywords=spark+plugs&qid=1633498030&s=automotive&sr=1-118,B006DI3LBI,NGK,spark plug,14.21,0-50$,60,853,0.071999952731567,DILFR5A11,NGK 93759 Candela,0.11,0-1pound,4.35 x 2.24 x 2.08 inches,1-50sq.inch,Japan
ngk bkr7eix ix iridium plug,https://www.amazon.com/NGK-2667-BKR7EIX-Iridium-Spark/dp/B006BV7Z4Q/ref=sr_1_119?dchild=1&keywords=spark+plugs&qid=1633498030&s=automotive&sr=1-119,B006BV7Z4Q,NGK,spark plug,27.99,0-50$,288,8061,0.680412214500774,448926,"AUDI%101905621, RENAULT%8201001947, VOLKSWAGEN%101000035AE, VOLKSWAGEN%101000045AA",0.11,0-1pound,3.43 x 0.98 x 0.89 inches,1-50sq.inch,
ngk 4291 v-power spark plug - zfr6f-11 4 pack,https://www.amazon.com/NGK-4291-ZFR6F-11-V-Power-Spark/dp/B006TZQSHE/ref=sr_1_120?dchild=1&keywords=spark+plugs&qid=1633498030&s=automotive&sr=1-120,B006TZQSHE,NGK,spark plug,13.29,0-50$,152,2020,0.170503991228329,4291-4PK,44291A,0.11,0-1pound,3.95 x 3.31 x 0.93 inches,1-50sq.inch,
e3 spark plug e3.74 automotive spark plug pack of 1,https://www.amazon.com/E3-Spark-Plug-E3-74-Automotive/dp/B01BJ5TFVE/ref=sr_1_121?dchild=1&keywords=spark+plugs&qid=1633498030&s=automotive&sr=1-121,B01BJ5TFVE,E3 Spark Plugs,spark plug,8.58,0-50$,163,1399,0.118086675113086,E3.74,E3.74,0.02,0-1pound,3.5 x 0.75 x 0.75 inches,1-50sq.inch,China
acdelco gm original equipment 41-103 iridium spark plug,https://www.amazon.com/ACDelco-41-103-Professional-Iridium-Spark/dp/B000IZ2AVE/ref=sr_1_122?dchild=1&keywords=spark+plugs&qid=1633498030&s=automotive&sr=1-122,B000IZ2AVE,ACDelco,spark plug,7.68,0-50$,173,1329,0.112178120961609,12681663,12625058,0.09,0-1pound,6.7 x 3.9 x 1 inches,1-50sq.inch,USA
genuine hyundai spark plug set(4pcs) 1884610060,https://www.amazon.com/Genuine-Hyundai-Spark-Plug-1884610060/dp/B00XM7WAQK/ref=sr_1_123?dchild=1&keywords=spark+plugs&qid=1633498030&s=automotive&sr=1-123,B00XM7WAQK,Kia,spark plug,35.1,0-50$,83,2913,0.245880260617883,,,0.45,0-1pound,4.1 x 3.6 x 1.1 inches,1-50sq.inch,
ngk laser iridium 94702 df6h-11a laser iridium spark plug 4 pack,https://www.amazon.com/NGK-94702-DF6H-11A-Laser-Iridium/dp/B003C3GD1C/ref=sr_1_124?dchild=1&keywords=spark+plugs&qid=1633498030&s=automotive&sr=1-124,B003C3GD1C,NGK,spark plug,73.2,51-100$,30,2196,0.185359784523471,,,0.01,0-1pound,5.87 x 4.76 x 1.14 inches,1-50sq.inch,
motorcraft sp-502 spark plug,https://www.amazon.com/Motorcraft-SP-502-Spark-Plug/dp/B001088OJU/ref=sr_1_123?dchild=1&keywords=spark+plugs&qid=1633498868&s=automotive&sr=1-123,B001088OJU,Motorcraft,spark plug,3.79,0-50$,71,269,0.022705729524961,,SP502,0.45,0-1pound,1.05 x 3.6 x 6.6 inches,1-50sq.inch,China
denso set of 4 platinum tt spark plugs gap 0.040 for h4 l4,https://www.amazon.com/Denso-Platinum-Spark-Plugs-0-040/dp/B08PVYN3N4/ref=sr_1_124?dchild=1&keywords=spark+plugs&qid=1633498868&s=automotive&sr=1-124,B08PVYN3N4,Newparts,spark plug,18.95,0-50$,210,3980,0.335943507469678,,"000018KJ13, 101905631B, 101905631H, 101905640, 101905640A, 12120032134, 12120032135, 12129069877, 1822A069, 1882311091, 19302724, 22401AA310, 22401AA65A, 4501029, 55564962",0.6625,0-1pound,,,
ena set of 8 platinum spark plug and 8 ignition coil pack compatible with ford 2005 2006 2007 2008 f150 f-150 expedition f-250 super duty f-350 super duty 5.4l mustang 4.6l replacement for fd508 sp515,https://www.amazon.com/ENA-Spark-Ignition-2005-2008-Expedition/dp/B07DP6WQK6/ref=sr_1_125?dchild=1&keywords=spark+plugs&qid=1633498868&s=automotive&sr=1-125,B07DP6WQK6,ENA,spark plug,99.99,51-100$,273,27297,2.30408289532659,,"GN10182, 5C1584, 50082, FD508 C1541 C1659 UF537",3.5,2.1-5pound,9.33 x 6.81 x 3.31 inches,2011-500sq.inch,
mas set of 6 ignition coil and 6 motorcraft sp493 spark plugs dg513 dg500 sp493 c1458 fd502 uf406 c1387 fd495 compatible with ford mazda mercury 3.0 v6 dg-500,https://www.amazon.com/MAS-Compatible-Ignition-Motorcraft-Mercury/dp/B075H1Z1YN/ref=sr_1_126?dchild=1&keywords=spark+plugs&qid=1633498868&s=automotive&sr=1-126,B075H1Z1YN,MAS,spark plug,71.99,51-100$,103,7415,0.625884700474288,Ignition Coil DQ50101A,"DG500, SP493, C1458, FD502, UF406, C1387, FD495, 1L8Z12029AB, 5C1617, AJ0318100, C1458, DG513, DQ50101A, 1L8Z-12029-AB, XS2Z-12029-AA, AJ03-18-100, 1115808, AJ09-18-100, FD-495, FD-502",1,0-1pound,11.18 x 9.57 x 2.64 inches,2011-500sq.inch,
8 acd-oem spark plug wires 9748hh + 8 acd-oem double platinum spark plugs 41-962 + 8 heat shields for ls2 ls3 ls4 ls7 engines,https://www.amazon.com/AD-Spark-9748HH-Shields-Cadillac/dp/B07YN7X1Z3/ref=sr_1_127?dchild=1&keywords=spark+plugs&qid=1633498868&s=automotive&sr=1-127,B07YN7X1Z3,AD Auto Parts,spark plug,137.96,101-200$,86,11865,1.00149992867531,,"88862397 748UU 748HH 748GG 19297035, WGM48 9748UU 9748HH 9748GG 88862397 88862385",7,5.1-10pound,14.75 x 11.75 x 0.5 inches,51-100sq.inch,
bdfhyk 4-pack ignition coil pack for 2002-2020 nissan altima cube rogue sentra rogue nv200 pathinder coil for infiniti fx50 m56 qx60 qx70 uf549 c1696 22448-ja00a with l4 1.6l 1.8l 2.0l 2.5l,https://www.amazon.com/BDFHYK-Ignition-2002-2020-Pathinder-22448-JA00A/dp/B094XXLHZX/ref=sr_1_128?dchild=1&keywords=spark+plugs&qid=1633498868&s=automotive&sr=1-128,B094XXLHZX,BDFHYK,spark plug,68.86,51-100$,60,4132,0.348773510770028,,33558 1788369 3305504 6734028 224481KT1A 22448ED000 22448en200 22448JA00A 22448JA00C 22448JA10A 22448JA10C 3.35501E+12 5C1753 AIC2408B B184-UF549 C1696 CUF549 DQ50226 GN10241 IGC0002 UF519 UF549 UF719,1.85,1.1-2pound,8.7 x 6.61 x 2.64 inches,101-200sq.inch,
bmw spark plugs plug set laser platinum ngk oem 3199 (6pcs),https://www.amazon.com/Spark-Plugs-Platinum-NGK-3199/dp/B00DERDU44/ref=sr_1_129?dchild=1&keywords=spark+plugs&qid=1633498868&s=automotive&sr=1-129,B00DERDU44,NGK,spark plug,38.99,0-50$,313,12204,1.03011421235175,,,0.61875,0-1pound,3.31 x 0.94 x 4.98 inches,1-50sq.inch,
edelbrock 22716 ultra spark 50 plug wire set w/metal sleeves 50 ohms of resistance per foot high performance ultra spark 50 plug wire set black,https://www.amazon.com/Edelbrock-22716-Sleeves-Resistance-Performance/dp/B074TYJRG5/ref=sr_1_130?dchild=1&keywords=spark+plugs&qid=1633498868&s=automotive&sr=1-130,B074TYJRG5,Edelbrock,spark plug,87.95,51-100$,430,37819,3.19222299220999,22716,22716,1.74,1.1-2pound,,,USA
ngk 7556 imr9e-9hes laser iridium spark plug compatible for honda cbr600rr 2007-2011 / single piece,https://www.amazon.com/NGK-IMR9E-9HES-Laser-Iridium-Spark/dp/B001RLZ862/ref=sr_1_131?dchild=1&keywords=spark+plugs&qid=1633498868&s=automotive&sr=1-131,B001RLZ862,NGK,spark plug,16.11,0-50$,23,371,0.031315337002827,NGK 7556 IMR9E-9HES Laser Iridium Spark Plug,7556,0.06625,0-1pound,0.35 x 0.39 x 1.34 inches,1-50sq.inch,
e3 spark plugs e3.34 power sports spark plug,https://www.amazon.com/dp/B0022ZCI7Y,B0022ZCI7Y,E3,spark plug,8.29,0-50$,142,1177,0.099348117661259,_,E3.34,0.15,0-1pound,6 x 1 x 4 inches,1-50sq.inch,China
acdelco 41-103 professional iridium spark plug (6 pack),https://www.amazon.com/ACDelco-41-103-Professional-Iridium-Spark/dp/B01JQ2L5DS/ref=sr_1_133?dchild=1&keywords=spark+plugs&qid=1633498868&s=automotive&sr=1-133,B01JQ2L5DS,ACDelco,spark plug,37.5,0-50$,134,5025,0.424149780159582,,,0.66875,0-1pound,5.2 x 4.1 x 1.15 inches,1-50sq.inch,
denso set 6 double platinum spark plugs gap.044 for lexus toyota 3.0l 3.4l v6 l6,https://www.amazon.com/Denso-Double-Platinum-Gap-044-Toyota/dp/B08PVXF4F9/ref=sr_1_134?dchild=1&keywords=spark+plugs&qid=1633498868&s=automotive&sr=1-134,B08PVXF4F9,Newparts,spark plug,46.95,0-50$,24,1127,0.095127721838776,,"9008091145, 9091901197, 94859009, PK16TR11",0.8375,0-1pound,,,
ngk bkr5eix spark plug (6341 iridium ix) 4 pack,https://www.amazon.com/NGK-BKR5EIX-Spark-Plug-Iridium/dp/B001KZITQG/ref=sr_1_137?dchild=1&keywords=spark+plugs&qid=1633498868&s=automotive&sr=1-137,B001KZITQG,NGK,spark plug,26.85,0-50$,45,1208,0.101964763071199,,,0.15,0-1pound,3.4 x 0.8 x 0.7 inches,1-50sq.inch,
ngk  5019 g-power spark plugs ltr5gp ------ 6 pcs new,https://www.amazon.com/NGK-G-Power-Spark-LTR5GP/dp/B00KEZ2O6Y/ref=sr_1_138?dchild=1&keywords=spark+plugs&qid=1633498868&s=automotive&sr=1-138,B00KEZ2O6Y,NGK,spark plug,26.05,0-50$,173,4507,0.380426479438654,,,0.01,0-1pound,3.7 x 0.94 x 4.98 inches,1-50sq.inch,
autolite app5224-4pk double platinum spark plug pack of 4,https://www.amazon.com/Autolite-APP5224-4PK-Double-Platinum-Spark/dp/B076CFVCPV/ref=sr_1_139?dchild=1&keywords=spark+plugs&qid=1633498868&s=automotive&sr=1-139,B076CFVCPV,Autolite,spark plug,16.82,0-50$,180,3028,0.255587171009595,APP5224-4PK,,0.088125,0-1pound,4.17 x 3.58 x 0.98 inches,1-50sq.inch,Mexico
ngk 7734 spark plug - pack of 4 (7734),https://www.amazon.com/NGK-7734-Spark-Plug-Pack/dp/B013O7TMDG/ref=sr_1_140?dchild=1&keywords=spark+plugs&qid=1633498868&s=automotive&sr=1-140,B013O7TMDG,NGK,spark plug,11.62,0-50$,116,1348,0.113781871374152,,,0.25,0-1pound,4.2 x 3.6 x 1 inches,1-50sq.inch,
ngk iridium ix spark plug cr8eix - individual,https://www.amazon.com/NGK-Iridium-Spark-Plug-CR8EIX/dp/B001KZIUHO/ref=sr_1_142?dchild=1&keywords=spark+plugs&qid=1633498868&s=automotive&sr=1-142,B001KZIUHO,NGK,spark plug,10.98,0-50$,70,769,0.064909687749795,,BMW%12127653439,0.090625,0-1pound,,,
ngk 2477 spark plug,https://www.amazon.com/NGK-2477-ZFR5FIX-11-Iridium-Spark/dp/B000HDIOX0/ref=sr_1_143?dchild=1&keywords=spark+plugs&qid=1633498868&s=automotive&sr=1-143,B000HDIOX0,NGK,spark plug,8.49,0-50$,98,832,0.070227386486124,,"ABARTH%SPRC12MCC4, ALFA ROMEO%SPRC12MCC4, AUDI%101000053AA, AUDI%101905601, CHRYSLER%SPRC12MCC4, CITROËN%1606263780, CITROËN%5960C3, CITROËN%5960C5, FIAT%SPRC12MCC4, FORD%1120170, HYUNDAI%1881711051, HYUNDAI%1882611101, HYUNDAI%2741023700, HYUNDAI%2741037100, INNOCENTI%SPRC12MCC4, JEEP%SPRC12MCC4, LANCIA%SPRC12MCC4, MAZDA%JE4118110, MAZDA%Z60118110, MAZDA%ZJY618110, NISSAN%224011P115, NISSAN%224011P175, NISSAN%224012J204, NISSAN%2240199B12, OPEL%1214462, OPEL%91132086, OPEL%9195868, OPEL%97125969, PEUGEOT%1606263780, PEUGEOT%5960C2, PEUGEOT%5960C4, SEAT%101000062AB, SEAT%101905601, SEAT%JZW905603A, SKODA%101000049AC, SKODA%101000062AB, SKODA%JZW905603A, VOLKSWAGEN%101000044AA, VOLKSWAGEN%101000062AB, VOLKSWAGEN%101905600, VOLKSWAGEN%101905601, VOLKSWAGEN%JZW905603A",0.0506875,0-1pound,4.35 x 2.24 x 2.08 inches,1-50sq.inch,
acdelco gm original equipment 41-990 double platinum spark plug,https://www.amazon.com/ACDelco-41-990-Professional-Platinum-Spark/dp/B000EQTX5I/ref=sr_1_144?dchild=1&keywords=spark+plugs&qid=1633498868&s=automotive&sr=1-144,B000EQTX5I,ACDelco,spark plug,6.41,0-50$,40,256,0.021608426611115,Spark Plug,12597464,0.1,0-1pound,6.44 x 3.44 x 0.94 inches,1-50sq.inch,China
ngk 3481 pack of 4 spark plugs (dcpr6e),https://www.amazon.com/NGK-Standard-Spark-DCPR6E-Plugs/dp/B00YMXAFU6/ref=sr_1_145?dchild=1&keywords=spark+plugs&qid=1633498868&s=automotive&sr=1-145,B00YMXAFU6,NGK,spark plug,13.4,0-50$,260,3484,0.294077180910643,,,0.01,0-1pound,3.25 x 3.25 x 1 inches,1-50sq.inch,
hivehicle new iridium spark plug oe19299585 41 962 - specially for chevrolet gmc cadillac buickhummeroldsmobilepontiacsuperior quality8pcs set.,https://www.amazon.com/HiVehicle-Iridium-Spark-Plug-OE19299585/dp/B07D9F62PQ/ref=sr_1_146?dchild=1&keywords=spark+plugs&qid=1633498868&s=automotive&sr=1-146,B07D9F62PQ,HiVehicle,spark plug,39.99,0-50$,93,3719,0.313913041276315,,"05-09 Saab 9-7X V8 5.3L/6.0L, 06-07 Saturn Relay V6 3.9L/3.9L FLEX, 07-08 Saturn AURA V6 3.5L, 08-10 Saturn Vue V6 3.5L, 11-12 VPG MV-1 V8 4.6L/4.6L CNG",0.85,0-1pound,2.99 x 0.55 x 0.55 inches,1-50sq.inch,China
vplus 6pcs platinum spark plug replaces pk20tt s2000rc9yc sp000rc9yc sp00qc9mc4 sp0rc8pyp4 spzfr6f11g zap121200 zm0218110 zvp121086c,https://www.amazon.com/Vplus-S2000RC9YC-SP000RC9YC-SP00QC9MC4-SP0RC8PYP4/dp/B085XTGDXP/ref=sr_1_147?dchild=1&keywords=spark+plugs&qid=1633498868&s=automotive&sr=1-147,B085XTGDXP,Vplus,spark plug,20.98,0-50$,77,1615,0.136318785066214,CT23,"99917020190, 99917020490, 99917020491, 99917020791, 99917021090, 99917021890, 99917022190, 99917022790, AGSP33C, BP0318110, BP0418110, BP1218110, EBC11480, EBC8143, F28518110, F28618110, JE4318110, JE4418110, KJ1118110, KJ1218110, KJ1718110, KJ1818110, M04671057, M05269899, MD313443",0.6375,0-1pound,6.02 x 3.86 x 0.94 inches,1-50sq.inch,
vplus 2667 bkr7eix iridium spark plug pack of 4,https://www.amazon.com/Vplus-2667-BKR7EIX-Iridium-Spark/dp/B085XSLC14/ref=sr_1_147?dchild=1&keywords=spark+plugs&qid=1633500258&s=automotive&sr=1-147,B085XSLC14,Vplus,spark plug,14.98,0-50$,45,674,0.056890935687076,CT12,"2551, BKR7EIX",0.41875,0-1pound,3.98 x 3.86 x 0.94 inches,1-50sq.inch,
acdelco cr43ts 5614029 (05614029) professional conventional spark plug box of 8,https://www.amazon.com/ACDelco-5614029-05614029-Professional-Conventional/dp/B00SKEDJTW/ref=sr_1_148?dchild=1&keywords=spark+plugs&qid=1633500258&s=automotive&sr=1-148,B00SKEDJTW,ACDelco,spark plug,23.54,0-50$,360,8474,0.715272683994486,,,0.9,0-1pound,4.5 x 3 x 1.5 inches,1-50sq.inch,
8 pcsnew -- denso 4504 platinum t t spark plugs -- pk20tt,https://www.amazon.com/DENSO-PLATINUM-Spark-Plugs-PK20TT/dp/B00T1AKFR8/ref=sr_1_149?dchild=1&keywords=spark+plugs&qid=1633500258&s=automotive&sr=1-149,B00T1AKFR8,Denso,spark plug,27.1,0-50$,214,5799,0.489481507491625,,,0.01,0-1pound,3.62 x 7.68 x 0.96 inches,1-50sq.inch,
denso  5358 iridium power spark plugs -- ik20l ----- 4 pcs new,https://www.amazon.com/DENSO-IRIDIUM-Power-Spark-IK20L/dp/B00KOHJWFI/ref=sr_1_150?dchild=1&keywords=spark+plugs&qid=1633500258&s=automotive&sr=1-150,B00KOHJWFI,Denso,spark plug,28.05,0-50$,220,6171,0.520881252410901,,,0.4375,0-1pound,3.62 x 3.43 x 3.84 inches,1-50sq.inch,
mas ignition coils dg508 and motorcraft spark plugs sp493 compatible with ford lincoln mercury 4.6l engines,https://www.amazon.com/MAS-Ignition-DG508-Motorcraft-Spark/dp/B07J9P9SVP/ref=sr_1_151?dchild=1&keywords=spark+plugs&qid=1633500258&s=automotive&sr=1-151,B07J9P9SVP,MAS,spark plug,75.99,51-100$,177,13450,1.13528647624803,,,4.09,2.1-5pound,11.89 x 9.72 x 3.78 inches,2011-500sq.inch,
fram autolite xp5703-4pk iridium xp spark plug pack of 4,https://www.amazon.com/Autolite-XP5703-4PK-Iridium-Spark-Plug/dp/B078KQ4HK7/ref=sr_1_152?dchild=1&keywords=spark+plugs&qid=1633500258&s=automotive&sr=1-152,B078KQ4HK7,Autolite,spark plug,21.3,0-50$,50,1065,0.089894431018896,XP5703-4PK,,0.11,0-1pound,3.38 x 4 x 1 inches,1-50sq.inch,Mexico
pack of 8 genuine motorcraft spark plug sp-493 agsf32pm,https://www.amazon.com/Genuine-Motorcraft-Spark-SP-493-AGSF32PM/dp/B00TEABVQY/ref=sr_1_154?dchild=1&keywords=spark+plugs&qid=1633500258&s=automotive&sr=1-154,B00TEABVQY,Motorcraft,spark plug,22.18,0-50$,280,6210,0.524173161152438,,,0.1,0-1pound,2 x 4 x 5 inches,1-50sq.inch,
mas pack of 8 yellow ignition coil dg508 and motorcraft spark plugs sp479 compatible with ford lincoln mercury,https://www.amazon.com/Yellow-Ignition-Motorcraft-Lincoln-Mercury/dp/B072B99JHQ/ref=sr_1_156?dchild=1&keywords=spark+plugs&qid=1633500258&s=automotive&sr=1-156,B072B99JHQ,MAS,spark plug,81.99,51-100$,30,2460,0.207643474466183,,"C566 F7TU12A366AB GN10164 1L2U12029AA 1L2U12A366A, COP9 FD503 DG467 DG473 DG481 FD493 DQ50101 FD503T, DG508 DG457 DG472 DG491 F523 DG508 3W7Z12029AA",4.1,2.1-5pound,8.27 x 6.34 x 4.84 inches,2011-500sq.inch,
8 acd-oem spark plugs 41-962 double platinum + herlux (8mm made in usa) spark plug wires for ls2 ls3 ls4 ls7 engines,https://www.amazon.com/AD-Auto-Parts-Spark-Plug/dp/B07T4TKJ8C/ref=sr_1_157?dchild=1&keywords=spark+plugs&qid=1633500258&s=automotive&sr=1-157,B07T4TKJ8C,AD Auto Parts,spark plug,89.83,51-100$,30,2695,0.227479334831855,,41-962 41-110 19299585,7,5.1-10pound,14.75 x 11.75 x 0.5 inches,51-100sq.inch,
ena set of 6 ignition coil pack and set of 6 platinum spark plug compatible with ram dodge chrysler 1500 3.6l v6 challenger 3.6l v6 300 3.6l v6 replacement for uf648,https://www.amazon.com/ENA-Ignition-Compatible-Challenger-Replacement/dp/B08TLS45HR/ref=sr_1_158?dchild=1&keywords=spark+plugs&qid=1633500258&s=automotive&sr=1-158,B08TLS45HR,ENA,spark plug,153.32,101-200$,30,4600,0.388276415668473,,"UF648, 97390",3.56,2.1-5pound,10.35 x 7.36 x 5.83 inches,2011-500sq.inch,
e3 spark plugs e3.42 spark plug automotive pack of 1,https://www.amazon.com/E3-Spark-Plug-E3-42-Automotive/dp/B000BPQGRA/ref=sr_1_161?dchild=1&keywords=spark+plugs&qid=1633500258&s=automotive&sr=1-161,B000BPQGRA,E3 Spark Plg,spark plug,5.95,0-50$,98,583,0.049209815290157,_,E3.42,0.09,0-1pound,4.75 x 3.6 x 1 inches,1-50sq.inch,China
ac delco 41-109 iridium spark plug set of 6 for gmc chevy cadillac 3.0l 3.6l,https://www.amazon.com/Delco-41-109-Iridium-Spark-Cadillac/dp/B07CKG9F5Z/ref=sr_1_163?dchild=1&keywords=spark+plugs&qid=1633500258&s=automotive&sr=1-163,B07CKG9F5Z,1A Auto,spark plug,59.99,51-100$,90,5399,0.455718340911758,,,0.68125,0-1pound,5.24 x 4.76 x 0.83 inches,1-50sq.inch,
ngk (2262) zfr5f-11 v-power spark plug (6 pack),https://www.amazon.com/NGK-ZFR5F-11-V-Power-Spark-Plug/dp/B01M8EZFFZ/ref=sr_1_164?dchild=1&keywords=spark+plugs&qid=1633500258&s=automotive&sr=1-164,B01M8EZFFZ,NGK,spark plug,15.94,0-50$,50,797,0.067273109410385,,,0.6,0-1pound,5.31 x 4.29 x 0.91 inches,1-50sq.inch,
ngk (8034) rc-he76 spark plug wire set,https://www.amazon.com/NGK-RC-HE76-Spark-Plug-Wire/dp/B000IY8ODS/ref=sr_1_165?dchild=1&keywords=spark+plugs&qid=1633500258&s=automotive&sr=1-165,B000IY8ODS,NGK,spark plug,40.82,0-50$,108,4409,0.372154503626586,NGK Spark Plug Wire Set,"HE 76, HE76",1,0-1pound,,,China
denso  3461 iridium long life spark plugs -- sxu22hcr11s ----- 6 pcsnew,https://www.amazon.com/DENSO-IRIDIUM-Spark-Plugs-SXU22HCR11S/dp/B00NBBILTC/ref=sr_1_167?dchild=1&keywords=spark+plugs&qid=1633500258&s=automotive&sr=1-167,B00NBBILTC,Denso,spark plug,63.67,51-100$,64,4075,0.343962259532397,,,0.64375,0-1pound,3.62 x 5.76 x 0.96 inches,1-50sq.inch,
autolite 4194-4pk copper non-resistor spark plug pack of 4,https://www.amazon.com/Autolite-4194-4PK-Copper-Non-Resistor-Spark/dp/B008E7RVZI/ref=sr_1_168?dchild=1&keywords=spark+plugs&qid=1633500258&s=automotive&sr=1-168,B008E7RVZI,Autolite,spark plug,6.36,0-50$,80,509,0.042963629472881,4194-4PK,,0.4,0-1pound,3.5 x 3 x 4 inches,1-50sq.inch,China
e3 spark plug e3.48 automotive spark plug,https://www.amazon.com/E3-Spark-Plug-E3-48-Automotive/dp/B000BPQGSY/ref=sr_1_169?dchild=1&keywords=spark+plugs&qid=1633500258&s=automotive&sr=1-169,B000BPQGSY,E3 Spark Plugs,spark plug,7.19,0-50$,363,2610,0.220304661933633,E3.48,E3.48,0.1,0-1pound,6.1 x 4.1 x 0.8 inches,1-50sq.inch,
ngk 93618 spark plugs,https://www.amazon.com/NGK-93618-SIKR9A7-Laser-Iridium/dp/B00P179D2S/ref=sr_1_170?dchild=1&keywords=spark+plugs&qid=1633500258&s=automotive&sr=1-170,B00P179D2S,NGK,spark plug,12.6,0-50$,41,517,0.043638892804478,93618,,0.05,0-1pound,,,Japan
ngk silzkgr8b8s spark plug ngk laser iridium spark plug,https://www.amazon.com/NGK-SILZKGR8B8S-Spark-Laser-Iridium/dp/B078H7CP7J/ref=sr_1_171?dchild=1&keywords=spark+plugs&qid=1633500258&s=automotive&sr=1-171,B078H7CP7J,NGK,spark plug,18.64,0-50$,30,559,0.047184025295364,,"BERU:Z 366,CHAMPION:RERX 4 ZWYPB,CHAMPION:OE 245",0.088125,0-1pound,3.7 x 0.94 x 0.83 inches,1-50sq.inch,
mck 6pcs ignition coil pack and platinum spark plug compatible with chrysler dodge jeep town country avenger challenger dart charger durango wrangler 2011-2019 3.6 3.2 2.0 3.6l 3.2l 2.0l l4 v6 uf648,https://www.amazon.com/MCK-Ignition-Platinum-Compatible-Chrysler/dp/B08W3ZPDV4/ref=sr_1_172?dchild=1&keywords=spark+plugs&qid=1633500258&s=automotive&sr=1-172,B08W3ZPDV4,MCK,spark plug,149.23,101-200$,50,7461,0.629767464630973,,"UF648 05149168AI, 2505484816, 5149168AH, 5C1848, 0221504032, GN10616, 36-8196, UF-648, DQG1176, C1791, 5149168AH, 5149168AI, 0 221 504 03 05149168AI 2505484816",3.54,2.1-5pound,10.12 x 7.4 x 5.79 inches,2011-500sq.inch,
mck 6pcs ignition coil pack and platinum spark plug compatible with lexus toyota es350 is350 rx350 rx450h avalon camry highlander rav4 sienna venza 2005-2016 3.5l 2.5l 2.7l 3.5 2.5 2.7 v6 l4 uf487,https://www.amazon.com/MCK-Ignition-Compatible-Highlander-2005-2016/dp/B08Y7GSLHQ/ref=sr_1_171?dchild=1&keywords=spark+plugs&qid=1633500345&s=automotive&sr=1-171,B08Y7GSLHQ,MCK,spark plug,145.23,101-200$,30,4357,0.367765291971203,,"90919-A2004,90919-A2007, CUF487, 5C1658, UF-487 C1601 90919-02255, DQ50140, 90919-A2002, 90919-02251 90919-A2004 90919-A2007 CUF487 5C1658 UF-487 C1601 90919-02255 DQ50140 90919-A2002 90919-02251",4,2.1-5pound,10 x 9 x 3 inches,2011-500sq.inch,
e3 spark plugs e3.66 automotive spark plug (1),https://www.amazon.com/E3-Spark-Plug-E3-66-Automotive/dp/B0018JV5PG/ref=sr_1_172?dchild=1&keywords=spark+plugs&qid=1633500345&s=automotive&sr=1-172,B0018JV5PG,E3,spark plug,5.96,0-50$,137,817,0.068961267739379,E3.66,E3.66,0.2,0-1pound,6.55 x 1.7 x 1.45 inches,1-50sq.inch,China
mas set of 8 ignition coil dg508 and motorcraft spark plug sp493 compatible with ford lincoln mercury 4.6l engines dg457 dg472 dg491 f523 3w7z12029aa 1l2u12029aa 1l2u12a366a,https://www.amazon.com/MAS-Motorcraft-3W7Z12029AA-1L2U12029AA-1L2U12A366A/dp/B075NRP1KH/ref=sr_1_174?dchild=1&keywords=spark+plugs&qid=1633500345&s=automotive&sr=1-174,B075NRP1KH,MAS,spark plug,75.99,51-100$,229,17402,1.46886656205712,,"DG508, DG491, E222, F523, F7TU-12A366AB, FD503, COP9, 3W7Z12029AA, FD79, 13062237, 1972290, 1L2U12029AA, 1L2U12A366AA, 1L2Z12029AA, 1L2Z12029AC, 21941483, 21941485, 21941505, 3W7Z12029AA, 71HM12300AA, 72HF12300AA, 75HF12300AA, 88921369, A780X12300HA, C409, C469, C471, D1FZ12300A, D1RY12300A, DC263, DC88, DCE258, DCE261, DCE263, DG467, DG473, DG481, F7TU12A336CB, F7TU12A366AB, F7TU12A366BA, F7TU12A366CC, F7TU12A366CD, F7TZ12029AB, F7TZ12029BA, F7TZ12029CA, F7TZ12029CB, F7TZ12029CC, FD493, FD503, FD79X",4.24,2.1-5pound,11.4 x 7.9 x 4.4 inches,2011-500sq.inch,
genuine honda spark plug 98079-5514g set of 4,https://www.amazon.com/Genuine-Honda-Spark-Plug-98079-5514G/dp/B009GIPMFU/ref=sr_1_182?dchild=1&keywords=spark+plugs&qid=1633500345&s=automotive&sr=1-182,B009GIPMFU,Honda,spark plug,12.97,0-50$,36,467,0.039418496981995,,,0.4125,0-1pound,8 x 4 x 1 inches,1-50sq.inch,
ngk 95897 mr7f standard spark plug black one size,https://www.amazon.com/NGK-95897-MR7F-Standard-Spark/dp/B012COS21K/ref=sr_1_185?dchild=1&keywords=spark+plugs&qid=1633500345&s=automotive&sr=1-185,B012COS21K,NGK,spark plug,15.27,0-50$,444,6780,0.572285673528749,95897,95897,0.06625,0-1pound,30.71 x 8.66 x 7.48 inches,>1000sq.inch,Japan
ena set of 6 platinum spark plug and set of 6 ignition coil pack compatible with chrysler dodge 200 300 town&country avenger challenger replacement for uf648,https://www.amazon.com/ENA-Compatible-2011-2019-2011-2014-Challenger/dp/B08DJXQSL6/ref=sr_1_186?dchild=1&keywords=spark+plugs&qid=1633500345&s=automotive&sr=1-186,B08DJXQSL6,ENA,spark plug,148.22,101-200$,60,8893,0.750639600986897,,UF648 97390,3.21,2.1-5pound,9.25 x 6.81 x 3.27 inches,2011-500sq.inch,
champion platinum power 3032 spark plug (carton of 1),https://www.amazon.com/Champion-RE10PMC5-Platinum-Power-Spark/dp/B002FVWK4G/ref=sr_1_187?dchild=1&keywords=spark+plugs&qid=1633500345&s=automotive&sr=1-187,B002FVWK4G,Champion,spark plug,4.13,0-50$,53,219,0.018485333702477,,3032,0.1,0-1pound,3.94 x 3.94 x 3.94 inches,51-100sq.inch,USA
ena set of 4 ignition coil pack and set of 4 spark plug compatible with dodge jeep caliber patriot replacement for uf557,https://www.amazon.com/ENA-Ignition-Compatible-2007-2009-2007-2017/dp/B08KKFFYZG/ref=sr_1_194?dchild=1&keywords=spark+plugs&qid=1633500345&s=automotive&sr=1-194,B08KKFFYZG,ENA,spark plug,82.41,51-100$,45,3708,0.312984554195369,,"4606824AB,4606824AC,5C1644,E1057,52-1881,IC637,UF557,C1587",2.38,2.1-5pound,10 x 7 x 3 inches,2011-500sq.inch,
vplus set of 4 ignition coils pack 27301-26640 & spark plugs 7090 bkr5egp compatible with kia rio rio5 hyundai accent 2008-2011 1.6l l4,https://www.amazon.com/Vplus-Ignition-27301-26640-Compatible-2008-2011/dp/B088QVWNBH/ref=sr_1_195?dchild=1&keywords=spark+plugs&qid=1633501796&s=automotive&sr=1-195,B088QVWNBH,Vplus,spark plug,42.91,0-50$,90,3862,0.325983373328618,,,2.24,2.1-5pound,9.13 x 6.69 x 3.31 inches,2011-500sq.inch,
ngk plfer7a8eg spark plug,https://www.amazon.com/NGK-PLFER7A8EG-Laser-Platinum-Spark/dp/B00U7WB6WC/ref=sr_1_199?dchild=1&keywords=spark+plugs&qid=1633501796&s=automotive&sr=1-199,B00U7WB6WC,NGK,spark plug,17.97,0-50$,38,683,0.057650606935123,,06K 905 611 C,0.11,0-1pound,9.35 x 5.51 x 3.07 inches,101-200sq.inch,
champion platinum power 3318 spark plug (carton of 1),https://www.amazon.com/Champion-3318-Platinum-Power-Spark/dp/B002798CAM/ref=sr_1_200?dchild=1&keywords=spark+plugs&qid=1633501796&s=automotive&sr=1-200,B002798CAM,Champion,spark plug,3.5,0-50$,64,224,0.018907373284726,CHAM PLT PWR SPARK PL,3318,0.1,0-1pound,4 x 3.9 x 1 inches,1-50sq.inch,USA
motorcraft - spark plug (sp525),https://www.amazon.com/Motorcraft-SP-525-Spark-Plug/dp/B009TKP43A/ref=sr_1_201?dchild=1&keywords=spark+plugs&qid=1633501796&s=automotive&sr=1-201,B009TKP43A,Motorcraft,spark plug,8.23,0-50$,30,247,0.020848755363068,SP525,,0.0220625,0-1pound,3.3 x 1.1 x 0.6 inches,1-50sq.inch,USA
mas ignition coils dg508 and oem spark plugs sp413 compatible with ford f-150 mustang v8 4.6l pack of 8,https://www.amazon.com/MAS-Ignition-Coils-DG508-Mustang/dp/B07PT37J5P/ref=sr_1_202?dchild=1&keywords=spark+plugs&qid=1633501796&s=automotive&sr=1-202,B07PT37J5P,MAS,spark plug,76.99,51-100$,240,18478,1.55968948015697,,"DG508 DG457 DG472 DG491 F523 DG508 3W7Z12029AA, COP9 FD503 DG467 DG473 DG481 FD493 DQ50101 FD503T, C566 F7TU12A366AB GN10164 1L2U12029AA 1L2U12A366A SP413",4,2.1-5pound,10.24 x 7.4 x 3.23 inches,2011-500sq.inch,
powerbuilt 640855 3/8-inch drive spark plug socket set 5-piece  grey,https://www.amazon.com/Powerbuilt-640855-8-Inch-Socket-5-Piece/dp/B004QO9F0W/ref=sr_1_203?dchild=1&keywords=spark+plugs&qid=1633501796&s=automotive&sr=1-203,B004QO9F0W,Powerbuilt,spark plug,13.87,0-50$,795,11027,0.930766094690489,,,1.05,1.1-2pound,9.9 x 3.7 x 0.7 inches,1-50sq.inch,Taiwan
new ngk standard spark plug dpr8ea9 4929 set of 4 spark plugs,https://www.amazon.com/NGK-Standard-Spark-DPR8EA9-Plugs/dp/B00YMYDPAM/ref=sr_1_205?dchild=1&keywords=spark+plugs&qid=1633501796&s=automotive&sr=1-205,B00YMYDPAM,NGK,spark plug,13.88,0-50$,150,2082,0.175737282048209,,,0.8125,0-1pound,,,
ngk (8041) rc-he82 spark plug wire set,https://www.amazon.com/NGK-RC-HE82-Spark-Plug-Wire/dp/B000IY6UN4/ref=sr_1_206?dchild=1&keywords=spark+plugs&qid=1633501796&s=automotive&sr=1-206,B000IY6UN4,NGK,spark plug,33.35,0-50$,66,2201,0.185781824105719,NGK Spark Plug Wire Set,"32700-p0d-000, 32722-p54-000, 32722-p75-a01",1.15,1.1-2pound,,,China
mas set of 8 ignition coils dg511 gd511 fd508 motorcraft spark plugs sp546 pzh14f compatible with ford lincoln 2005-2008 f150 sp515,https://www.amazon.com/Ignition-Motorcraft-2005-2008-Lincoln-SP515/dp/B071RPF4VR/ref=sr_1_209?dchild=1&keywords=spark+plugs&qid=1633501796&s=automotive&sr=1-209,B071RPF4VR,MAS,spark plug,129.99,101-200$,205,26648,2.24930215755075,,"3L3U12A366BB 3L3Z12029BA DG511 FD508, PZH14F HT15 PZT14F SP507 SP515",4.44,2.1-5pound,11.38 x 9.72 x 3.7 inches,2011-500sq.inch,
qyl ignition coil uf333 & spark plug 7092 bkr6egp miu12783 for camry matrix rav4 highlander solara vibe tc hs250h 2.4l 3.0l 3.3l l4 v6 (set of 4),https://www.amazon.com/QYL-Ignition-MIU12783-Replacement-Highlander/dp/B07PWW8N6W/ref=sr_1_210?dchild=1&keywords=spark+plugs&qid=1633501796&s=automotive&sr=1-210,B07PWW8N6W,QYL,spark plug,73.99,51-100$,56,4143,0.349701997850974,,,2.35,2.1-5pound,9.13 x 6.57 x 3.23 inches,101-200sq.inch,
delphi gn10235 plug top coil,https://www.amazon.com/Delphi-GN10235-Plug-Top-Coil/dp/B0082A35XO/ref=sr_1_211?dchild=1&keywords=spark+plugs&qid=1633501796&s=automotive&sr=1-211,B0082A35XO,Delphi,spark plug,23.89,0-50$,127,3034,0.256093618508293,GN10235,"5C1713, 5C1748, C1656, C1691, C926, CLS1218, 921-2103, 19005267, 5103, IC615SB, IC615, 6801 1844AA, 6813 9957AA, UF-535, UF-585, C-778, 52-2103, 00501, 0986221058, E1035, E1035, E1085, 178-8432",0.1,0-1pound,3.8 x 3.8 x 7.7 inches,101-200sq.inch,Portugal
fram autolite xp5682-4pk iridium xp spark plug pack of 4,https://www.amazon.com/Autolite-XP5682-4PK-Iridium-Spark-Plug/dp/B078KWBWQJ/ref=sr_1_212?dchild=1&keywords=spark+plugs&qid=1633501796&s=automotive&sr=1-212,B078KWBWQJ,Autolite,spark plug,15.33,0-50$,43,659,0.055624816940331,XP5682-4PK,,0.4,0-1pound,4 x 3.6 x 1.1 inches,1-50sq.inch,Mexico
4 pack new iridium ix spark plugs replace sp-479 itr6f13  4477,https://www.amazon.com/Spark-Plug-Laser-Iridium-ITR6F13/dp/B08532VDB7/ref=sr_1_213?dchild=1&keywords=spark+plugs&qid=1633501796&s=automotive&sr=1-213,B08532VDB7,Pindex,spark plug,13.99,0-50$,45,630,0.053176987363291,,NGK Spark Plugs ITR6F13 4477,0.45,0-1pound,8.5 x 7 x 1 inches,51-100sq.inch,
ngk 3672 pack of 4 spark plugs lfr6a-11,https://www.amazon.com/NGK-3672-Spark-Plugs-LFR6A-11/dp/B072DR84WK/ref=sr_1_214?dchild=1&keywords=spark+plugs&qid=1633501796&s=automotive&sr=1-214,B072DR84WK,NGK,spark plug,25.41,0-50$,180,4574,0.386081809840781,,,0.5,0-1pound,48.24 x 46.32 x 10.92 inches,>1000sq.inch,
denso set of 6 iridium tt spark plugs gap 0.040 for v6,https://www.amazon.com/Denso-Iridium-Spark-Plugs-0-040/dp/B08PVYMJNM/ref=sr_1_216?dchild=1&keywords=spark+plugs&qid=1633501796&s=automotive&sr=1-216,B08PVYMJNM,Newparts,spark plug,49.95,0-50$,30,1499,0.126527466758052,,"000018L3Y1, 12647827, CY0118110, 12611882, CYFS12FP, LFJR18110, CYFS12F5, CYFS12YT3, CY0218110, CYFS12Y, 12626906, ZZJ118110, AZFS22PP, CYFS12YPC5, CYFS12F3, CYFS12Y1",0.9625,0-1pound,,,
mck 6pcs ignition coil pack and platinum spark plug compatible with ford mustang lincoln mazda mercury edge explorer f-150 fusion mks mkt mkx 2008-20016 2.7 3.7 3.5 v6 uf553 uf-553 uf-595 5c1652 e1053,https://www.amazon.com/MCK-Compatible-2013-2016-Interceptor-7T4Z-12029/dp/B08VGZ74WR/ref=sr_1_217?dchild=1&keywords=spark+plugs&qid=1633501796&s=automotive&sr=1-217,B08VGZ74WR,MCK,spark plug,175.23,101-200$,42,7360,0.621242265069556,,"7T4Z-12029-E, CY01-18-100A, UF-553, UF-595, 5C1652, E1053, E1095, 52-1888, IC633, 610-00119, 7T4Z12029E, 375EE, HPUF553, COP4, 6736013, DG520, UF553X, UF553, GN10237, C1595 52-1888 IC633 5C1652 E1053 E1095 UF553",4.36,2.1-5pound,10.31 x 7.32 x 5.87 inches,2011-500sq.inch,
mas ignition coils dg511 with motorcraft sp515 sp546 spark plugs compatible with ford lincoln mercury v8 v10 4.6l 5.4l 6.8l compatible with 3l3e12a366ca 5c1584 c1541 fd-508 uf-537 (set of 8),https://www.amazon.com/Motorcraft-Straight-Ignition-Compatible-3L3E12A366CA/dp/B0743LRJ7L/ref=sr_1_218?dchild=1&keywords=spark+plugs&qid=1633501796&s=automotive&sr=1-218,B0743LRJ7L,MAS,spark plug,129.99,101-200$,149,19369,1.63489693371362,,E508,3.3,2.1-5pound,10.2 x 2.1 x 7.4 inches,101-200sq.inch,
motorcraft sp-433 spark plug,https://www.amazon.com/Motorcraft-SP-433-Spark-Plug/dp/B0065UN98Y/ref=sr_1_219?dchild=1&keywords=spark+plugs&qid=1633501796&s=automotive&sr=1-219,B0065UN98Y,Motorcraft,spark plug,3.69,0-50$,53,196,0.016543951624135,SP-433,,0.1,0-1pound,4.78 x 1.5 x 1.6 inches,1-50sq.inch,China
bosch 6 piece spark plug set - 0242140521 zr6sii3320 7430,https://www.amazon.com/BOSCH-Piece-Spark-Plug-Set/dp/B07RV51Y5M/ref=sr_1_32?dchild=1&keywords=bosch+automotive&qid=1633504384&sr=8-32,B07RV51Y5M,Bosh,spark plug,57.81,51-100$,30,1734,0.146363327123724,,,,,,,
bosch automotive-130-192 bosch (7957) fr8dcx+ super plus spark plug (pack of 1),https://www.amazon.com/Bosch-FR8DCX-Super-Plus-Spark/dp/B000PKX7X2/ref=sr_1_87?dchild=1&keywords=bosch+automotive&qid=1633504580&sr=8-87,B000PKX7X2,Bosh,spark plug,5.09,0-50$,40,204,0.017219214955732,,,,,,,
denso (4703) ikh16tt iridium tt spark plug (pack of 1),https://www.amazon.com/Denso-IKH16TT-Iridium-Spark-Plug/dp/B00TPU8Z3U/ref=sr_1_22?dchild=1&keywords=Denso&qid=1633503370&sr=8-22,B00TPU8Z3U,Denso,spark plug,9.01,0-50$,55,496,0.041866326559035,Spark Plug,DENS7,0.09,0-1pound,3.66 x 0.98 x 0.98 inches,1-50sq.inch,
denso (3491) fk20hbr8 spark plug,https://www.amazon.com/Denso-3491-FK20HBR8-Spark-Plug/dp/B00NPZS6RQ/ref=sr_1_26?dchild=1&keywords=Denso&qid=1633503370&sr=8-26,B00NPZS6RQ,Denso,spark plug,13.32,0-50$,68,906,0.076473572303399,,,0.11,0-1pound,,,Japan
denso (3297) sk20r11 iridium spark plug pack of 1,https://www.amazon.com/Denso-SK20R11-Iridium-Spark-Plug/dp/B0012Q4IPY/ref=sr_1_36?dchild=1&keywords=Denso&qid=1633503370&sr=8-36,B0012Q4IPY,Denso,spark plug,9.29,0-50$,78,725,0.061195739426009,,9008091180,0.011,0-1pound,3.35 x 0.98 x 0.98 inches,1-50sq.inch,China
denso (3381) k20hr-u11 traditional spark plug pack of 1,https://www.amazon.com/Denso-K20HR-U11-Traditional-Spark-Plug/dp/B0012Q4H96/ref=sr_1_45?dchild=1&keywords=Denso&qid=1633503392&sr=8-45,B0012Q4H96,Denso,spark plug,5.6,0-50$,40,224,0.018907373284726,"Z4,Z4,Z4,Z4,Z4,X5,X5",30637385,0.1,0-1pound,,,China
denso  3461 iridium long life spark plugs -- sxu22hcr11s ----- 4 pcsnew,https://www.amazon.com/DENSO-IRIDIUM-Spark-Plugs-SXU22HCR11S/dp/B00NBBF48S/ref=sr_1_68?dchild=1&keywords=Denso&qid=1633503597&sr=8-68,B00NBBF48S,Denso,spark plug,36,0-50$,149,5364,0.452764063836019,,,0.000625,0-1pound,3.62 x 3.84 x 0.96 inches,1-50sq.inch,
denso (3490) fxe20he11c spark plug,https://www.amazon.com/Denso-3490-FXE20HE11C-Spark-Plug/dp/B00NPZS2FC/ref=sr_1_72?dchild=1&keywords=Denso&qid=1633503597&sr=8-72,B00NPZS2FC,Denso,spark plug,14.99,0-50$,30,450,0.037983562402351,,,0.049875,0-1pound,,,Japan
denso (4504) pk20tt spark plugs pack of 4,https://www.amazon.com/Denso-PK20TT-Spark-Plugs-Pack/dp/B005BQZNJ6/ref=sr_1_79?dchild=1&keywords=Denso&qid=1633503597&sr=8-79,B005BQZNJ6,Denso,spark plug,13.39,0-50$,30,402,0.033931982412767,FBA_4504-4,,0.11,0-1pound,,,
denso (3492) dxe22hqr-d11s spark plug,https://www.amazon.com/Denso-3492-DXE22HQR-D11S-Spark-Plug/dp/B00NPZS8LK/ref=sr_1_80?dchild=1&keywords=Denso&qid=1633503597&sr=8-80,B00NPZS8LK,Denso,spark plug,17.94,0-50$,41,736,0.062124226506956,,"122905A2A01, 122905A2A02, 122905B0Y01, 122905B0Y02",0.09,0-1pound,,,Japan
denso (5344) ikh20 iridium power spark plug (pack of 1),https://www.amazon.com/Denso-IKH20-Iridium-Power-Spark/dp/B000CJ46HW/ref=sr_1_83?dchild=1&keywords=Denso&qid=1633503628&sr=8-83,B000CJ46HW,Denso,spark plug,8.43,0-50$,98,826,0.069720938987426,,DENS7,0.11,0-1pound,4 x 1 x 1 inches,1-50sq.inch,China
denso (5312) ik27 iridium power spark plug (pack of 1),https://www.amazon.com/Denso-IK27-Iridium-Power-Spark/dp/B000CIY4FM/ref=sr_1_96?dchild=1&keywords=Denso&qid=1633503628&sr=8-96,B000CIY4FM,Denso,spark plug,11.2,0-50$,30,336,0.028361059927089,Spark Plug,DENS7,0.11,0-1pound,5 x 1 x 1 inches,1-50sq.inch,China
denso 3297 spark plug,https://www.amazon.com/Denso-3297-Spark-Plug/dp/B000FIX2V6/ref=sr_1_97?dchild=1&keywords=Denso&qid=1633503628&sr=8-97,B000FIX2V6,Denso,spark plug,8.27,0-50$,30,248,0.020933163279518,IRD LONG LIFE SPK PLG,,0.09,0-1pound,,,USA
4 pcs new -- denso  5343 iridium power spark plugs -- ikh16,https://www.amazon.com/DENSO-IRIDIUM-Power-Spark-IKH16/dp/B00TQNQ3KS/ref=sr_1_100?dchild=1&keywords=Denso&qid=1633503674&sr=8-100,B00TQNQ3KS,Denso,spark plug,30.95,0-50$,118,3652,0.308257710874187,,NISSAN%224011HC1B|NISSAN%224018H314|NISSAN%224018H315|NISSAN%224018H316|RENAULT%9636415880,0.48125,0-1pound,3.62 x 3.84 x 0.96 inches,1-50sq.inch,
denso (3426) fk20hr-11 iridium long life spark plug pack of 1,https://www.amazon.com/Denso-FK20HR-11-Iridium-Long-Spark/dp/B002FOF1QW/ref=sr_1_103?dchild=1&keywords=Denso&qid=1633503674&sr=8-103,B002FOF1QW,Denso,spark plug,13.79,0-50$,35,483,0.04076902364519,"ILX,ILX,Civic,Civic,Civic,Civic,Civic,Civic,Civic,Civic,Insight,Insight,Insight,Insight,Insight,Insight,Insight,Insight,Insight,Insight,Insight,Insight,Insight,Insight,RX 350,RX 350,RX 350,RX 350,RX 350,RX 350,RX 350,RX 350,RX 350,RX 350,RX 350,RX 350,ES 350,ES 350,ES 350,ES 350,ES 350,ES 350,ES 350,ES 350,ES 350,RX 450h,RX 450h,RX 450h,RX 450h,RX 450h,RX 450h,Camry,Camry,Camry,Camry,Camry,Camry,Camry,Camry,Camry,Camry,Camry,Camry,Camry,Camry,Camry,Camry,Camry,Camry,Camry,Camry,Camry,Camry,Camry,Sienna,Sienna,Sienna,Sienna,Sienna,Sienna,Sienna,Sienna,Sienna,Sienna,Sienna,Sienna,Sienna,Sienna,Sienna,Sienna,Sienna,Sienna,Sienna,Sienna,Sienna,Sienna,Sienna,Sienna,Sienna,Sienna,Sienna,Sienna,Sienna,Sienna,Sienna,Sienna,Sienna,Sienna,Sienna,Sienna,Sienna,Avalon,Avalon,Avalon,Avalon,Avalon,Avalon,Avalon,Avalon,Avalon,Avalon,Avalon,Avalon,Avalon,Avalon,Avalon,Avalon,Avalon,Avalon,Avalon,Avalon,Avalon,Avalon,Avalon,Avalon,Avalon,Avalon,Highlander,Highlander,Highlander,Highlander,Highlander,Highlander,Highlander,Highlander,Highlander,Highlander,Highlander,Highlander,Highlander,Highlander,Highlander,Highlander,Highlander,Highlander,Highlander,Highlander,Highlander,Highlander,Highlander,Highlander,Highlander,Highlander,Highlander,RAV4,RAV4,RAV4,RAV4,RAV4,RAV4,RAV4,RAV4,RAV4,RAV4,RAV4,Venza,Venza,Venza,Venza,Venza,Venza,Venza,Venza,Venza,Venza,Venza,Venza,Venza,S60,S60,S60,S60,S60,S60,XC90,XC90,XC90,XC90,S80,S80,S80,S80,S80,S80,XC70,XC70,XC70,XC70,XC70,XC70,XC60,XC60,XC60,XC60,XC60,XC60,XC60,XC60,XC60,Legacy,Legacy,Legacy,Outback,Outback,Outback,Tribeca,Tribeca,Avalon*:*228",415237010,0.11,0-1pound,3.62 x 0.98 x 0.98 inches,1-50sq.inch,China
denso  3324 iridium long life spark plugs -- sk16r11 ----- 4 pcs new,https://www.amazon.com/DENSO-Iridium-Spark-Plugs-SK16R11/dp/B00LVBZMFU/ref=sr_1_105?dchild=1&keywords=Denso&qid=1633503674&sr=8-105,B00LVBZMFU,Denso,spark plug,35.32,0-50$,95,3355,0.283188559688636,,,0.09,0-1pound,3.62 x 3.84 x 0.96 inches,1-50sq.inch,
denso 3444 spark plug,https://www.amazon.com/Denso-3444-Spark-Plug/dp/B002FOO8JS/ref=sr_1_106?dchild=1&keywords=Denso&qid=1633503674&sr=8-106,B002FOO8JS,Denso,spark plug,11.18,0-50$,30,335,0.028276652010639,IRD LONG LIFE SPK PLG,KF0120490B,0.000625,0-1pound,,,China
denso (4704) ikh20tt iridium tt spark plug (pack of 1),https://www.amazon.com/Denso-IKH20TT-Iridium-Spark-Plug/dp/B00TPU973M/ref=sr_1_112?dchild=1&keywords=Denso&qid=1633503674&sr=8-112,B00TPU973M,Denso,spark plug,11.16,0-50$,60,670,0.056553304021278,Spark Plug,DENS7,0.1,0-1pound,3.66 x 0.98 x 0.98 inches,1-50sq.inch,USA
denso (5304) ik20 iridium power spark plug (pack of 1),https://www.amazon.com/Denso-IK20-Iridium-Power-Spark/dp/B000M6UR82/ref=sr_1_117?dchild=1&keywords=Denso&qid=1633503789&sr=8-117,B000M6UR82,Denso,spark plug,8.99,0-50$,23,207,0.017472438705081,Iridium Spark Plug - IK20,DENS7,0.09,0-1pound,,,China
denso (3297) sk20r11 spark plugs pack of 4,https://www.amazon.com/Denso-SK20R11-Spark-Plugs-Pack/dp/B005BE5GG8/ref=sr_1_119?dchild=1&keywords=Denso&qid=1633503789&sr=8-119,B005BE5GG8,Denso,spark plug,30.06,0-50$,137,4118,0.347591799939733,Iridium Spark Plugs,"3297, 90919-01220, Denso # SK20R11 3297, Iridium Spark Plug, SK20R11 3297",0.1,0-1pound,3.4 x 0.8 x 0.6 inches,1-50sq.inch,
denso (3377) skj20dr-m11 iridium spark plug pack of 1,https://www.amazon.com/Denso-SKJ20DR-M11-Iridium-Spark-Plug/dp/B0012Q86A2/ref=sr_1_131?dchild=1&keywords=Denso&qid=1633503789&sr=8-131,B0012Q86A2,Denso,spark plug,11.04,0-50$,36,397,0.033509942830518,"RSX,MDX,MDX,MDX,RL,RL,RL,RL,TSX,TSX,TSX,TL,TL,TL,TL,TL,Accord,Accord,Accord,Accord,Accord,Accord,Accord,Accord,CR-V,CR-V,CR-V,CR-V,Element,Element,Element,Element,Element,Element,RSX,RSX,RSX,RSX,RL,TSX,TSX,TL,TL,Civic,Civic,Civic,Civic,Accord,Accord,Accord,Accord,Accord,Accord,Accord,Accord,Accord,CR-V,CR-V,CR-V,CR-V,Element,Element,Element*:*63",12290-PNA-0040,0.09,0-1pound,3.35 x 0.98 x 0.98 inches,1-50sq.inch,China
denso  5304 iridium power spark plugs -- ik20 --- 6 pcsnew --,https://www.amazon.com/Denso-IRIDIUM-Power-Spark-IK20/dp/B00TQMTAU4/ref=sr_1_143?dchild=1&keywords=Denso&qid=1633503859&sr=8-143,B00TQMTAU4,Denso,spark plug,36.3,0-50$,176,6389,0.539282178196929,,,,,,,
denso  3417 iridium long life spark plugs - sk16hr11-4 pcs new,https://www.amazon.com/DENSO-3417-Iridium-Spark-Plugs/dp/B00LVJ0VM6/ref=sr_1_147?dchild=1&keywords=Denso&qid=1633503970&sr=8-147,B00LVJ0VM6,Denso,spark plug,39.48,0-50$,48,1895,0.159953001672121,FBA_3417,,0.01,0-1pound,3.62 x 3.84 x 0.96 inches,1-50sq.inch,
4 new denso iridium ik16 spark plugs  5303,https://www.amazon.com/DENSO-Iridium-IK16-Spark-Plugs/dp/B0032YE1JM/ref=sr_1_167?dchild=1&keywords=Denso&qid=1633504014&sr=8-167,B0032YE1JM,Denso,spark plug,24.06,0-50$,25,602,0.0508135657027,FBA_IK16,,0.4625,0-1pound,,,
denso  3377 iridium platinum power pack spark plugs -- skj20dr-m11 ----- 4 pcs new,https://www.amazon.com/DENSO-IRIDIUM-PLATINUM-Power-SKJ20DR-M11/dp/B00LVF6NOK/ref=sr_1_170?dchild=1&keywords=Denso&qid=1633504014&sr=8-170,B00LVF6NOK,Denso,spark plug,40.3,0-50$,30,1209,0.102049170987649,,,0.01,0-1pound,3.62 x 3.84 x 0.96 inches,1-50sq.inch,
denso -sk20hr11- iridium platinum power pack spark plugs -  3421-4 pcs new,https://www.amazon.com/DENSO-SK20HR11-IRIDIUM-PLATINUM-power/dp/B00PD6EWPU/ref=sr_1_196?dchild=1&keywords=Denso&qid=1633504134&sr=8-196,B00PD6EWPU,Denso,spark plug,32.69,0-50$,43,1406,0.118677530528233,FBA_3421,,0.48125,0-1pound,3.62 x 3.84 x 0.96 inches,1-50sq.inch,
denso (5303) ik16 iridium power spark plug (pack of 1),https://www.amazon.com/Denso-IK16-Iridium-Power-Spark/dp/B000CJ048W/ref=sr_1_200?dchild=1&keywords=Denso&qid=1633504134&sr=8-200,B000CJ048W,Denso,spark plug,7.31,0-50$,30,219,0.018485333702477,Iridium Spark Plug - IK16,DENS7,0.11,0-1pound,3.35 x 0.98 x 0.98 inches,1-50sq.inch,China
